ID,Timestamp,User,Text,Hashtag,Retweets,Likes,Replies,Source,Location,Verified_Account,Followers,Following
2.62871E+17,2012-10-29 10:59:12+00:00,tomatoberacun,@HananiHamzah @iltizamjamhor yup..fantasy premier league..nk nyebok gk.hehe :-),,0,0,0,"<a href=""http://twitter.com/download/android"" rel=""nofollow"">Twitter for Android</a>",Malaysia,False,410,594
2.63084E+17,2012-10-30 01:05:48+00:00,_ConorElliott,"Just checked and I'm 120,769th out of 2,454,136 on Fantasy Premier League #TopManager",['TopManager'],0,0,0,"<a href=""http://blackberry.com/twitter"" rel=""nofollow"">Twitter for BlackBerry®</a>","South Shields, England",False,228,1007
2.63091E+17,2012-10-30 01:31:58+00:00,zal_bhizut,@sport7trans7 gimana cara bikin fantasy premier league?? saya udah bikin kok tdk bisa ke buka yah...,,0,0,0,"<a href=""http://twitter.com"" rel=""nofollow"">Twitter Web Client</a>",Kota Bogor,False,251,721
2.63615E+17,2012-10-31 12:16:42+00:00,lesmanayudha,I scored 64 points in Gameweek 9 on Fantasy Premier League http://t.co/I4BpamYm,,0,0,0,"<a href=""https://dev.twitter.com/docs/tfw"" rel=""nofollow"">Twitter for Websites</a>",,False,278,371
2.63769E+17,2012-10-31 22:26:01+00:00,Ibrahim2raki,"Oh God - does a fantasy league have to be a Premier League one?!  Our work one uses all competition games. It's pretty good.""",,0,0,0,"<a href=""http://blackberry.com/twitter"" rel=""nofollow"">Twitter for BlackBerry®</a>","Gombe State, Nigeria",False,985,397
2.63999E+17,2012-11-01 13:41:28+00:00,LHMSA,I scored 42 points in Gameweek 9 on Fantasy Premier League http://t.co/36tIinhw,,0,0,0,"<a href=""https://dev.twitter.com/docs/tfw"" rel=""nofollow"">Twitter for Websites</a>",Trafford Road's,False,25,21
2.64398E+17,2012-11-02 16:04:49+00:00,fachrichaplin,"@sport7trans7 slth""visit fantasy premier league"" klik pa lg Min,,?? Tolong d'balas ya min. Gk bsa2 nc mau Join...",,0,0,0,"<a href=""http://blackberry.com/twitter"" rel=""nofollow"">Twitter for BlackBerry®</a>",BANJARMASIN ,False,153,105
2.64474E+17,2012-11-02 21:07:38+00:00,fantasysportify,West Ham v Man City (English Premier League): Starting in 0 days 20 hrs 22 min. Fantasy Sportify ... http://t.co/NkhI9mZD #fantasysports,['fantasysports'],0,0,0,"<a href=""http://twitterfeed.com"" rel=""nofollow"">twitterfeed</a>",Sydney Australia,False,336,35
2.64515E+17,2012-11-02 23:52:33+00:00,rizkiaajii,Mandi ahhh abis itu maen PES / otak-atik Fantasy premier league (y),,0,0,0,"<a href=""http://www.towerheist.net/"" rel=""nofollow"">Tower Heist Takeover, BlackBerry</a>",Jakarta Capital Region,False,587,450
2.6453E+17,2012-11-03 00:51:25+00:00,ANT1MADRIDISTA,Tips DS: Fantasy Premier League Pekan ke-10: Laga Tottenham Hotspur kontra Wigan Athletic diprediksi akan mendul... http://t.co/XBQOZl83,,0,0,0,"<a href=""http://twitterfeed.com"" rel=""nofollow"">twitterfeed</a>",UNKNOWN,False,70,77
2.64803E+17,2012-11-03 18:56:37+00:00,mojo_geo,“@_fantasypremier: My Saturday in #fpl has been ______?” NAKED,['fpl'],0,0,0,"<a href=""http://twitter.com/download/iphone"" rel=""nofollow"">Twitter for iPhone</a>",Mumbai,False,758,625
2.64804E+17,2012-11-03 19:00:55+00:00,MOvaisK,"@_fantasypremier My saturday in #fpl has been below average. :(
25 points, Morison, Suarez &amp; Ba/Sterling to go.",['fpl'],0,0,0,"<a href=""http://mobile.twitter.com"" rel=""nofollow"">Mobile Web</a>","Thane, India",False,86,325
2.64993E+17,2012-11-04 07:32:10+00:00,FPL_Makassar,"tabe bantu RT, yg mau ikt meramaikan Fantasy Premier League Makassar | join FPL_Makassar : 2462963-532218 @ForumBTP @lelakibugis @pagombal_",,0,0,0,"<a href=""http://twitter.com"" rel=""nofollow"">Twitter Web Client</a>",Makassar,False,34,59
2.6504E+17,2012-11-04 10:38:19+00:00,raffradzuan,I scored 73 points in Gameweek 3 on Fantasy Premier League http://t.co/3Aw51LWX,,0,0,0,"<a href=""https://dev.twitter.com/docs/tfw"" rel=""nofollow"">Twitter for Websites</a>",Kuala Lumpur,False,1866,1335
2.65146E+17,2012-11-04 17:40:17+00:00,ditopramu,Fantasy Premier League minggu ini bakbuk :'|,,0,0,0,"<a href=""http://blackberry.com/twitter"" rel=""nofollow"">Twitter for BlackBerry®</a>",,False,433,382
2.65293E+17,2012-11-05 03:23:12+00:00,matthewsemisch,"My Fantasy Premier League team is doing exceptionally well, considering I hadn't checked it in a month before now.",,0,0,0,"<a href=""http://twitter.com"" rel=""nofollow"">Twitter Web Client</a>","Bottineau, N.D.",False,717,157
2.6537E+17,2012-11-05 08:29:08+00:00,YoUsSiF98,I scored 52 points in Gameweek 10 on Fantasy Premier League http://t.co/7XdDyedZ,,0,0,0,"<a href=""https://dev.twitter.com/docs/tfw"" rel=""nofollow"">Twitter for Websites</a>","Abu Dhabi, United Arab Emirate",False,1372,502
2.65382E+17,2012-11-05 09:16:41+00:00,wakawakaeee_69,Kawan kawan mari kita bermain Fantasy Premier League .,,0,0,0,"<a href=""http://twitter.com"" rel=""nofollow"">Twitter Web Client</a>",Around the world ,False,346,395
2.65466E+17,2012-11-05 14:50:51+00:00,siabay,cc @sisubchan @eqymuhammad RT @putrayudatama: Kena demam Fantasy Premier League #telat,['telat'],0,0,0,"<a href=""http://www.echofon.com/"" rel=""nofollow"">Echofon</a>",safar. ,False,1060,1345
2.65798E+17,2012-11-06 12:48:59+00:00,_dearsyahmi,I scored 58 points in Gameweek 10 on Fantasy Premier League http://t.co/pzQnPyND,,0,0,0,"<a href=""https://dev.twitter.com/docs/tfw"" rel=""nofollow"">Twitter for Websites</a>",Kuala Lumpur,False,499,243
2.65809E+17,2012-11-06 13:32:02+00:00,DaveWood7,I scored 39 points in Gameweek 10 on Fantasy Premier League http://t.co/dz4qHvQo,,0,0,0,"<a href=""https://dev.twitter.com/docs/tfw"" rel=""nofollow"">Twitter for Websites</a>",A pool somewhere ,False,157,358
2.65891E+17,2012-11-06 18:59:21+00:00,TuahaSohail,#Fantasy Premier League gameweek 10 Review #Football #LFC #MUFC #CFC #MCFC #AFC #RVP #Fellaini  http://t.co/WNm1ZzDe @SportsBlogRT,"['Fantasy', 'Football', 'LFC', 'MUFC', 'CFC', 'MCFC', 'AFC', 'RVP', 'Fellaini']",1,0,0,"<a href=""http://twitter.com"" rel=""nofollow"">Twitter Web Client</a>",Islamabad,False,1175,872
2.66183E+17,2012-11-07 14:19:05+00:00,hilmiadm,I scored 36 points in Gameweek 10 on Fantasy Premier League http://t.co/IV9EXDhb,,0,0,0,"<a href=""https://dev.twitter.com/docs/tfw"" rel=""nofollow"">Twitter for Websites</a>",,False,327,109
2.66233E+17,2012-11-07 17:39:31+00:00,FPLlive,"@_fantasypremier I've made a new Fantasy Premier League app for Windows 8. If you'd check it out, that'd be great! http://t.co/MaaNcWpD",,0,0,0,"<a href=""http://twitter.com"" rel=""nofollow"">Twitter Web Client</a>",The Goal Mouth,False,78,56
2.66325E+17,2012-11-07 23:43:01+00:00,frhnmrray,masih belum terlambatkan kalau nak start main fantasy premier league ?,,0,0,0,"<a href=""http://twitter.com"" rel=""nofollow"">Twitter Web Client</a>",,False,705,385
2.66537E+17,2012-11-08 13:45:39+00:00,Rynpahlevi,fantasy premier league,,0,0,1,"<a href=""http://www.echofon.com/"" rel=""nofollow"">ccss3344</a>",Anfield mepet dikit~,False,435,304
2.66596E+17,2012-11-08 17:39:56+00:00,ghenekewe,Fantasy Premier League – Top 5 Captains (Week 11): Robin van Persie has enjoyed quite the start at Manchester Un... http://t.co/7vsGqUPE,,0,0,0,"<a href=""http://twitterfeed.com"" rel=""nofollow"">twitterfeed</a>",Earth,False,841,874
2.66649E+17,2012-11-08 21:11:07+00:00,CoachMikeJG,Shame this isn't a Premier League match cause I need the fantasy points Defoe would be getting here ha! #europaleague,['europaleague'],0,0,0,"<a href=""http://twitter.com"" rel=""nofollow"">Twitter Web Client</a>",United Kingdom,False,222,137
2.66684E+17,2012-11-08 23:29:31+00:00,fantasysportify,Arsenal v Fulham (English Premier League): Starting in 1 days 15 hrs 30 min. Fantasy Sportify on ... http://t.co/wrbfsIUY #fantasysports,['fantasysports'],0,0,0,"<a href=""http://twitterfeed.com"" rel=""nofollow"">twitterfeed</a>",Sydney Australia,False,336,35
2.66884E+17,2012-11-09 12:44:44+00:00,kop_that,MAIL - Fantasy Football Premier League weekend preview: November 10-11 http://t.co/OdYbZo6f #LFC,['LFC'],0,0,0,"<a href=""http://erased195687.com"" rel=""nofollow"">erased195687</a>",Cambridge,False,17433,3228
2.66886E+17,2012-11-09 12:52:00+00:00,EyefootballNews,"Fantasy Football Premier League weekend preview: November 10-11: After some thrilling mid-week European action, ... http://t.co/0ZJLBHQu",,0,0,0,"<a href=""http://twitterfeed.com"" rel=""nofollow"">twitterfeed</a>",London,False,308,20
2.66891E+17,2012-11-09 13:12:35+00:00,Liverpoolpune,(LFCupdates) Fantasy Football Premier League weekend preview November 1011 (Daily Mail): After some thrilli... http://t.co/WlQBnvaS #lfc,['lfc'],0,0,0,"<a href=""http://twitterfeed.com"" rel=""nofollow"">twitterfeed</a>","Pune, India",False,1821,852
2.66892E+17,2012-11-09 13:17:09+00:00,WestHam_UPD,#whufc Fantasy Football Premier League weekend preview: November 10-11 http://t.co/WuUpqpdw | Daily Mail,['whufc'],0,0,0,"<a href=""http://twitterfeed.com"" rel=""nofollow"">twitterfeed</a>",,False,3411,2203
2.66893E+17,2012-11-09 13:18:32+00:00,TheFootyPortal,Fantasy Football Premier League weekend preview: November 10-11: After some thrilling mid-week European ac... http://t.co/7fRAmgRn #AVFC,['AVFC'],0,0,0,"<a href=""http://twitterfeed.com"" rel=""nofollow"">twitterfeed</a>",Worldwide,False,197,24
2.66957E+17,2012-11-09 17:35:56+00:00,FootballBuzz1,Fantasy Football Premier League weekend preview: November 10-11 http://t.co/nRDrdCH1,,0,0,0,"<a href=""http://www.1st-movers.com/"" rel=""nofollow"">AutoTweet Connector</a>",London,False,396,123
2.6696E+17,2012-11-09 17:45:22+00:00,FootballBuzz1,Fantasy Football Premier League weekend preview: November 10-11 http://t.co/NTS4yNEd,,0,0,0,"<a href=""http://www.1st-movers.com/"" rel=""nofollow"">AutoTweet Connector</a>",London,False,396,123
2.66991E+17,2012-11-09 19:48:06+00:00,JustFPL,Fantasy Premier League Tips: Get Gameweek 11 Tips and Help Save Real Oviedo http://t.co/A1RgbsdH,,0,0,0,"<a href=""https://dlvrit.com/"" rel=""nofollow"">dlvr.it</a>",Malaysia,False,835,71
2.66998E+17,2012-11-09 20:16:16+00:00,Ahmadbahy_Neuro,"@WhoScored where did ur awesome article ""fantasy premier league tipster"" go..i miss it :(",,0,0,0,"<a href=""http://www.nimbuzz.com"" rel=""nofollow"">Nimbuzz Mobile</a>",,False,290,675
2.67129E+17,2012-11-10 04:58:33+00:00,DONridhokk,I scored 33 points in Gameweek 10 on Fantasy Premier League http://t.co/z83OcMnc,,0,0,0,"<a href=""https://dev.twitter.com/docs/tfw"" rel=""nofollow"">Twitter for Websites</a>",,False,716,383
2.67151E+17,2012-11-10 06:24:35+00:00,AlexyDanz,Tips DS: Fantasy Premier League Pekan ke-11 - Manchester United berpeluang besar mencuri tiga poin dari Villa Park s... http://t.co/Uu9nOwBW,,0,0,0,"<a href=""http://www.hootsuite.com"" rel=""nofollow"">Hootsuite</a>",INDONESIA,False,2272,108
2.67172E+17,2012-11-10 07:48:30+00:00,Wqakasa,@sport7trans7  min cara registrasi premier league fantasy yang benar bagaimana ?,,0,0,0,"<a href=""http://twitter.com"" rel=""nofollow"">Twitter Web Client</a>","Yorozuya, 21+",False,358,68
2.672E+17,2012-11-10 09:38:45+00:00,Ariefcahyonoe,Fantasy Premier League Pekan ke-11 - Lifestyle - Tribun - Situs Berita Sepak Bola Terlengkap http://t.co/hJjfi2NE,,0,0,0,"<a href=""https://dev.twitter.com/docs/tfw"" rel=""nofollow"">Twitter for Websites</a>",Indonesia,False,307,5001
2.67247E+17,2012-11-10 12:45:38+00:00,Faktitius__,"@sport7trans7 di fantasy premier league.. cara login nya gimna sih min?? udah registrasi, tapi kok gk bisa login??",,0,0,0,"<a href=""http://twitter.com"" rel=""nofollow"">Twitter Web Client</a>",,False,398,139
2.6732E+17,2012-11-10 17:37:06+00:00,WanBombastic,I scored 13 points in Gameweek 11 on Fantasy Premier League http://t.co/k6wDsj78,,0,0,0,"<a href=""https://dev.twitter.com/docs/tfw"" rel=""nofollow"">Twitter for Websites</a>","Sungai Buloh, Selangor",False,235,270
2.67386E+17,2012-11-10 22:00:41+00:00,JakeBains,I scored 22 points in Gameweek 11 on Fantasy Premier League and my sick players have not played http://t.co/wSU1zVwa,,0,0,0,"<a href=""https://dev.twitter.com/docs/tfw"" rel=""nofollow"">Twitter for Websites</a>",West Mids,False,65,174
2.67409E+17,2012-11-10 23:31:28+00:00,Banabale,anyone to invite me to thier fantasy premier league,,0,0,0,"<a href=""http://twitter.com"" rel=""nofollow"">Twitter Web Client</a>",Ghana,False,528,942
2.67441E+17,2012-11-11 01:37:15+00:00,IanConor,Dreading to see how I'm doing in the fantasy premier league,,0,0,0,"<a href=""http://twitter.com"" rel=""nofollow"">Twitter Web Client</a>",Dublin,False,199,654
2.67446E+17,2012-11-11 01:59:38+00:00,ddksptraaa,"Indonesia lagi pada demam Fantasy Premier League karna Sport7 .. Dan ayo yg punya gabung di merah Putih League, Kode : 2456393-533034",,0,0,1,"<a href=""http://www.writelonger.com"" rel=""nofollow"">Write Longer</a>",Tangerang - Bumiayu,False,541,337
2.6757E+17,2012-11-11 10:11:48+00:00,komanksu,Penyesalan kenapa fellaini nggak ada di line up fantasy premier league,,0,0,0,"<a href=""http://ubersocial.com"" rel=""nofollow"">UberSocial for BlackBerry</a>","Bali, Indonesia",False,562,597
2.67576E+17,2012-11-11 10:33:01+00:00,ripktr,@phoebecharlton2 Can I get an RT or shout-out for the best Tips you could get for #Fantasy Premier League! Thnx for the follow!,['Fantasy'],0,0,0,"<a href=""http://twitter.com/download/iphone"" rel=""nofollow"">Twitter for iPhone</a>",🇩🇪,False,8517,472
2.67579E+17,2012-11-11 10:46:32+00:00,dundoen,I scored 26 points in Gameweek 11 on Fantasy Premier League http://t.co/0slClMnz,,0,0,0,"<a href=""https://dev.twitter.com/docs/tfw"" rel=""nofollow"">Twitter for Websites</a>",Bandung ,False,158,219
2.67698E+17,2012-11-11 18:38:51+00:00,MisterBabs_,Why Hazard no score? RT @premierleague: Any Fantasy Premier League managers out there got any Gameweek 11 queries for The Scout?,,0,0,0,"<a href=""http://ubersocial.com"" rel=""nofollow"">UberSocial for iPhone</a>",,False,1192,1369
2.6781E+17,2012-11-12 02:06:01+00:00,raffradzuan,I scored 53 points in Gameweek 10 on Fantasy Premier League http://t.co/DEJEvGrU,,0,0,0,"<a href=""https://dev.twitter.com/docs/tfw"" rel=""nofollow"">Twitter for Websites</a>",Kuala Lumpur,False,1866,1335
2.67818E+17,2012-11-12 02:36:25+00:00,truststu,Anyone wants to join my fantasy premier soccer league? Ill tweet the code if so... Its really fun.,,0,0,0,"<a href=""http://blackberry.com/twitter"" rel=""nofollow"">Twitter for BlackBerry®</a>",,False,1548,851
2.67911E+17,2012-11-12 08:43:56+00:00,FPLman,@_fantasypremier 71points. Ranked 2.5k in the world. #GoodGameWeek #FPL,"['GoodGameWeek', 'FPL']",0,0,0,"<a href=""http://twitter.com"" rel=""nofollow"">Twitter Web Client</a>",Sverige,False,467,98
2.67928E+17,2012-11-12 09:52:00+00:00,premierleague,This week's Fantasy Premier League Dream Team features three players from one team. Do you know which one? All will be revealed... #FPL,['FPL'],27,4,31,"<a href=""http://twitter.com"" rel=""nofollow"">Twitter Web Client</a>",,False,40007544,83
2.68115E+17,2012-11-12 22:16:39+00:00,travisr1989,@nohair79 what happened on fantasy premier league? You have fallen off the pace :),,0,0,1,"<a href=""http://twitter.com/download/iphone"" rel=""nofollow"">Twitter for iPhone</a>","Reading, England",False,139,115
2.68467E+17,2012-11-13 21:34:47+00:00,campnou_1999,"Fantasy Premier League Tips: Trials and Tribulations of Gameweek 11; Tips For Gameweek 12: 
Proper center forwar... http://t.co/1iRgYMzE",,0,0,0,"<a href=""http://twitterfeed.com"" rel=""nofollow"">twitterfeed</a>","Manado City, Indonesia",False,80,322
2.68467E+17,2012-11-13 21:34:47+00:00,campnou_1999,"Fantasy Premier League Tips: Trials and Tribulations of Gameweek 11; Tips For Gameweek 12: 
Proper center forwar... http://t.co/q1ZHwVX8",,0,0,0,"<a href=""http://twitterfeed.com"" rel=""nofollow"">twitterfeed</a>","Manado City, Indonesia",False,80,322
2.68681E+17,2012-11-14 11:43:18+00:00,JustFPL,Fantasy Premier League Tips: Midfielders Gameweek 12 http://t.co/lH2wrNGJ,,0,0,0,"<a href=""https://dlvrit.com/"" rel=""nofollow"">dlvr.it</a>",Malaysia,False,835,71
2.68735E+17,2012-11-14 15:18:43+00:00,ArnamD,"http://t.co/ZJOY938F ,pilih fantasy premier league ,lalu registrasi kode u\Sport 7 league adalah (kode:2443190_525708)",,0,0,0,"<a href=""http://blackberry.com/twitter"" rel=""nofollow"">Twitter for BlackBerry®</a>",Jakarta,False,81,100
2.68763E+17,2012-11-14 17:11:07+00:00,oluwa_tobbie,???RT @TwiitManiac Ode leleyi ni?  RT @oluwa_tobbie: Already aheadRT @TwiitManiac Fantasy premier league. Head to Head. Leggo!!,,0,0,0,"<a href=""https://about.twitter.com/products/tweetdeck"" rel=""nofollow"">TweetDeck</a>",,False,247,162
2.68881E+17,2012-11-15 00:58:51+00:00,AzrBen,"Yg main Fantasy Premier League, gabung yuk di private league, kode : 1264615-538461, start dari GW 12 , @BuhanBanjar",,1,0,0,"<a href=""http://getscopeapp.com"" rel=""nofollow"">Scope App</a>","Sgt,Smd,Bpp,Bjm",False,396,612
2.69078E+17,2012-11-15 14:04:25+00:00,miradzi,Wihhh skuad saya menang di pertandingan pertama \(´▽`)/ @Sport7_League #Fantasy Premier League.,['Fantasy'],0,0,0,"<a href=""http://ubersocial.com"" rel=""nofollow"">UberSocial for BlackBerry</a>","Martapura, Kalimantan Selatan,",False,285,181
2.69079E+17,2012-11-15 14:06:09+00:00,Senyor97,My first week in fantasy premier league http://t.co/ZvZCyQz7,,0,0,0,"<a href=""http://instagram.com"" rel=""nofollow"">Instagram</a>","Al Rayyan, Qatar",False,76,129
2.69728E+17,2012-11-17 09:04:32+00:00,AimanHasrin,Huih! Lupa nak tukar fantasy Premier League.,,0,0,1,"<a href=""http://twitter.com"" rel=""nofollow"">Twitter Web Client</a>",Mancunian,False,487,190
2.69819E+17,2012-11-17 15:05:39+00:00,tarmin86,I scored 4 points in Gameweek 12 on Fantasy Premier League http://t.co/Qr5L7vIm,,0,0,0,"<a href=""https://dev.twitter.com/docs/tfw"" rel=""nofollow"">Twitter for Websites</a>","Miri, Sarawak",False,11,21
2.69843E+17,2012-11-17 16:41:19+00:00,CHUCK_E_,dreadful week for premier league fantasy oh wow.,,0,1,1,"<a href=""http://blackberry.com/twitter"" rel=""nofollow"">Twitter for BlackBerry®</a>","Baltimore, MD",False,216,1232
2.69845E+17,2012-11-17 16:50:30+00:00,JTurnC,Good week in Fantasy Premier League for me.,,0,0,0,"<a href=""http://twitter.com"" rel=""nofollow"">Twitter Web Client</a>",Bristol,False,286,586
2.69845E+17,2012-11-17 16:52:12+00:00,NabilCeraf,"Tevez score,Suarez score. Pitih la Premier League Fantasy aku! Haha! xD",,0,0,1,"<a href=""https://about.twitter.com/products/tweetdeck"" rel=""nofollow"">TweetDeck</a>",,False,560,305
2.69849E+17,2012-11-17 17:08:08+00:00,pacey_patrick,"The #FA Fantasy Premier League app is awful, just doesn't work. Period.",['FA'],0,0,0,"<a href=""http://twitter.com"" rel=""nofollow"">Twitter Web Client</a>","Dewsbury, West Yorkshire",False,718,1155
2.69854E+17,2012-11-17 17:26:48+00:00,o_macneil,I scored 52 points in Gameweek 12 on Fantasy Premier League so far http://t.co/zkra3Zt,,0,0,0,"<a href=""https://dev.twitter.com/docs/tfw"" rel=""nofollow"">Twitter for Websites</a>","glasgow, UK",False,56,66
2.69867E+17,2012-11-17 18:16:08+00:00,bhaavv,I scored 80 points in Gameweek 12 on Fantasy Premier League http://t.co/ENN4GYyw,,0,0,1,"<a href=""https://dev.twitter.com/docs/tfw"" rel=""nofollow"">Twitter for Websites</a>",,False,72,128
2.69868E+17,2012-11-17 18:23:19+00:00,rizkyrunners,I scored 67 points in Gameweek 12 on Fantasy Premier League http://t.co/QTtI4j3s,,0,0,0,"<a href=""http://twitter.com/download/android"" rel=""nofollow"">Twitter for Android</a>",Riau,False,930,1261
2.69872E+17,2012-11-17 18:39:02+00:00,AzamZolkifli88,I scored 42 points in Gameweek 12 on Fantasy Premier League http://t.co/i8NBrhL6,,0,0,0,"<a href=""https://dev.twitter.com/docs/tfw"" rel=""nofollow"">Twitter for Websites</a>",KLM/KDH/MY,False,598,732
2.69886E+17,2012-11-17 19:32:59+00:00,Amir88Hafiz,I scored 68 points in Gameweek 12 on Fantasy Premier League http://t.co/XiLeKWZ6,,0,0,0,"<a href=""https://dev.twitter.com/docs/tfw"" rel=""nofollow"">Twitter for Websites</a>",Damansara,False,148,175
2.69915E+17,2012-11-17 21:27:53+00:00,cgustave,I scored 53 points in Gameweek 12 on Fantasy Premier League http://t.co/CbYfBpX8,,0,0,0,"<a href=""https://dev.twitter.com/docs/tfw"" rel=""nofollow"">Twitter for Websites</a>",,False,123,519
2.6994E+17,2012-11-17 23:09:44+00:00,sonic1972,Glad i made the last minute (c) switch from RVP to Tevez #fpl @_fantasypremier,['fpl'],0,0,1,"<a href=""http://erased972529_fzyRVGtcON.com"" rel=""nofollow"">erased972529_fzyRVGtcON</a>",,False,111,234
2.69978E+17,2012-11-18 01:40:44+00:00,adtyapams,suarez menghasilkan mblong :))) RT @gemmblong: Gimana kbar fantasy premier league kalian minggu ini? Semoga tdk salah pilih pemain :D,,0,0,0,"<a href=""http://erased972529_fzyRVGtcON.com"" rel=""nofollow"">erased972529_fzyRVGtcON</a>",,False,882,647
2.7002E+17,2012-11-18 04:27:43+00:00,fantasysportify,West Ham v Stoke (English Premier League): Starting in 1 days 15 hrs 32 min. Fantasy Sportify on ... http://t.co/vd4urCW0 #fantasysports,['fantasysports'],0,0,0,"<a href=""http://twitterfeed.com"" rel=""nofollow"">twitterfeed</a>",Sydney Australia,False,336,35
2.70223E+17,2012-11-18 17:54:16+00:00,Ollie_Palmer,"All the premier league players know when I put them in my fantasy team, 'cos then they do bugger all.",,0,0,0,"<a href=""http://twitter.com"" rel=""nofollow"">Twitter Web Client</a>",Nottingham or Leeds,False,113,231
2.70283E+17,2012-11-18 21:51:26+00:00,LeeMall83,I scored 88 points in Gameweek 12 on Fantasy Premier League http://t.co/myJJSCtn,,0,0,0,"<a href=""https://dev.twitter.com/docs/tfw"" rel=""nofollow"">Twitter for Websites</a>",Huddersfield,False,130,319
2.70511E+17,2012-11-19 12:57:53+00:00,C7CBM,I scored 53 points on Fantasy Premier League http://t.co/8GmVz3Ms - 34 pts wasted on the bench &amp; wrong captain selection. Disaster!,,0,0,1,"<a href=""https://dev.twitter.com/docs/tfw"" rel=""nofollow"">Twitter for Websites</a>","Aberdeen, Scotland",False,335,826
2.7058E+17,2012-11-19 17:31:45+00:00,mySportBuzz2,New blog post: Fantasy Premier League Scout: Gameweek 12 review http://t.co/ExXtYCYT,,0,0,0,"<a href=""http://www.mysportbuzz.com/"" rel=""nofollow"">SportBuzz Network</a>",Nigeria,False,117,858
2.70642E+17,2012-11-19 21:39:16+00:00,Moqhris,Fantasy Premier League not working out for me at all and I started off so well *sigh*   #BPL,['BPL'],0,0,0,"<a href=""http://blackberry.com/twitter"" rel=""nofollow"">Twitter for BlackBerry®</a>",,False,187,156
2.70767E+17,2012-11-20 05:55:14+00:00,Peterium,"Fantasy Premier League! *Head-to-Head*
@mrpeetar (+56=222pts) @doctadensi (+44=213pts) -Kwani kumeendanga jea?  @sirdukke(+34=154pts) #FPL",['FPL'],0,0,1,"<a href=""http://store.ovi.com/content/256340"" rel=""nofollow"">Twitter for Nokia S40</a>","Nairobi, Kenya",False,2377,1953
2.70769E+17,2012-11-20 06:02:45+00:00,GlennRunnalls,I scored 46 points in Gameweek 12 on Fantasy Premier League http://t.co/XeQlIJPL,,0,0,0,"<a href=""https://dev.twitter.com/docs/tfw"" rel=""nofollow"">Twitter for Websites</a>","Tokai, Cape Town, South Africa",False,496,241
2.70796E+17,2012-11-20 07:49:29+00:00,anasParakkat,I scored 76 points in Gameweek 12 on Fantasy Premier League http://t.co/zyqgja2j,,0,0,0,"<a href=""https://dev.twitter.com/docs/tfw"" rel=""nofollow"">Twitter for Websites</a>",,False,51,97
2.70935E+17,2012-11-20 17:00:20+00:00,oisterr,@sport7trans7 @darisidrap  kok  gak bisa daftar fantasy premier league...?,,0,0,0,"<a href=""http://twitter.com"" rel=""nofollow"">Twitter Web Client</a>",INDONESIA,False,29,152
2.70943E+17,2012-11-20 17:32:00+00:00,NataliaDrew2,Take on Joe Hart's Fantasy Premier League Team.,,1,0,0,"<a href=""http://twitter.com"" rel=""nofollow"">Twitter Web Client</a>",,False,3,2
2.71385E+17,2012-11-21 22:48:55+00:00,FFAddicted,Fantasy Premier League - Dream Team (GW-12) | Fantasy Football Addict http://t.co/KOFL1gka,,0,0,0,"<a href=""http://www.facebook.com/twitter"" rel=""nofollow"">Facebook</a>",,False,239,88
2.71745E+17,2012-11-22 22:40:11+00:00,GoalBetting,"There's Real Money Fantasy Football action going on this weekend, Premier League, La Liga and Bundesliga plus more http://t.co/SnwdiSUd",,0,0,0,"<a href=""http://www.hootsuite.com"" rel=""nofollow"">Hootsuite</a>",,False,13114,36
2.71863E+17,2012-11-23 06:30:00+00:00,jonathan_eko,Fantasy Premier League,,0,0,0,"<a href=""http://twitter.com"" rel=""nofollow"">Twitter Web Client</a>",Distrik 14,False,867,248
2.71908E+17,2012-11-23 09:27:43+00:00,abhayabaya,RT @funguidefc: Fantasy Premier League Tips – Gameweek 13 http://t.co/87JhbBhg,,0,0,0,"<a href=""http://ubersocial.com"" rel=""nofollow"">UberSocial for BlackBerry</a>",Neverland,False,295,341
2.72002E+17,2012-11-23 15:39:59+00:00,nikarg,Guest Post: Fantasy Premier League Player Picks - Gameweek 13 http://t.co/aL1PE28v via @NMA_Blog @FantasyYirma @Mark_Jones86,,1,1,0,"<a href=""http://twitter.com"" rel=""nofollow"">Twitter Web Client</a>","London, UK",False,2305,1833
2.72288E+17,2012-11-24 10:38:24+00:00,fredoedo,"(terkadang) Fantasy Premier League membuat kita ""harus"" mendukung tim rival, apalagi jika mereka bermain dipartai home. Kamprettt!",,1,0,1,"<a href=""http://ubersocial.com"" rel=""nofollow"">UberSocial for BlackBerry</a>",,False,836,637
2.723E+17,2012-11-24 11:24:06+00:00,ryan_kw,"Ok, lupa ngatur pemain Fantasy Premier League.. ​(˘_˘'!|)",,0,0,0,"<a href=""http://ubersocial.com"" rel=""nofollow"">UberSocial for BlackBerry</a>",Pontianak,False,455,145
2.72351E+17,2012-11-24 14:49:39+00:00,jackojeka,"Come on RVP, score some goals........ because you're in my fantasy premier league team. hahahah!",,0,0,0,"<a href=""http://twitter.com"" rel=""nofollow"">Twitter Web Client</a>",,False,369,393
2.72395E+17,2012-11-24 17:45:06+00:00,uul_ulfiansyah,http://t.co/Zn3OIJ00.. Search aja di google RT @riopauleta: di situs apa?RT @uul_ulfiansyah: Gk da.. Yg ada maen fantasy premier league,,0,0,0,"<a href=""http://ubersocial.com"" rel=""nofollow"">UberSocial for BlackBerry</a>",Banda Aceh-Meulaboh-Liverpool,False,314,209
2.72556E+17,2012-11-25 04:22:59+00:00,JeremyOldy7,sudah sy gabung RT @BonaVenturaa_: gmn cara joinnya?RT @IerwanJohn: JOIN SMANDA LEAGUE 2492284-542968 buat Fantasy Premier League,,0,0,0,"<a href=""http://www.writelonger.com"" rel=""nofollow"">Write Longer</a>",Lombok-Indonesia,False,791,552
2.72722E+17,2012-11-25 15:23:29+00:00,WOIqbalMohd,Hancur point aku fantasy premier league minggu nie..gampang,,0,0,0,"<a href=""http://twitter.com"" rel=""nofollow"">Twitter Web Client</a>",,False,288,506
2.72763E+17,2012-11-25 18:05:38+00:00,mani_parhar,I scored 35 points in Gameweek 13 on Fantasy Premier League http://t.co/LxgsdweG,,0,0,0,"<a href=""https://dev.twitter.com/docs/tfw"" rel=""nofollow"">Twitter for Websites</a>",punjab,False,1476,829
2.72937E+17,2012-11-26 05:35:52+00:00,jinofhell,Low Scoring Fantasy Premier League Gameweek 13 Review http://t.co/ZaojpjMK #soccersouls,['soccersouls'],0,0,0,"<a href=""https://www.google.com/"" rel=""nofollow"">Google</a>","Coimbatore, India",False,330,392
2.72956E+17,2012-11-26 06:54:23+00:00,RajaNazmiDanial,"@Shyukor19AFC gua respect lu la bro, gila betei time2 exam dia leh layan fantasy premier league. haha",,0,0,1,"<a href=""http://twitter.com"" rel=""nofollow"">Twitter Web Client</a>","Taiping, Perak",False,96,77
2.72982E+17,2012-11-26 08:37:40+00:00,fabster__13,I scored 44 points in Gameweek 13 on Fantasy Premier League http://t.co/FmNYRjNB,,0,0,0,"<a href=""https://dev.twitter.com/docs/tfw"" rel=""nofollow"">Twitter for Websites</a>",Cape Town,False,162,296
2.73031E+17,2012-11-26 11:48:43+00:00,abhi_panorian,I scored 33 points in Gameweek 13 on Fantasy Premier League http://t.co/zLMzpchL,,0,0,0,"<a href=""https://dev.twitter.com/docs/tfw"" rel=""nofollow"">Twitter for Websites</a>","New Delhi, India",False,559,369
2.73103E+17,2012-11-26 16:38:13+00:00,Mehul_Naran,@34jordanmcd ganesh has more points on fantasy premier league than you! Hahahaha £unlucky,,0,0,1,"<a href=""http://blackberry.com/twitter"" rel=""nofollow"">Twitter for BlackBerry®</a>",,False,216,353
2.73125E+17,2012-11-26 18:02:55+00:00,hadiifarhann,Harap Beckham sign untuk qpr supaya aku boleh pick dia untuk fantasy premier league.,,0,0,2,"<a href=""http://twitter.com/download/android"" rel=""nofollow"">Twitter for Android</a>",,False,207,284
2.73147E+17,2012-11-26 19:32:51+00:00,hafizsupertramp,I scored 60 points in Gameweek 13 on Fantasy Premier League http://t.co/f08ZkfpF,,0,0,0,"<a href=""https://dev.twitter.com/docs/tfw"" rel=""nofollow"">Twitter for Websites</a>",,False,300,476
2.73215E+17,2012-11-27 00:01:50+00:00,brianomwaka,"Fantasy Premier League Gameweek 14 Preview: 1 point against Wigan, 2 against Norwich, and 2 against ... http://t.co/5ynTnwVj @yulemjanja",,0,0,0,"<a href=""http://twitterfeed.com"" rel=""nofollow"">twitterfeed</a>",,False,2338,646
2.73338E+17,2012-11-27 08:11:45+00:00,transmy,Re: Fantasy Premier League: hohohoh... http://t.co/VO4So8RG #lepak,['lepak'],0,0,0,"<a href=""https://www.google.com/"" rel=""nofollow"">Google</a>","Cybertron Jaya, Malaysia",False,484,225
2.73403E+17,2012-11-27 12:29:29+00:00,RacunShopeeOke,"""Oke..folbeck sob RT@Ilham_Indofcb: @Ferdikeyz let's go, join league fantasy premier league! Code : 2481556-537684, Start GW 13""",,0,0,0,"<a href=""http://twitter.com"" rel=""nofollow"">Twitter Web Client</a>",,False,542,433
2.73424E+17,2012-11-27 13:51:44+00:00,4321coffee,"Steven Gerrard, Jermain Defoe and Robin van Persie - Midweek fantasy football picks: With a full schedule of midweek Premier League a...",,0,0,0,"<a href=""http://twitterfeed.com"" rel=""nofollow"">twitterfeed</a>","ÜT: 1.3276675,124.8404747. ",False,887,719
2.7344E+17,2012-11-27 14:56:53+00:00,Leipauls,"Ny Premier League-runde i kveld, mine damer og herrer. Husk å fikse på Fantasy-laget. Måtte dette være vendepunktet for undertegnede!",,0,0,0,"<a href=""http://twitter.com"" rel=""nofollow"">Twitter Web Client</a>",,False,126,481
2.73455E+17,2012-11-27 15:56:21+00:00,ikhsan_my_id,Tips DS: Fantasy Premier League Pekan Ke-14 http://t.co/pBzjnxOk #Berita #SepakBola,"['Berita', 'SepakBola']",0,0,0,"<a href=""http://twitterfeed.com"" rel=""nofollow"">twitterfeed</a>",Indonesia,False,12555,3
2.73755E+17,2012-11-28 11:46:47+00:00,fantasysportify,Man Utd v West Ham (English Premier League): Starting in 0 days 8 hrs 13 min. Fantasy Sportify on... http://t.co/C8D4FyRs #fantasysports,['fantasysports'],0,0,0,"<a href=""http://twitterfeed.com"" rel=""nofollow"">twitterfeed</a>",Sydney Australia,False,336,35
2.73843E+17,2012-11-28 17:37:29+00:00,willwinter_,@Sam_wood96 @thejackrea yea it's a premier fantasy league on sky sports news it's called league of your own pin is on previous tweet join it,,0,0,0,"<a href=""http://twitter.com/download/iphone"" rel=""nofollow"">Twitter for iPhone</a>",,False,255,224
2.73936E+17,2012-11-28 23:47:02+00:00,symlSzn,I scored 39 points in Gameweek 14 on Fantasy Premier League http://t.co/7ka3h1Cc,,0,0,0,"<a href=""https://dev.twitter.com/docs/tfw"" rel=""nofollow"">Twitter for Websites</a>",In your heart ♠️,False,625,779
2.74034E+17,2012-11-29 06:16:15+00:00,xDEEKx,njir! knapa ga bsa masuk akun fantasy premier league gw ya!,,0,0,0,"<a href=""http://twitter.com"" rel=""nofollow"">Twitter Web Client</a>",Land of no angel.,False,112,392
2.74202E+17,2012-11-29 17:21:58+00:00,SeyiIsSolomon,been waiting since yesterday to check my fantasy premier league points...,,0,0,0,"<a href=""http://twitter.com"" rel=""nofollow"">Twitter Web Client</a>",Ireland,False,440,434
2.74286E+17,2012-11-29 22:58:37+00:00,apriliangalih,@sport7trans7 min gimana cara buat ikutan fantasy premier league..??,,0,0,0,"<a href=""http://mobile.twitter.com"" rel=""nofollow"">Mobile Web</a>","cirebon, indonesia",False,187,213
2.74297E+17,2012-11-29 23:39:47+00:00,apriliangalih,@sport7trans7 min cara ikutan fantasy barclays premier league gmana..???!!!,,0,0,0,"<a href=""http://erased675638.com"" rel=""nofollow"">erased675638</a>","cirebon, indonesia",False,187,213
2.74513E+17,2012-11-30 14:00:59+00:00,syazwnr,Esok penuh plan seharian..jadi wajiblah menyelesaikan tugas malam ni sebelum bermulanya hari esok. Kena...set team fantasy premier league.,,0,0,0,"<a href=""http://twitter.com"" rel=""nofollow"">Twitter Web Client</a>",Bandar Roundabout,False,3253,1343
2.74751E+17,2012-12-01 05:46:23+00:00,ckov,Cc @mahfoeth aman terkendali om ;) RT @ckov: I scored 70 points in Gameweek 14 on Fantasy Premier League http://t.co/tVgg6SYV,,0,0,0,"<a href=""http://ubersocial.com"" rel=""nofollow"">UberSocial for BlackBerry</a>",jakarta,False,546,856
2.7487E+17,2012-12-01 13:39:31+00:00,deokurnianto,Yok semangat yok Indonesia !! Dan saya pun lupa mengatur formasi fantasy premier league untuk kesekian kali zzzz :D,,0,0,0,"<a href=""http://ubersocial.com"" rel=""nofollow"">UberSocial for BlackBerry</a>","Jakarta Pusat, DKI Jakarta",False,434,530
2.74907E+17,2012-12-01 16:04:14+00:00,HaryoRahmat,@MBRbayuMBR oh itu fantasy premier league. http://t.co/krJXMuKB,,0,0,1,"<a href=""http://seesmic.com/"" rel=""nofollow"">Seesmic</a>",,False,262,133
2.7496E+17,2012-12-01 19:35:46+00:00,irawanbayu_p,I scored 75 points in Gameweek 15 on Fantasy Premier League http://t.co/2Ssv0uTz,,0,0,0,"<a href=""https://dev.twitter.com/docs/tfw"" rel=""nofollow"">Twitter for Websites</a>","Jakarta, Indonesia",False,370,303
2.75067E+17,2012-12-02 02:42:38+00:00,Jonigard_says,Fantasy Premier League 2012/13 – Official App por Appshen Limited http://t.co/Nn34dx33,,0,0,0,"<a href=""http://www.apple.com"" rel=""nofollow"">iOS</a>",,False,100,953
2.7514E+17,2012-12-02 07:32:09+00:00,MikeGerardM,"@FFFightLeague is the premier fantasy league in MMA. Season 5 starting 1/1/13, with some great prizes. Join today.",,0,0,0,"<a href=""http://twitter.com/download/android"" rel=""nofollow"">Twitter for Android</a>","New Hampshire, USA",False,8998,7886
2.75405E+17,2012-12-03 01:03:15+00:00,AlfianBagus_P,"Fantasy premier league? Hancur gara"" chelsea kalah,,--""",,0,0,0,"<a href=""http://twitter.com/download/android"" rel=""nofollow"">Twitter for Android</a>",Chelsea Bali Supporters Club,False,391,209
2.75471E+17,2012-12-03 05:27:20+00:00,Percayapr,fantasy premier league !! @choyrulmalla Fpl?-_- rt @PryantomoLuthfi: Buka fpl.. hal pertama yang di liat adalah peringkat dan sekarang saya,,0,0,0,"<a href=""http://twitter.com"" rel=""nofollow"">Twitter Web Client</a>",Indonesia,False,224,217
2.75513E+17,2012-12-03 08:11:23+00:00,JetzSweet,check check point fantasy premier league ~,,0,0,0,"<a href=""http://twitter.com"" rel=""nofollow"">Twitter Web Client</a>",Indonesia Tanah Airku,False,574,820
2.75513E+17,2012-12-03 08:12:33+00:00,ihamfu,#ProudToBeAFanOf Fantasy premier league,['ProudToBeAFanOf'],0,0,0,"<a href=""http://twitter.com"" rel=""nofollow"">Twitter Web Client</a>","Nairobi, Kenya",False,352,133
2.75513E+17,2012-12-03 08:13:06+00:00,hyfc2011,"FANTASY PREMIER LEAGUE UPDATE - GAMEWEEK 14

Every Monday we will update you on the current standings in the... http://t.co/z4JnfQZV",,0,0,0,"<a href=""http://www.facebook.com/twitter"" rel=""nofollow"">Facebook</a>",Leicester,False,167,56
2.75778E+17,2012-12-04 01:46:55+00:00,raffradzuan,@MuhamadNuradli I scored 72 points in Gameweek 15 on Fantasy Premier League http://t.co/O9zAdyvD,,0,0,1,"<a href=""http://twitter.com"" rel=""nofollow"">Twitter Web Client</a>",Kuala Lumpur,False,1866,1335
2.75781E+17,2012-12-04 01:56:14+00:00,McLooner,At least I did better in my Premier League fantasy football than my NFL one. My PL team kicks ass.  Silver lining and all that,,0,0,0,"<a href=""http://twitter.com"" rel=""nofollow"">Twitter Web Client</a>","Dublin, Ireland",False,237,626
2.75895E+17,2012-12-04 09:32:52+00:00,Farrel99_,susah bgt ya bikin fantasy premier league,,0,0,0,"<a href=""http://twitter.com"" rel=""nofollow"">Twitter Web Client</a>",JKT - SMG - MGL -DPS PP,False,347,283
2.75924E+17,2012-12-04 11:27:51+00:00,Bobbysyoks,The #KOT Fantasy Premier League Code ---&gt; 998868-393804,['KOT'],0,0,0,"<a href=""http://twitter.com"" rel=""nofollow"">Twitter Web Client</a>","ÜT: -1.3819488,36.7536543",False,4546,951
2.76849E+17,2012-12-07 00:41:08+00:00,nikarg,Fantasy Premier League Player Picks - Gameweek 16 http://t.co/IV5zLkWq via @NMA_Blog @Mark_Jones86 @FantasyYirma #FPL,['FPL'],1,0,0,"<a href=""http://twitter.com"" rel=""nofollow"">Twitter Web Client</a>","London, UK",False,2305,1833
2.76925E+17,2012-12-07 05:43:11+00:00,Kakak_Abdus,@sport7trans7 sudah ditutup kah fantasy premier league-nya untuk privat league sport7??? Kok saya join sudah ga bisa,,0,0,0,"<a href=""http://twitter.com/#!/download/ipad"" rel=""nofollow"">Twitter for iPad</a>",,False,175,431
2.77035E+17,2012-12-07 12:59:46+00:00,alaannnm,Konfirmasi di yahoo lu dlu..RT @gunturps11: @rhadian_am lan fantasy premier league gua login gabisa bisa usernamenya itu maksudnya apa sih ?,,0,0,1,"<a href=""http://erased972529_fzyRVGtcON.com"" rel=""nofollow"">erased972529_fzyRVGtcON</a>",,False,73,181
2.77119E+17,2012-12-07 18:35:38+00:00,iniakuhendra,"Tips DS: Fantasy Premier League Pekan Ke-16: Akhir pekan ini, tim DuniaSoccer
 telah memilih empat pertandingan ... http://t.co/hGDPKhvo",,0,0,0,"<a href=""http://twitterfeed.com"" rel=""nofollow"">twitterfeed</a>",Banjarmasin,False,285,337
2.77119E+17,2012-12-07 18:35:42+00:00,fokusbola,"Tips DS: Fantasy Premier League Pekan Ke-16: Akhir pekan ini, tim DuniaSoccer
 telah memilih empat pertandingan ... http://t.co/KT5tiFf4",,0,0,0,"<a href=""http://twitterfeed.com"" rel=""nofollow"">twitterfeed</a>",@lahdstore,False,123,50
2.77457E+17,2012-12-08 16:58:06+00:00,hytm_mohd,I scored 33 points in Gameweek 16 on Fantasy Premier League http://t.co/UmCVQIZL,,0,0,0,"<a href=""https://dev.twitter.com/docs/tfw"" rel=""nofollow"">Twitter for Websites</a>","Banjarmasin, Indonesia",False,987,308
2.7748E+17,2012-12-08 18:31:00+00:00,emronnnnn,I scored 33 points in Gameweek 16 on Fantasy Premier League http://t.co/jKta0Qro,,0,0,1,"<a href=""https://dev.twitter.com/docs/tfw"" rel=""nofollow"">Twitter for Websites</a>",Elmina 🇲🇾 ,False,407,455
2.77568E+17,2012-12-09 00:19:44+00:00,reyhnaxl,I scored 48 points in Gameweek 16 on Fantasy Premier League http://t.co/bFje4Di6,,0,0,0,"<a href=""https://dev.twitter.com/docs/tfw"" rel=""nofollow"">Twitter for Websites</a>",,False,326,485
2.77594E+17,2012-12-09 02:01:10+00:00,faROSEsalbari,Fantasy premier league naik peringkat lagi garagara michu gua jadiin kapten. Good michu.,,0,0,0,"<a href=""http://ubersocial.com"" rel=""nofollow"">UberSocial for BlackBerry</a>","Chicago, I wish",False,136,100
2.77693E+17,2012-12-09 08:34:28+00:00,syczwcn,I scored 37 points in Gameweek 16 on Fantasy Premier League http://t.co/dE644Z4s,,0,0,0,"<a href=""https://dev.twitter.com/docs/tfw"" rel=""nofollow"">Twitter for Websites</a>",Kajang⇨KL⇨Stamford Bridge,False,285,193
2.77758E+17,2012-12-09 12:55:12+00:00,Kaijjju,"sik, aku gi galao raiso nobar, -__- RT @bagaskaraty: ayo wung gawe fantasy premier league!  RT Eashit2: (cont) http://t.co/JaklB0J7",,0,0,0,"<a href=""http://www.writelonger.com"" rel=""nofollow"">Write Longer</a>",СУКА БЛЯДЬl,False,292,342
2.778E+17,2012-12-09 15:41:19+00:00,subagjabaja,"Fantasy premier league..?? ""@pambudiagung: mata, hazard, michu, rafael, tevez, rooney. lumayan lah. cuma meleset pilih kapten.""",,0,0,1,"<a href=""http://blackberry.com/twitter"" rel=""nofollow"">Twitter for BlackBerry®</a>","Tangerang, Banten",False,179,181
2.77803E+17,2012-12-09 15:51:15+00:00,DonAnton,I scored 53 points in Gameweek 16 on Fantasy Premier League http://t.co/S3tHUMUl,,0,0,0,"<a href=""https://dev.twitter.com/docs/tfw"" rel=""nofollow"">Twitter for Websites</a>",Kampala,False,573,743
2.77854E+17,2012-12-09 19:13:45+00:00,blackhurst92,I scored 54 points in Gameweek 16 on Fantasy Premier League http://t.co/TOzGNGEP,,0,0,1,"<a href=""https://dev.twitter.com/docs/tfw"" rel=""nofollow"">Twitter for Websites</a>",Liverpool,False,141,547
2.77854E+17,2012-12-09 19:13:46+00:00,saifulnizam,I scored 66 points in Gameweek 16 on Fantasy Premier League http://t.co/pxex1w1p,,0,0,0,"<a href=""https://dev.twitter.com/docs/tfw"" rel=""nofollow"">Twitter for Websites</a>",,False,966,242
2.7787E+17,2012-12-09 20:18:49+00:00,JosieGrimble,"I am the god of fantasy premier league, I should have a degree in it !!",,0,0,0,"<a href=""http://twitter.com/download/iphone"" rel=""nofollow"">Twitter for iPhone</a>",leighton buzzard,False,113,72
2.77934E+17,2012-12-10 00:34:15+00:00,Eimear_Feeney,thinking of starting a fantasy premier league team any tips? #fantasypremierleague,['fantasypremierleague'],0,0,0,"<a href=""http://twitter.com"" rel=""nofollow"">Twitter Web Client</a>",Clarinbridge kiiidd,False,273,1020
2.77945E+17,2012-12-10 01:15:54+00:00,laoderendrian,I scored 56 points in Gameweek 16 on Fantasy Premier League http://t.co/V8Lhfeq5,,0,0,0,"<a href=""https://dev.twitter.com/docs/tfw"" rel=""nofollow"">Twitter for Websites</a>","ÜT: -6.275587,106.74689",False,2228,708
2.77965E+17,2012-12-10 02:37:32+00:00,papaprocknlol,I scored 60 points in Gameweek 16 on Fantasy Premier League http://t.co/wytlOTr5,,0,0,0,"<a href=""https://dev.twitter.com/docs/tfw"" rel=""nofollow"">Twitter for Websites</a>","Yogyakarta, Indonesia",False,677,532
2.78129E+17,2012-12-10 13:30:07+00:00,ishma_,I scored 36 points in Gameweek 16 on Fantasy Premier League http://t.co/9Z7g0oRS&lt;&lt;&lt;&lt;lmao??,,0,0,0,"<a href=""https://dev.twitter.com/docs/tfw"" rel=""nofollow"">Twitter for Websites</a>",nairobi,False,812,490
2.7822E+17,2012-12-10 19:31:03+00:00,joel_markham,@HotspurRelated I do have him on fantasy premier league however.,,0,0,0,"<a href=""http://twitter.com/download/iphone"" rel=""nofollow"">Twitter for iPhone</a>",London,False,214,924
2.78255E+17,2012-12-10 21:48:08+00:00,elliotcnash,My Fantasy Premier League team did quite well this week... Too bad I'm right at the bottom of my league.,,0,0,0,"<a href=""http://twitter.com/download/iphone"" rel=""nofollow"">Twitter for iPhone</a>",London,False,66,63
2.78412E+17,2012-12-11 08:12:54+00:00,afnanpenan,I scored 58 points in Gameweek 16 on Fantasy Premier League http://t.co/t3ccpdW,,0,0,0,"<a href=""https://dev.twitter.com/docs/tfw"" rel=""nofollow"">Twitter for Websites</a>",KBR-MKZ-PEN,False,148,461
2.78508E+17,2012-12-11 14:33:11+00:00,midevodka,@blazeotokpa Fantasy Premier leagues ...... LeagueNg Code to join this league: 1635463-552571,,0,0,0,"<a href=""http://www.echofon.com/"" rel=""nofollow"">Echofon</a>",The 6ix ,False,3407,1475
2.78552E+17,2012-12-11 17:27:58+00:00,TheRealMecazor,#AskAndy do you play fantasy premier league? @andy_murray @fifacom,['AskAndy'],0,0,0,"<a href=""https://mobile.twitter.com"" rel=""nofollow"">Mobile Web (M2)</a>",INDIA,False,279,1237
2.78581E+17,2012-12-11 19:24:54+00:00,manuel_loir,I scored 49 points in Gameweek 16 on Fantasy Premier League http://t.co/vU8OXkcM,,0,0,0,"<a href=""https://dev.twitter.com/docs/tfw"" rel=""nofollow"">Twitter for Websites</a>",United Kingdom,False,436,1097
2.7876E+17,2012-12-12 07:16:17+00:00,chardy_5,"I scored 100 points in Gameweek 16 on Fantasy Premier League, the cream is rising! http://t.co/yUPQHNA8",,0,0,0,"<a href=""https://dev.twitter.com/docs/tfw"" rel=""nofollow"">Twitter for Websites</a>","Ramsgate, Isle of Thanet, Kent",False,491,899
2.79155E+17,2012-12-13 09:26:54+00:00,Wanjala,I scored 75 points in Gameweek 16 on Fantasy Premier League http://t.co/OymSqVYO,,0,0,0,"<a href=""https://dev.twitter.com/docs/tfw"" rel=""nofollow"">Twitter for Websites</a>","Nairobi, Kenya",False,1711,807
2.7919E+17,2012-12-13 11:43:07+00:00,izepkrisna2,"PENGUMUMAN !!!

Di cari ADMIN BARU
di Fantasy premier league Garuda

syaratnya gampang bangetttttsss...
Cuma :... http://t.co/pMr8JZZ4",,0,0,0,"<a href=""http://www.facebook.com/twitter"" rel=""nofollow"">Facebook</a>",garut,False,5,92
2.79238E+17,2012-12-13 14:55:49+00:00,LiverpoolFans56,"Van Persie, Silva and Suarez: This week's Premier League Fantasy Football selections: Jim Knight is l... http://t.co/UMUP2DQI #liverpool",['liverpool'],0,0,0,"<a href=""http://twitterfeed.com"" rel=""nofollow"">twitterfeed</a>",,False,14,29
2.79242E+17,2012-12-13 15:11:51+00:00,nazras_exchange,"Van Persie, Silva and Suarez: This week's Premier League Fantasy Football selections: Jim Knight is looking for ... http://t.co/LFPxJZwl",,0,0,0,"<a href=""http://twitterfeed.com"" rel=""nofollow"">twitterfeed</a>",Worldwide 🌎,False,736,1096
2.79242E+17,2012-12-13 15:12:04+00:00,olawunmi_13,"RT @ManU_FC: Van Persie, Silva and Suarez: This week's Premier League Fantasy Football selections http://t.co/0YnNBIh8 #ManchesterUnited",['ManchesterUnited'],0,0,0,"<a href=""http://www.writelonger.com"" rel=""nofollow"">Write Longer</a>",lagos,False,115,209
2.79243E+17,2012-12-13 15:16:02+00:00,nana_gooner,"Van Persie, Silva and Suarez: This week's Premier League Fantasy Football selections: Jim Knight is looking for ... http://t.co/kWnDb6iF",,0,0,0,"<a href=""http://twitterfeed.com"" rel=""nofollow"">twitterfeed</a>",Under UR beD,False,446,422
2.79243E+17,2012-12-13 15:16:03+00:00,2neeyoo,"Van Persie, Silva and Suarez: This week's Premier League Fantasy Football selections: Jim Knight is looking for ... http://t.co/fAbtrZ83",,0,0,0,"<a href=""http://twitterfeed.com"" rel=""nofollow"">twitterfeed</a>",Abeokuta,False,269,456
2.79246E+17,2012-12-13 15:27:47+00:00,toocoolfortv,"#FootyNews Van Persie, Silva and Suarez: This week's Premier League Fantasy Football selections http://t.co/ffcDTu4P",['FootyNews'],0,0,0,"<a href=""http://www.hootsuite.com"" rel=""nofollow"">Hootsuite</a>",Chewbaccastan,False,1397,1768
2.793E+17,2012-12-13 18:59:38+00:00,ESPNFC,John Culea's Premier League Gameweek 17 Fantasy Picks http://t.co/H0TgXcsq #EPL,['EPL'],2,1,0,"<a href=""http://twitter.com"" rel=""nofollow"">Twitter Web Client</a>",,True,8735893,609
2.79328E+17,2012-12-13 20:51:50+00:00,fantasysportify,Liverpool v Aston Villa (English Premier League): Starting in 1 days 18 hrs 8 min. Fantasy Sporti... http://t.co/Wr8UegSp #fantasysports,['fantasysports'],0,0,0,"<a href=""http://twitterfeed.com"" rel=""nofollow"">twitterfeed</a>",Sydney Australia,False,336,35
2.79461E+17,2012-12-14 05:41:34+00:00,handikasoekoco,"@FPLIndo TOLONG PROMOIN MIN, join league beta

FANTASY PREMIER LEAGUE

game week 17

Code to join this league: 2471324-549915",,0,0,0,"<a href=""http://twitter.com"" rel=""nofollow"">Twitter Web Client</a>",Negri Para Penipu,False,390,132
2.79509E+17,2012-12-14 08:50:10+00:00,Puttiano,สัปดาห์หน้า ต้องใช้ wild card ใน Fantasy Premier League และ.. ช่วงโปรแกรมโหด Boxing Day ยาวยันปีใหม่ 4 นัด... http://t.co/itK12lpk,,0,0,0,"<a href=""http://www.facebook.com/twitter"" rel=""nofollow"">Facebook</a>",Thailand,False,496,1192
2.79696E+17,2012-12-14 21:13:32+00:00,Futbol_newsnow,"Rooney – Van Persie Dilemma, Arsenal Players Worth A Risk – Fantasy Premier League Gameweek 17 Preview http://t.co/yjxZZTFA",,0,0,0,"<a href=""https://dlvrit.com/"" rel=""nofollow"">dlvr.it</a>",,False,207,0
2.79882E+17,2012-12-15 09:33:28+00:00,moshng,@Rilwannnn@raysmithlove01..una no dey play fantasy premier league..the ish dey like fm..,,0,0,0,"<a href=""http://ubersocial.com"" rel=""nofollow"">UberSocial for BlackBerry</a>","Lagos, Nigeria",False,640,1152
2.79956E+17,2012-12-15 14:28:42+00:00,diorekayandra,"Ikutan lah, ntar kita bkin liga sendiri buat anak2 RT @bernardrio: Kayaknya seru maen Fantasy Premier League~",,0,0,1,"<a href=""http://ubersocial.com"" rel=""nofollow"">UberSocial for BlackBerry</a>",Theatre of dreams,False,259,1198
2.79988E+17,2012-12-15 16:33:23+00:00,DieHardCFCFan,@_fantasypremier Just brought Taraabt in to my #FPL team this weekend and he nets a brace for me!! Sweet!!,['FPL'],1,0,0,"<a href=""http://twitter.com/download/iphone"" rel=""nofollow"">Twitter for iPhone</a>",Singapore,False,2170,593
2.80099E+17,2012-12-15 23:56:41+00:00,prdndef,Fantasy football website (Barclays premier league) by warbie118 http://t.co/X3KEfVPS,,0,0,0,"<a href=""http://twitterfeed.com"" rel=""nofollow"">twitterfeed</a>",rarely active,False,3428,39
2.80239E+17,2012-12-16 09:12:58+00:00,IndoArshavin,Disini ada yang main Fantasy Premier League ga ? Official game from @premierleague ? #askfollowers,['askfollowers'],0,0,0,"<a href=""http://blackberry.com/twitter"" rel=""nofollow"">Twitter for BlackBerry®</a>",Indonesia,False,471,122
2.80557E+17,2012-12-17 06:16:47+00:00,fantasysportify,Reading v Arsenal (English Premier League): Starting in 0 days 13 hrs 44 min. Fantasy Sportify on... http://t.co/BuuxnpnU #fantasysports,['fantasysports'],0,0,0,"<a href=""http://twitterfeed.com"" rel=""nofollow"">twitterfeed</a>",Sydney Australia,False,336,35
2.80722E+17,2012-12-17 17:12:59+00:00,manuel_loir,I scored 45 points in Gameweek 17 on Fantasy Premier League http://t.co/5NS75wFA,,0,0,0,"<a href=""https://dev.twitter.com/docs/tfw"" rel=""nofollow"">Twitter for Websites</a>",United Kingdom,False,436,1097
2.80828E+17,2012-12-18 00:13:09+00:00,Akimdanial6,I scored 66 points in Gameweek 17 on Fantasy Premier League http://t.co/az7Ifez8,,0,0,0,"<a href=""https://dev.twitter.com/docs/tfw"" rel=""nofollow"">Twitter for Websites</a>",,False,748,239
2.80835E+17,2012-12-18 00:41:01+00:00,smada27depok_,"Nih buat yang main fantasy premier league! join smada 27 league, mulai dari GW18! nih kodenya 2509297-555663 #fpl",['fpl'],1,1,0,"<a href=""http://twitter.com/download/android"" rel=""nofollow"">Twitter for Android</a>","Jl. Gede Raya No. 177, Depok",False,244,214
2.80845E+17,2012-12-18 01:20:24+00:00,msatria28,I scored 69 points in Gameweek 17 on Fantasy Premier League http://t.co/KxzeKtg4,,0,0,0,"<a href=""https://dev.twitter.com/docs/tfw"" rel=""nofollow"">Twitter for Websites</a>","Jakarta,Indonesia",False,428,191
2.80859E+17,2012-12-18 02:16:38+00:00,Sufajardanu,"@Kabar_Arsenal yuk gabung ""Emirates League"" di Fantasy Premier League (FPL). Baru dibuat&gt;&gt; Code :  2470021-555685 ,,thanks.. VCC!! Ditunggu!",,0,0,0,"<a href=""http://twitter.com"" rel=""nofollow"">Twitter Web Client</a>",,False,236,218
2.8087E+17,2012-12-18 02:59:30+00:00,zultheunTia,I scored 66 points in Gameweek 17 on Fantasy Premier League http://t.co/aPVvEFJO,,0,0,0,"<a href=""https://dev.twitter.com/docs/tfw"" rel=""nofollow"">Twitter for Websites</a>",King’s Landing,False,91,647
2.80884E+17,2012-12-18 03:57:18+00:00,mavrixkhan,I scored 55 points in Gameweek 17 on Fantasy Premier League http://t.co/BXFzSyfZ,,0,0,0,"<a href=""https://dev.twitter.com/docs/tfw"" rel=""nofollow"">Twitter for Websites</a>","Melbourne, Victoria",False,592,4581
2.80893E+17,2012-12-18 04:30:55+00:00,NichoPratama_,I scored 70 points in Gameweek 17 on Fantasy Premier League http://t.co/4G3L4XyH,,0,0,0,"<a href=""https://dev.twitter.com/docs/tfw"" rel=""nofollow"">Twitter for Websites</a>",,False,265,350
2.80965E+17,2012-12-18 09:17:19+00:00,FPL_ID,"Kami disini membahas Fantasy Premier League, dan kalau mau yang lebih mendalam sedalam dalam mungkin, bisa follow dan tanya @FPLKomunitas :D",,0,0,0,"<a href=""http://blackberry.com/twitter"" rel=""nofollow"">Twitter for BlackBerry®</a>",,False,88,129
2.81414E+17,2012-12-19 15:02:05+00:00,IrishTimes_FPL,"Fantasy Premier League Chances Created in Round 17 – Silva, Cazorla and Walker Lead the Way- http://t.co/mXlq8Ugp #FantasyFootballTips",['FantasyFootballTips'],0,0,0,"<a href=""http://www.crowdbooster.com"" rel=""nofollow"">Crowdbooster</a>",,False,205,14
2.81803E+17,2012-12-20 16:47:48+00:00,Plaantik,Plaantik's Fantasy Premier League – Gameweek 18 Preview:... http://t.co/JlvCeUF9,,0,0,0,"<a href=""http://www.facebook.com/twitter"" rel=""nofollow"">Facebook</a>",Bangladesh,False,3438,833
2.81819E+17,2012-12-20 17:50:25+00:00,JustFPL,Fantasy Premier League Tips: Forwards for Gameweek 18 http://t.co/o6DTaDOa,,0,0,0,"<a href=""https://dlvrit.com/"" rel=""nofollow"">dlvr.it</a>",Malaysia,False,835,71
2.81887E+17,2012-12-20 22:20:42+00:00,regentourism,"Fantasy Premier League Tips For Gameweek 18, First FPL Cup Week #epl http://t.co/94J53OOZ",['epl'],0,0,0,"<a href=""http://www.crosspollinate.org"" rel=""nofollow"">InfiniGraph</a>",Earth,False,3007,2666
2.82077E+17,2012-12-21 10:54:57+00:00,angellin4,"Su suu suuuarezzzz :D ""@mike_Oo Galaau memilih pemain di yahoo fantasy premier league..""",,0,0,1,"<a href=""http://twitter.com"" rel=""nofollow"">Twitter Web Client</a>",Jakarta,False,640,431
2.82438E+17,2012-12-22 10:50:35+00:00,AlbabAlpachino,"barusan join fantasy premier league, ada saran pemain apa aja yang harus dibeli ?",,0,0,0,"<a href=""https://about.twitter.com/products/tweetdeck"" rel=""nofollow"">TweetDeck</a>",Malang - Gresik,False,437,510
2.8245E+17,2012-12-22 11:38:27+00:00,vwxyoged,Rame ga fin? RT @muthia_fina: fantasy premier league yuhuuuuh,,0,0,0,"<a href=""http://blackberry.com/twitter"" rel=""nofollow"">Twitter for BlackBerry®</a>",,False,509,341
2.82523E+17,2012-12-22 16:30:08+00:00,hilmiadm,I scored 25 points in Gameweek 18 on Fantasy Premier League http://t.co/FgCwuG2c,,0,0,0,"<a href=""https://dev.twitter.com/docs/tfw"" rel=""nofollow"">Twitter for Websites</a>",,False,327,109
2.82545E+17,2012-12-22 17:55:29+00:00,_nemishshah,Damn it I transferred Lakaku just yesterday. Not having a great season at fantasy premier league. :(,,0,0,0,"<a href=""http://www.twitter.com"" rel=""nofollow"">Twitter for Windows Phone</a>",Mumbai,False,550,438
2.82578E+17,2012-12-22 20:07:28+00:00,Ady_Budiawan,@PLESETANBOLA Bang ples!! Downing masuk Dream Team Fantasy Premier League loh :D http://t.co/ZXSp3vZ5,,0,0,0,"<a href=""http://erased972529_fzyRVGtcON.com"" rel=""nofollow"">erased972529_fzyRVGtcON</a>",(0253) | PLAT A,False,162,293
2.82615E+17,2012-12-22 22:35:30+00:00,OliPriceBates,"Yey, Walcott gets the assist on Fantasy Premier League",,0,0,1,"<a href=""http://twitter.com"" rel=""nofollow"">Twitter Web Client</a>","England, UK.",False,28124,535
2.82795E+17,2012-12-23 10:30:14+00:00,maelel__,"@AIS_BKS Min, AIS bekasi punya league di Fantasy Premier League g?",,0,0,0,"<a href=""http://ultwimate.com"" rel=""nofollow"">Ultwimate Apps</a>",Bekasi,False,369,477
2.82848E+17,2012-12-23 13:58:50+00:00,wakawakaeee_69,"Nilai di fantasy premier league gede loh RT @MuslimPlayers Michu, Michu everywhereeeee",,0,0,0,"<a href=""http://twidroyd.com"" rel=""nofollow"">TwidroydPRO</a>",Around the world ,False,346,395
2.82851E+17,2012-12-23 14:13:01+00:00,kudalimping,"Nganu mas, ini buat fantasy premier league heheh. Berharap michunya aja yg bagus, swan kalah gamasalah heheh @LiapPutra",,0,0,1,"<a href=""http://blackberry.com/twitter"" rel=""nofollow"">Twitter for BlackBerry®</a>",diujung tali surgamu,False,330,990
2.82859E+17,2012-12-23 14:44:31+00:00,603_SK_L,"Having Michu in your premier league fantasy is not a waste ...Go Michu , Team Swansea ..☺",,0,0,0,"<a href=""http://blackberry.com/twitter"" rel=""nofollow"">Twitter for BlackBerry®</a>","Centurion, South Africa",False,497,609
2.82875E+17,2012-12-23 15:47:51+00:00,BudiEsmanto,#mata #hazard #please #score #fantasy #premier #league #ok #go http://t.co/25V2xSQK,"['mata', 'hazard', 'please', 'score', 'fantasy', 'premier', 'league', 'ok', 'go']",0,0,0,"<a href=""http://instagram.com"" rel=""nofollow"">Instagram</a>",Kuching,False,42,79
2.82893E+17,2012-12-23 16:59:05+00:00,burnzyboi91,I scored 49 points in Gameweek 18 on Fantasy Premier League http://t.co/ZRoGMFgp,,0,0,0,"<a href=""https://dev.twitter.com/docs/tfw"" rel=""nofollow"">Twitter for Websites</a>",macclesfield,False,479,1517
2.82906E+17,2012-12-23 17:52:16+00:00,AliFathyy8,The Fantasy Premier League dream team is made of CHESLEA AND LIVERPOOL ONLY!,,0,0,0,"<a href=""http://twitter.com"" rel=""nofollow"">Twitter Web Client</a>",Alexandria,False,309,128
2.82929E+17,2012-12-23 19:21:21+00:00,JerDeveney,I scored 88 points in Gameweek 18 on Fantasy Premier League http://t.co/WL7zSSzl BOOOOOOOOM @TheGatesy,,0,0,1,"<a href=""https://dev.twitter.com/docs/tfw"" rel=""nofollow"">Twitter for Websites</a>",West Scotland,False,309,1523
2.82983E+17,2012-12-23 22:55:51+00:00,powsers7,"on the plus side, up to 19,000th in fantasy premier league #hazard #ivanovic #goodlads","['hazard', 'ivanovic', 'goodlads']",0,0,0,"<a href=""http://twitter.com"" rel=""nofollow"">Twitter Web Client</a>","Dublin, Ireland",False,209,509
2.83089E+17,2012-12-24 05:58:54+00:00,nazaharputra,wah oke deh belum pernah coba gerRT @gerrycrissandy: Fantasy premier league ta. Main dong. www[dot]fantasy[dot]premierleague[dot]comRT nazah,,0,0,0,"<a href=""http://ubersocial.com/"" rel=""nofollow"">UberSocial for Blаckberry</a>",,False,271,237
2.83095E+17,2012-12-24 06:21:05+00:00,Aidilexis,Rugi aku tak letak Torres dlm fantasy premier league,,0,0,0,"<a href=""http://twitter.com/download/iphone"" rel=""nofollow"">Twitter for iPhone</a>",,False,1292,713
2.83107E+17,2012-12-24 07:07:34+00:00,Bartra_ID,Cara login fantasy premier league gimana sih? Kok gabisa login,,0,0,1,"<a href=""https://about.twitter.com/products/tweetdeck"" rel=""nofollow"">TweetDeck</a>",Indonesia-Camp Nou,False,3993,218
2.83119E+17,2012-12-24 07:56:01+00:00,shahrulnzm,"For sure bro, point letup ""@MdShirazz: Kalau ronaldo masuk Man utd balik, mmg every week aku letak dia captain Fantasy Premier League aku""",,0,0,0,"<a href=""http://blackberry.com/twitter"" rel=""nofollow"">Twitter for BlackBerry®</a>",,False,326,956
2.83217E+17,2012-12-24 14:26:40+00:00,aboynamedeath,You know your team kicks ass when more than half (6/11) of the players in the fantasy premier league dream team belong to your team. #CFC,['CFC'],0,0,0,"<a href=""http://twitter.com"" rel=""nofollow"">Twitter Web Client</a>",,False,309,383
2.83259E+17,2012-12-24 17:14:09+00:00,ckov,@ckov: I scored 52 points in Gameweek 18 on Fantasy Premier League  (⌣́_⌣̀) http://t.co/WCGJKwWf,,0,0,0,"<a href=""http://ubersocial.com"" rel=""nofollow"">UberSocial for BlackBerry</a>",jakarta,False,546,856
2.83388E+17,2012-12-25 01:46:18+00:00,rzlfanani,"Dulinan opo iku ? ""@davin_RD: bagi yang punya game week( premier league fantasy ) invite nag ""ISL league""""",,0,0,1,"<a href=""http://blackberry.com/twitter"" rel=""nofollow"">Twitter for BlackBerry®</a>","Gresik , Indonesia ",False,203,205
2.83825E+17,2012-12-26 06:42:28+00:00,goez_arya,Fantasy Premier League \(´▽`)/ *senggol @komanksu,,0,0,0,"<a href=""http://ubersocial.com"" rel=""nofollow"">UberSocial for BlackBerry</a>","Bali, Indonesia",False,375,87
2.83938E+17,2012-12-26 14:10:40+00:00,_Rvji,"""@EwurasiD: @I_aM_RaJi i FPL?""...fantasy premier league",,0,0,0,"<a href=""http://twitter.com/download/android"" rel=""nofollow"">Twitter for Android</a>","Accra, Ghana",False,2230,1084
2.83961E+17,2012-12-26 15:41:53+00:00,RyoArx,"gede nih poin gua di Fantasy premier league @@ .. 
ayoo kalah laah kau munyuk..",,0,0,0,"<a href=""http://twitter.com"" rel=""nofollow"">Twitter Web Client</a>",Yogyakarta - Sleman,False,450,410
2.8398E+17,2012-12-26 16:59:31+00:00,aramadhannn,"nihRT @daliwicaksana Selalu kecil kalo maen Fantasy Premier League. Belajar dari master sih katanya harus jomblo dulu @adibubebo , fix batal",,0,0,0,"<a href=""http://twitter.com"" rel=""nofollow"">Twitter Web Client</a>",nomaden. 021,False,548,392
2.83993E+17,2012-12-26 17:48:16+00:00,andyhadz88,@juliojolio captain and vice captain both scored zero points in fantasy premier league.... #topmanager,['topmanager'],0,0,1,"<a href=""http://twitter.com/download/android"" rel=""nofollow"">Twitter for Android</a>",,False,312,738
2.84091E+17,2012-12-27 00:18:04+00:00,M_ElShahat,"@ShadyElMostafa so2al fanny ya a5 Shady b5soos el fantasy premier league , ento 3amleen league ma3 ba3d enta wel regalla msh keda ?",,0,0,1,"<a href=""https://mobile.twitter.com"" rel=""nofollow"">Mobile Web (M2)</a>","Nasr City, Cairo, Egypt",False,856,189
2.84147E+17,2012-12-27 04:00:47+00:00,haruancina,"Minggu paling teruk fantasy premier league aku, tak mengena langsung !",,0,0,0,"<a href=""http://twitter.com"" rel=""nofollow"">Twitter Web Client</a>",,False,399,666
2.84272E+17,2012-12-27 12:19:44+00:00,Alija_IT,regis fantasy premier league..yeah..,,0,0,0,"<a href=""http://twitter.com"" rel=""nofollow"">Twitter Web Client</a>",,False,284,261
2.84277E+17,2012-12-27 12:37:56+00:00,muhammadrrifqi,"@apk_file min, minta file apk Fantasy Premier League 2012-2013",,0,0,0,"<a href=""http://twitter.com"" rel=""nofollow"">Twitter Web Client</a>",,False,1295,172
2.84501E+17,2012-12-28 03:28:02+00:00,Alltop_futbol,Fantasy Premier League Tips: Getting Ready For Gameweek 20 http://t.co/uNjQoUDk,,0,0,0,"<a href=""http://twitterfeed.com"" rel=""nofollow"">twitterfeed</a>",,False,16,0
2.84662E+17,2012-12-28 14:06:44+00:00,ican_nasihin10,@FPLIndo  ini teh game fantasy premier league bukan min ?,,0,0,1,"<a href=""http://twitter.com"" rel=""nofollow"">Twitter Web Client</a>",indonesia,False,96,274
2.84662E+17,2012-12-28 14:09:17+00:00,NasiSumSum,"Robin van Persie, Gareth Bale and Theo Walcott - This week's Premier League fantasy football team: Jim Knight is... http://t.co/CwaQbEck",,0,0,0,"<a href=""http://twitterfeed.com"" rel=""nofollow"">twitterfeed</a>",,False,141,0
2.84666E+17,2012-12-28 14:25:35+00:00,adjie_wiralodra,I scored 62 points in Gameweek 19 on Fantasy Premier League http://t.co/qxafHfkX,,0,0,0,"<a href=""https://dev.twitter.com/docs/tfw"" rel=""nofollow"">Twitter for Websites</a>","Indramayu, Jabar",False,1056,794
2.8467E+17,2012-12-28 14:40:39+00:00,Brivow,"Robin van Persie, Gareth Bale and Theo Walcott - This week's Premier League fantasy football team  #teamfollowback",['teamfollowback'],0,0,0,"<a href=""http://twitterfeed.com"" rel=""nofollow"">twitterfeed</a>",World wide,False,2793,2617
2.84847E+17,2012-12-29 02:22:38+00:00,oijann_,Tips DS: Fantasy Premier League Pekan Ke-20: 20 tim siap bertanding dan kami telah menyiapkan beberapa tips ring... http://t.co/HvF38nkS,,0,0,0,"<a href=""http://twitterfeed.com"" rel=""nofollow"">twitterfeed</a>",,False,384,147
2.8491E+17,2012-12-29 06:33:34+00:00,Th3_Omotola,"Robin van Persie, Gareth Bale and Theo Walcott - This week's Premier League fantasy football team http://t.co/PG8hnaC8",,0,0,0,"<a href=""http://goal.mwap.at/"" rel=""nofollow"">Goal.com</a>","Federal Capital Territory, NG",False,2586,2408
2.84945E+17,2012-12-29 08:51:10+00:00,run1478,"Ben Foster Masukkan Nama RVP di Game Football Fantasy: Matchday 20 Premier League nanti malam, mempertemukan Man... http://t.co/dTAGF8QP",,0,0,0,"<a href=""http://twitterfeed.com"" rel=""nofollow"">twitterfeed</a>","ÜT: -6.2069902,106.7835514",False,5,7
2.84945E+17,2012-12-29 08:51:46+00:00,FRadityaP,"Ben Foster Masukkan Nama RVP di Game Football Fantasy: Matchday 20 Premier League nanti malam, mempertemukan Man... http://t.co/QZDtmSbq",,0,0,0,"<a href=""http://twitterfeed.com"" rel=""nofollow"">twitterfeed</a>",Bandung-Indonesia,False,81,120
2.84972E+17,2012-12-29 10:41:40+00:00,IndoArshavin,"Admin mau ajak para Followers buat main Fantasy Premier League , disana kita bisa buat League :) kalo ada yang tertarik dan ..",,0,0,0,"<a href=""http://blackberry.com/twitter"" rel=""nofollow"">Twitter for BlackBerry®</a>",Indonesia,False,471,122
2.84984E+17,2012-12-29 11:26:56+00:00,Hov_KE,@D_Atang_a @Eujo2 hey....Nko na team ya rugby @fantasy premier league leo...# Seven aside...watu wameumia wengine suspended,,0,0,2,"<a href=""http://twitter.com"" rel=""nofollow"">Twitter Web Client</a>",Uptown,False,1025,957
2.85037E+17,2012-12-29 14:58:56+00:00,Joseph_Dudley,"@_fantasypremier I can only get eight players out, I could do with the point! #FPL",['FPL'],0,0,0,"<a href=""http://twitter.com"" rel=""nofollow"">Twitter Web Client</a>","Marple Bridge, England",False,405,398
2.85038E+17,2012-12-29 15:00:20+00:00,Shivanixr,Currently First in Fantasy Premier League!! Woo Go 'Shivani's Princesses' #mufc,['mufc'],0,1,0,"<a href=""http://twitter.com/download/iphone"" rel=""nofollow"">Twitter for iPhone</a>",,False,124,190
2.85043E+17,2012-12-29 15:22:30+00:00,Freciu88,I scored 6 points in Gameweek 20 on Fantasy Premier League http://t.co/gEkGVAie,,0,0,0,"<a href=""https://dev.twitter.com/docs/tfw"" rel=""nofollow"">Twitter for Websites</a>",Mikołów,False,608,956
2.85049E+17,2012-12-29 15:45:28+00:00,navindave,Fucker Nasri red card! Shit la his in my fantasy premier league! :(,,0,0,0,"<a href=""http://twitter.com/download/iphone"" rel=""nofollow"">Twitter for iPhone</a>",Kuala Lumpur,False,885,580
2.8507E+17,2012-12-29 17:10:59+00:00,ahherrr,fantasy premier league RT @carissasha: poinmu? -- “@herdihrd: yeee poinku nambahRT @carissasha: Persie!😍❤👍”,,0,0,1,"<a href=""http://twitter.com"" rel=""nofollow"">Twitter Web Client</a>",,False,374,470
2.85087E+17,2012-12-29 18:17:10+00:00,HilManUnited,"RvP, BA, &amp; O'shea cetak goal..lumayan nambah point di game Fantasy Premier League ‎​\(ˆ▽ˆ)/",,0,0,0,"<a href=""http://blackberry.com/twitter"" rel=""nofollow"">Twitter for BlackBerry®</a>",Karawang - Manchester,False,389,331
2.851E+17,2012-12-29 19:09:49+00:00,dfyasha,If jelavic and suarez score a brace each i will be fine in fantasy premier league,,0,0,0,"<a href=""https://mobile.twitter.com"" rel=""nofollow"">Mobile Web (M2)</a>",Kenya,False,1204,2348
2.85105E+17,2012-12-29 19:29:39+00:00,_FERNEY10,“@_fantasypremier With the 3 bonus points Walcott will net 52 points this GW for managers who captained him. #fpl http://t.co/lwIsfD5v”i did,['fpl'],0,0,0,"<a href=""http://twitter.com/download/iphone"" rel=""nofollow"">Twitter for iPhone</a>",,False,349,98
2.8525E+17,2012-12-30 05:04:06+00:00,MrQue3,hanya bermodalkan ivanovic(CHE) adel taarabt (QPR) dan leon osman(EVE) untuk mendapatkan mata tambahan dalam fantasy premier league,,0,0,0,"<a href=""http://twitter.com"" rel=""nofollow"">Twitter Web Client</a>",,False,103,197
2.85419E+17,2012-12-30 16:17:01+00:00,FOXSoccer,Any FOX Soccer Premier League Fantasy Soccer players out there loving this? RT @FOXSoccerTrax: GOAL! QPR 0 LIVERPOOL 2 Suarez (2),,1,2,6,"<a href=""https://about.twitter.com/products/tweetdeck"" rel=""nofollow"">TweetDeck</a>","Los Angeles, CA",True,1479314,1476
3.90159E+17,2013-10-15 16:57:14+00:00,nabilnowhere,Main fantasy premier league. Overall kalah. Menang sekali. Menang kalah ni lah adat permainan. Taleh terima kenyataan. Haha --,,0,0,0,"<a href=""http://twitter.com/download/android"" rel=""nofollow"">Twitter for Android</a>",,False,241,179
3.90502E+17,2013-10-16 15:36:43+00:00,Yonk1933,"Fantasy Premier League 2013: Projecting Optimal Lineup for Week 8: Following a two-week break, the Premier Lea... http://t.co/ZRvKTD1oBF",,0,0,0,"<a href=""http://twitterfeed.com"" rel=""nofollow"">twitterfeed</a>",ig : @yonk019,False,280,17
3.90807E+17,2013-10-17 11:48:57+00:00,Yonk1933,"Premier League Injury News, Fantasy Impact: The Premier League returns following the international break, and ... http://t.co/lA7W7o8Lux",,0,0,0,"<a href=""http://twitterfeed.com"" rel=""nofollow"">twitterfeed</a>",ig : @yonk019,False,280,17
3.91039E+17,2013-10-18 03:11:51+00:00,AriffMasrom,Kemain haa semua dok tengah update team fantasy premier league.,,0,0,0,"<a href=""https://about.twitter.com/products/tweetdeck"" rel=""nofollow"">TweetDeck</a>","Rawang, Selangor",False,587,1111
3.91479E+17,2013-10-19 08:21:17+00:00,blomqvist_81,@_fantasypremier  i got all of them..but..my team value just £4.1million.#FPL,['FPL'],0,0,0,"<a href=""http://twitter.com"" rel=""nofollow"">Twitter Web Client</a>","Shah Alam,Malaysia",False,282,489
3.91503E+17,2013-10-19 09:54:13+00:00,SteveMander,I scored 55 points in Gameweek 7 on Fantasy Premier League http://t.co/LsJ8syzZwd,,0,0,0,"<a href=""https://dev.twitter.com/docs/tfw"" rel=""nofollow"">Twitter for Websites</a>",,False,160,903
3.91519E+17,2013-10-19 10:59:28+00:00,Dhonzwibowo,Fantasy Football!! RT @FootballFunnys: RETWEET if you're happy that the Premier League is back!,,0,0,0,"<a href=""http://ubersocial.com"" rel=""nofollow"">UberSocial for BlackBerry</a>",Jakarta,False,145,39
3.91592E+17,2013-10-19 15:51:37+00:00,wicaksonoyogi,Wes nggawe le? RT @pradannys: Fantasy premier league ku point e akeh dab,,0,0,0,"<a href=""http://erased972529_fzyRVGtcON.com"" rel=""nofollow"">erased972529_fzyRVGtcON</a>","Depok, Jawa Barat",False,255,363
3.91596E+17,2013-10-19 16:07:13+00:00,sweetsloz,Tempted to put a bet on Moyes being sacked before Christmas. Also tempted to play my fantasy premier league wildcard before next week :/,,0,0,0,"<a href=""http://twitter.com"" rel=""nofollow"">Twitter Web Client</a>",United Kingdom,False,55,123
3.91666E+17,2013-10-19 20:43:25+00:00,JR_Kolade,"Actually Fantasy Premier League team got me 70points today, god bless those bonus points",,0,0,0,"<a href=""http://twitter.com/download/android"" rel=""nofollow"">Twitter for Android</a>",London ,False,220,462
3.91835E+17,2013-10-20 07:54:41+00:00,leavethebagin,"8 games in and already forgot to do more than half the game weeks on Fantasy Premier League.
Binning it.",,0,0,0,"<a href=""http://www.tweetings.net/"" rel=""nofollow"">Tweetings Classic for iPhone</a>","Doncaster, England",False,88,21
3.91839E+17,2013-10-20 08:10:48+00:00,KvngIdris,Fantasy Premier League 2013 Week 8: Players Not Worth Their Price Tag | Bleacher Report http://t.co/e2gANcoVsU via @bleacherreport,,1,0,0,"<a href=""https://dev.twitter.com/docs/tfw"" rel=""nofollow"">Twitter for Websites</a>",,False,592,291
3.9185E+17,2013-10-20 08:53:34+00:00,Mick9Hagan,A touch of genius there in the fantasy premier league.. 3 transfers and not a penny used! 3 injured players out! 3 clinkers in@martymonaghan,,0,0,0,"<a href=""http://twitter.com/download/iphone"" rel=""nofollow"">Twitter for iPhone</a>",,False,855,953
3.91858E+17,2013-10-20 09:27:38+00:00,Kamah__,“55 @Sysca_kendi: I scored 41 points in Gameweek 8 on Fantasy Premier League http://t.co/YGFQ0P58AJ”,,0,0,0,"<a href=""http://twitter.com/download/iphone"" rel=""nofollow"">Twitter for iPhone</a>","Githurai, progressive",False,2546,868
3.91969E+17,2013-10-20 16:46:09+00:00,Star_BoyNick,one Fantasy team for the Bahamian Premier League thoughh?,,0,0,0,"<a href=""http://twitter.com/download/android"" rel=""nofollow"">Twitter for Android</a>",Jamaica,False,452,413
3.91971E+17,2013-10-20 16:56:36+00:00,mellis_reece,just relised im near the relagation zone for fantasy premier league whoops lol,,0,0,0,"<a href=""http://twitter.com/download/iphone"" rel=""nofollow"">Twitter for iPhone</a>",suplex city,False,54,82
3.92013E+17,2013-10-20 19:40:50+00:00,iCaiser,I scored 60 points in Gameweek 8 on Fantasy Premier League,,0,0,0,"<a href=""https://dev.twitter.com/docs/tfw"" rel=""nofollow"">Twitter for Websites</a>","Nairobi, Kenya",False,3858,355
3.92344E+17,2013-10-21 17:36:48+00:00,abst4r,@NeeloGreen fantasy premier league,,0,0,0,"<a href=""http://twitter.com/download/iphone"" rel=""nofollow"">Twitter for iPhone</a>",London,False,1009,941
3.92539E+17,2013-10-22 06:32:46+00:00,YerzhanPanza,I scored 82 points in Gameweek 8 on Fantasy Premier League http://t.co/IAi30waz5M,,0,0,0,"<a href=""https://dev.twitter.com/docs/tfw"" rel=""nofollow"">Twitter for Websites</a>",Astana,False,30,163
3.92583E+17,2013-10-22 09:25:39+00:00,DJ_Gana,I scored 43 points in Gameweek 8 on Fantasy Premier League http://t.co/jFYfN7rSzN,,0,0,0,"<a href=""https://dev.twitter.com/docs/tfw"" rel=""nofollow"">Twitter for Websites</a>","Troy, AL",False,658,1425
3.92911E+17,2013-10-23 07:12:51+00:00,Twitted_Miracle,#IamDdanz Fantasy Premier League 2013: Projecting Optimal Lineup for Week 9 http://t.co/oEmMkEWRCs Via #IamDanz,"['IamDdanz', 'IamDanz']",0,0,0,"<a href=""https://dlvrit.com/"" rel=""nofollow"">dlvr.it</a>","ÜT: 6.45226,3.40508",False,152,98
3.92913E+17,2013-10-23 07:17:59+00:00,Focus_visuals,Fantasy Premier League 2013: Projecting Optimal Lineup for Week 9: Arsenal's storm to the top of the Premier L... http://t.co/ED4DtE7d8n,,0,0,0,"<a href=""http://twitterfeed.com"" rel=""nofollow"">twitterfeed</a>",Lagos™,False,152,454
3.93328E+17,2013-10-24 10:46:28+00:00,ojankrkic,I scored 67 points in Gameweek 8 on Fantasy Premier League http://t.co/HNWx9fHbj9,,0,0,0,"<a href=""https://dev.twitter.com/docs/tfw"" rel=""nofollow"">Twitter for Websites</a>",Tangerang,False,76,87
3.93343E+17,2013-10-24 11:47:22+00:00,UnofficialPL,"Premier League Injury News, Fantasy Impact http://t.co/ITzKf1ifzd",,0,0,0,"<a href=""https://dlvrit.com/"" rel=""nofollow"">dlvr.it</a>","London, UK.",False,3829,1650
3.9335E+17,2013-10-24 12:16:11+00:00,nikarg,AM's Week 9 Yahoo Fantasy Premier League Player Picks:... http://t.co/ehWLNmabtZ,,0,0,1,"<a href=""http://www.facebook.com/twitter"" rel=""nofollow"">Facebook</a>","London, UK",False,2305,1833
3.93631E+17,2013-10-25 06:52:20+00:00,leagueVault,Fantasy Premier League 2013 Week 9: Signings That Will Change Your Season http://t.co/wJUtrLNfUL via BleacherReport,,0,0,0,"<a href=""https://ifttt.com"" rel=""nofollow"">IFTTT</a>",,False,104,4
3.93638E+17,2013-10-25 07:18:05+00:00,FVSNN2012,Fantasy Premier League 2013 Week 9: Signings That Will Change Your Season http://t.co/cRYZ6YXQtI,,0,0,0,"<a href=""https://ifttt.com"" rel=""nofollow"">IFTTT</a>",The Fan Cave,False,1085,718
3.94019E+17,2013-10-26 08:33:23+00:00,geniuschromatic,Fantasy Premier League 2013 Week 9: Best Plays at Each Position http://t.co/s21mrzUrWf,,0,0,0,"<a href=""https://dlvrit.com/"" rel=""nofollow"">dlvr.it</a>",afrikka,False,2476,1750
3.94094E+17,2013-10-26 13:31:49+00:00,IgorPospiech,I completely forgot about fantasy premier league ffs,,0,0,0,"<a href=""http://twitter.com/download/iphone"" rel=""nofollow"">Twitter for iPhone</a>",Midleton,False,1212,1160
3.94107E+17,2013-10-26 14:24:24+00:00,symlSzn,I scored 13 points in Gameweek 9 on Fantasy Premier League http://t.co/WaJfSyrAtx,,0,0,0,"<a href=""https://dev.twitter.com/docs/tfw"" rel=""nofollow"">Twitter for Websites</a>",In your heart ♠️,False,625,779
3.94127E+17,2013-10-26 15:41:39+00:00,MoHassaan1,"My attack in Fantasy Premier league : (Suarez + Giroud + Lukaku) 

All of them scored :D",,0,1,0,"<a href=""http://twitter.com"" rel=""nofollow"">Twitter Web Client</a>","Lahore, Pakistan",False,478,684
3.94231E+17,2013-10-26 22:37:11+00:00,I_am_horpehmie,Fantasy Premier League Transfers 2013: Breaking Down Top Additions: A wild Saturday in the Premier League is g... http://t.co/VXZY2elM4L,,0,0,0,"<a href=""http://twitterfeed.com"" rel=""nofollow"">twitterfeed</a>",Around The World,False,697,1501
3.94433E+17,2013-10-27 11:56:54+00:00,isalihinabrahim,I scored 28 points in Gameweek 9 on Fantasy Premier League http://t.co/yj37OuxHw3,,0,0,0,"<a href=""https://dev.twitter.com/docs/tfw"" rel=""nofollow"">Twitter for Websites</a>",Shah Alam,False,479,1830
3.94453E+17,2013-10-27 13:18:31+00:00,JoyKajoy,I feel cheated..lolRT @lexxkatz: I scored 80 points in Gameweek 9 on Fantasy Premier League http://t.co/PRnIiHhJAk,,0,0,1,"<a href=""http://erased972529_fzyRVGtcON.com"" rel=""nofollow"">erased972529_fzyRVGtcON</a>",nakuru,False,50,251
3.94534E+17,2013-10-27 18:41:07+00:00,khairolbakhtiar,I scored 72 points in Gameweek 9 on Fantasy Premier League http://t.co/TCoqbtkBmO,,0,0,0,"<a href=""https://dev.twitter.com/docs/tfw"" rel=""nofollow"">Twitter for Websites</a>",jasin ,False,48,312
3.94546E+17,2013-10-27 19:27:53+00:00,brothboy99,I scored 86 points in Gameweek 9 on Fantasy Premier League http://t.co/88gPnmDTWs,,0,0,0,"<a href=""https://dev.twitter.com/docs/tfw"" rel=""nofollow"">Twitter for Websites</a>",,False,345,252
3.94682E+17,2013-10-28 04:30:12+00:00,abjazx,I scored 58 points in Gameweek 9 on Fantasy Premier League and #kpl geh 3 vana ah http://t.co/vjzQxMFsG4,['kpl'],0,0,0,"<a href=""https://dev.twitter.com/docs/tfw"" rel=""nofollow"">Twitter for Websites</a>","Dh.Kudahuvadhoo,Rep.Maldives",False,79,208
3.94859E+17,2013-10-28 16:10:29+00:00,miguelangelb81,Soy el mejor de la liga y voy 10º en el Head2Head. I scored 84 points in Gameweek 9 on Fantasy Premier League http://t.co/5GdAzwAf8U,,0,0,0,"<a href=""https://dev.twitter.com/docs/tfw"" rel=""nofollow"">Twitter for Websites</a>",Madrid - Spain,False,175,463
3.94885E+17,2013-10-28 17:53:13+00:00,I_Am_NeJi,Fantasy Premier League 2013 Week 10: Signings That Will Change Your Season http://t.co/nReurFvXpt #Football,['Football'],0,0,0,"<a href=""https://dlvrit.com/"" rel=""nofollow"">dlvr.it</a>",,False,463,444
3.95179E+17,2013-10-29 13:22:00+00:00,_sladeLJ,"Anyone whos on the Premier League fantasy football league... how can my players drop in value, but not increase in value? I'm being shafted",,0,0,0,"<a href=""http://twitter.com/download/android"" rel=""nofollow"">Twitter for Android</a>",,False,371,1063
3.95454E+17,2013-10-30 07:35:27+00:00,Twittyfooty,Fantasy Premier League 2013: Projecting Optimal Lineup for Week 10 http://t.co/L7ii0i1xGb #BleacherReport,['BleacherReport'],0,0,0,"<a href=""http://twitterfeed.com"" rel=""nofollow"">twitterfeed</a>",Dhaka,False,1407,184
3.95767E+17,2013-10-31 04:19:33+00:00,yoga_gustomi11,I scored 62 points in Gameweek 9 on Fantasy Premier League http://t.co/DfDHHUakZ8,,0,0,0,"<a href=""https://dev.twitter.com/docs/tfw"" rel=""nofollow"">Twitter for Websites</a>",,False,2590,489
3.9583E+17,2013-10-31 08:30:23+00:00,purvi_purvi,"@grvmttl priteshHotmail invited you to Join Major League Fantasy, the  premier real money fantasy sports%2",,0,0,0,"<a href=""https://68.168.111.111"" rel=""nofollow"">Major League Fantasy - QA server</a>",,False,1,9
3.95918E+17,2013-10-31 14:21:27+00:00,HondaKyoto,Premier League Fantasy Football 2013-14: Top Player Picks for Gameweek 10 http://t.co/KTSxLgYrZA,,0,0,0,"<a href=""https://ifttt.com"" rel=""nofollow"">IFTTT</a>",Los Angeles,False,652,1422
3.95964E+17,2013-10-31 17:20:53+00:00,faizshamshul,Sape ada Fantasy Premier League? Aku nk buat League baru ni. Mai la join sape2,,0,0,1,"<a href=""http://twitter.com"" rel=""nofollow"">Twitter Web Client</a>","Old Trafford, Manchester",False,694,440
3.96198E+17,2013-11-01 08:51:44+00:00,olarmide_,"Premier League fantasy football tips – Lovren, Oscar and Lukaku in your team: Premier League fantasy football ... http://t.co/ugBFShrztp",,0,0,0,"<a href=""http://twitterfeed.com"" rel=""nofollow"">twitterfeed</a>","Martinsburg, WV",False,1250,1144
3.96348E+17,2013-11-01 18:48:05+00:00,MartinHanebeck,"BUY!""@premierleague:Who makes your @EASPORTSFIFA Fantasy Premier League team? http://t.co/HNjFD1eHLt http://t.co/BBhiQEAdfN"" #arnautovic #pl","['arnautovic', 'pl']",0,1,0,"<a href=""http://twitter.com/download/android"" rel=""nofollow"">Twitter for Android</a>","München, Bayern",False,1140,479
3.96424E+17,2013-11-01 23:52:00+00:00,CarePay,@premierleague how do u download fantasy premier league,,0,0,0,"<a href=""http://twitter.com/download/android"" rel=""nofollow"">Twitter for Android</a>",,False,1,13
3.96589E+17,2013-11-02 10:45:33+00:00,iamaldri,SILVA ! RT @_fantasypremier: GW10 #fpl (c) is ________?,['fpl'],0,0,0,"<a href=""https://about.twitter.com/products/tweetdeck"" rel=""nofollow"">TweetDeck</a>",Aldri's Kandang,False,464,415
3.96654E+17,2013-11-02 15:03:27+00:00,KieranJessup,It all went down hill for Joe Hart when I selected him for my fantasy premier league team,,0,0,0,"<a href=""http://twitter.com"" rel=""nofollow"">Twitter Web Client</a>","Dover, England",False,299,2102
3.96677E+17,2013-11-02 16:34:03+00:00,MattFoster96,49 Fantasy Premier League points off 4 players so far ;),,0,0,0,"<a href=""http://twitter.com/#!/download/ipad"" rel=""nofollow"">Twitter for iPad</a>","Margate, England",False,417,311
3.96734E+17,2013-11-02 20:21:56+00:00,Ksag1991,I scored 60 points in Gameweek 10 on Fantasy Premier League http://t.co/3gbNiZhGxm,,0,0,0,"<a href=""https://dev.twitter.com/docs/tfw"" rel=""nofollow"">Twitter for Websites</a>",Egypt,False,862,284
3.96772E+17,2013-11-02 22:54:17+00:00,kevindye1981,@liammcg13 are you doing fantasy premier league this year?,,0,0,1,"<a href=""http://twitter.com/download/iphone"" rel=""nofollow"">Twitter for iPhone</a>","Birkenhead, England",False,1153,1346
3.96786E+17,2013-11-02 23:47:35+00:00,rcdy_,"wahaha, main nya dimana mas? RT @AKCTimur: Fantasy Premier League ., :D RT rcryshna: FPL kui opo mas? kudet (cont) http://t.co/2ULGbK3GAP",,0,0,0,"<a href=""http://www.writelonger.com"" rel=""nofollow"">Write Longer</a>","DKI Jakarta, Indonesia",False,380,319
3.96789E+17,2013-11-03 00:00:16+00:00,Sheni_S,No1 wants to @ me cos I'm top of the fantasy and premier league,,0,0,0,"<a href=""http://twitter.com"" rel=""nofollow"">Twitter Web Client</a>",Bedfordshire,False,116,165
3.96842E+17,2013-11-03 03:30:40+00:00,DDF_H,#Alvaro Fantasy Premier League http://t.co/6o8kUGACm6,['Alvaro'],0,0,0,"<a href=""http://www.facebook.com/twitter"" rel=""nofollow"">Facebook</a>",,False,417,952
3.96899E+17,2013-11-03 07:18:49+00:00,UnofficialPL,Fantasy Premier League 2013 Week 10: Players Who Gained Value After Saturday http://t.co/OdOYsNncRe,,0,0,0,"<a href=""https://dlvrit.com/"" rel=""nofollow"">dlvr.it</a>","London, UK.",False,3829,1650
3.96921E+17,2013-11-03 08:44:28+00:00,JustWangia,-8pts though RT @_fantasypremier: Who's got this good Sunday feeling? #gw10 #fpl http://t.co/wgz7k9KlHd,"['gw10', 'fpl']",0,0,0,"<a href=""https://mobile.twitter.com"" rel=""nofollow"">Mobile Web (M2)</a>",Kenya,False,546,425
3.96928E+17,2013-11-03 09:13:19+00:00,AchillesAnkle,A 0-0 at Goodison Park and a perfect week for my fantasy premier league team will be complete #coleman #dawson,"['coleman', 'dawson']",0,0,0,"<a href=""http://twitter.com/download/android"" rel=""nofollow"">Twitter for Android</a>","Barcelona, Spain",False,481,724
3.96984E+17,2013-11-03 12:54:48+00:00,fariansjah,"@ribhiazhari lupa bi kayanya dikit, duet suarez-sturridge gak pol, paling cuma ramsey yg lumayan.. kalo fantasy premier league kayanya bagus",,0,0,1,"<a href=""http://ubersocial.com"" rel=""nofollow"">UberSocial for BlackBerry</a>",heima,False,382,371
3.97032E+17,2013-11-03 16:05:51+00:00,Donz_____,Smashed everyone on Fantasy Premier League again this week. Huge points.,,0,0,0,"<a href=""http://twitter.com/download/iphone"" rel=""nofollow"">Twitter for iPhone</a>","The North, UK.",False,110,198
3.97062E+17,2013-11-03 18:06:15+00:00,fadhlirashid93,I scored 67 points in Gameweek 10 on Fantasy Premier League http://t.co/QImFZVjvYo,,0,1,0,"<a href=""https://dev.twitter.com/docs/tfw"" rel=""nofollow"">Twitter for Websites</a>",Johor Bahru,False,425,271
3.97063E+17,2013-11-03 18:07:45+00:00,fadhlirashid93,I scored 88 points in Gameweek 10 on Fantasy Premier League http://t.co/IIaO5wh7qn,,0,0,0,"<a href=""https://dev.twitter.com/docs/tfw"" rel=""nofollow"">Twitter for Websites</a>",Johor Bahru,False,425,271
3.97063E+17,2013-11-03 18:08:01+00:00,Cunnnn_,I scored 71 points in Gameweek 10 on Fantasy Premier League http://t.co/K6AiIuyuHA,,0,0,0,"<a href=""https://dev.twitter.com/docs/tfw"" rel=""nofollow"">Twitter for Websites</a>","Selangor, Malaysia",False,296,842
3.97064E+17,2013-11-03 18:14:26+00:00,10_utki,I scored 73 points in Gameweek 10 on Fantasy Premier League http://t.co/QkIO8riJVy,,0,0,0,"<a href=""https://dev.twitter.com/docs/tfw"" rel=""nofollow"">Twitter for Websites</a>",Nepal,False,104,537
3.9708E+17,2013-11-03 19:15:05+00:00,Fantasy_T_Tips,"Mesut Özil: ""Arsenal can win the Premier League.""

#H17 http://t.co/mjJYsiTQ0J",['H17'],0,0,0,"<a href=""http://www.facebook.com/twitter"" rel=""nofollow"">Facebook</a>",,False,977,36
3.97167E+17,2013-11-04 01:03:02+00:00,S00DB0NGEK,I scored 77 points in Gameweek 10 on Fantasy Premier League http://t.co/wSmuyx31GI,,0,0,0,"<a href=""https://dev.twitter.com/docs/tfw"" rel=""nofollow"">Twitter for Websites</a>",K4J4NG,False,2,17
3.97212E+17,2013-11-04 04:01:44+00:00,1miswar,"Apa kabarnya Sinyo FC di Fantasy Premier League, lama tak terurus",,0,0,0,"<a href=""http://twitter.com"" rel=""nofollow"">Twitter Web Client</a>","Kudus, Indonesia",False,150,182
3.97281E+17,2013-11-04 08:34:04+00:00,fenriros,I scored 82 points in Gameweek 10 on Fantasy Premier League http://t.co/H4NMGoznQE,,0,0,0,"<a href=""https://dev.twitter.com/docs/tfw"" rel=""nofollow"">Twitter for Websites</a>",Poland,False,689,861
3.97289E+17,2013-11-04 09:07:02+00:00,hookz_andry95,@mahfuds_ fantasy premier league,,0,0,0,"<a href=""https://mobile.twitter.com"" rel=""nofollow"">Mobile Web (M2)</a>","Liverpool, Indonesia",False,57,183
3.97488E+17,2013-11-04 22:16:23+00:00,faaicunk,This is it. Fantasy premier league,,0,0,0,"<a href=""http://www.writelonger.com"" rel=""nofollow"">Write Longer</a>","Pati, Indonesia",False,482,203
3.9768E+17,2013-11-05 11:02:33+00:00,HunterMatt777,I scored 80 points in Gameweek 10 on Fantasy Premier League http://t.co/WNnlTFkAjL,,0,0,0,"<a href=""https://dev.twitter.com/docs/tfw"" rel=""nofollow"">Twitter for Websites</a>",London,False,1064,2254
3.97988E+17,2013-11-06 07:25:38+00:00,Yonk1933,Fantasy Premier League 2013: Projecting Optimal Lineup for Week 11: The effort to create a perfect line-up rol... http://t.co/DtE4Pb6BGT,,0,0,0,"<a href=""http://twitterfeed.com"" rel=""nofollow"">twitterfeed</a>",ig : @yonk019,False,280,17
3.98E+17,2013-11-06 08:12:56+00:00,RuleChristian,@OfficialQPR Note to fans excellent 6 minute web short on Premier Fantasy League homepage today about QPR legend #Trevor Sinclair,['Trevor'],0,0,0,"<a href=""http://twitter.com/download/iphone"" rel=""nofollow"">Twitter for iPhone</a>",London,False,112,114
3.98009E+17,2013-11-06 08:49:53+00:00,azlanawesome7,Fantasy premier league last week dpt highest score dlm 2 groups. Haha. #fantasyfootball… http://t.co/vauuAIplgc,['fantasyfootball'],1,0,0,"<a href=""http://instagram.com"" rel=""nofollow"">Instagram</a>",malaysia,False,35,157
3.9801E+17,2013-11-06 08:50:36+00:00,Kemo7Kono,I scored 59 points in Gameweek 10 on Fantasy Premier League http://t.co/Zo8LnTAta3,,0,1,0,"<a href=""https://dev.twitter.com/docs/tfw"" rel=""nofollow"">Twitter for Websites</a>","El Monofia, Egypt",False,3956,157
3.9818E+17,2013-11-06 20:07:10+00:00,PriceChangesFF,"If Oscar plays well tonight, he will rise in Fantasy Premier League, #FPL from £9.0 to £9.1",['FPL'],0,0,0,"<a href=""http://twitter.com"" rel=""nofollow"">Twitter Web Client</a>",,False,122,53
3.98599E+17,2013-11-07 23:52:22+00:00,VillaHarty,Read my latest blog.... Fantasy Football Tactics: Premier League Week 11 Preview. http://t.co/sfjLo9bRsz,,0,0,0,"<a href=""https://dev.twitter.com/docs/tfw"" rel=""nofollow"">Twitter for Websites</a>","London, England",False,623,3310
3.98877E+17,2013-11-08 18:18:12+00:00,bolakaltim,Tips DS: Fantasy Premier League Pekan ke-11 http://t.co/T5K4cR5yaO #bolakaltim,['bolakaltim'],0,0,0,"<a href=""http://twitterfeed.com"" rel=""nofollow"">twitterfeed</a>",Kalimantan Timur,False,1281,142
3.98877E+17,2013-11-08 18:18:25+00:00,TheBlues_Store,Tips DS: Fantasy Premier League Pekan ke-11 http://t.co/xpclKQMJP7,,0,0,0,"<a href=""http://twitterfeed.com"" rel=""nofollow"">twitterfeed</a>","Bandung, Indonesia",False,4735,84
3.98877E+17,2013-11-08 18:18:42+00:00,ClanENDANKs,Tips DS: Fantasy Premier League Pekan ke-11: Momen kebangkitan juga tengah diusung Chelsea yang pekan lalu sec... http://t.co/Lna3kP2jE1,,0,0,0,"<a href=""http://twitterfeed.com"" rel=""nofollow"">twitterfeed</a>",Indonesia,False,137,13
3.98877E+17,2013-11-08 18:18:51+00:00,TweetUnited_ID,DuniaSoccer - Tips DS: Fantasy Premier League Pekan ke-11 http://t.co/HhDCx8Z1jd,,40,0,0,"<a href=""http://twitterfeed.com"" rel=""nofollow"">twitterfeed</a>","Manchester, English",False,9311,86
3.9911E+17,2013-11-09 09:42:49+00:00,Lmmason89,Some big decisions to be made on fantasy premier league today. #lukaku or #benteke hard choice could both score!,"['lukaku', 'benteke']",0,0,0,"<a href=""http://twitter.com/download/android"" rel=""nofollow"">Twitter for Android</a>",Nottingham,False,604,968
3.9912E+17,2013-11-09 10:25:08+00:00,Futbol_newsnow,"Fantasy Premier League 2013 Week 11: Defenders, Midfielders and Strikers to Sign http://t.co/8r6OKlvp20",,0,0,0,"<a href=""https://dlvrit.com/"" rel=""nofollow"">dlvr.it</a>",,False,207,0
3.9919E+17,2013-11-09 14:59:41+00:00,goez_anom,"Wkwkwkwk""@komanksu: fantasy premier league yang terlupakan..""",,0,0,0,"<a href=""http://blackberry.com/twitter"" rel=""nofollow"">Twitter for BlackBerry®</a>","Ubung,Denpasar",False,630,337
3.99572E+17,2013-11-10 16:20:20+00:00,RayBarber21,My fantasy premier league team can just go.....fall off earth!,,0,0,0,"<a href=""http://twitter.com/download/iphone"" rel=""nofollow"">Twitter for iPhone</a>","London, England",False,242,324
3.99608E+17,2013-11-10 18:43:02+00:00,EEmMortal,Mxm arsenal players got me kak ratings in my fantasy premier league,,0,0,0,"<a href=""http://twitter.com/download/android"" rel=""nofollow"">Twitter for Android</a>",Pretoria,False,188,372
3.99651E+17,2013-11-10 21:32:21+00:00,MohdSayedd10,"I scored 54 points in Gameweek 11 on Fantasy Premier League http://t.co/ESShFOoAl3
للأسف الشديد",,0,0,1,"<a href=""https://dev.twitter.com/docs/tfw"" rel=""nofollow"">Twitter for Websites</a>","Cairo, Egypt",False,312,34
3.99677E+17,2013-11-10 23:17:31+00:00,cleoasbury_,It literally stresses my head how I joined a week late on fantasy premier league because I know how much higher up the table I would be now💆,,0,1,0,"<a href=""http://twitter.com/download/iphone"" rel=""nofollow"">Twitter for iPhone</a>",,False,1648,855
3.99772E+17,2013-11-11 05:32:24+00:00,KobbySmyles,I scored 76 points in Gameweek 11 on Fantasy Premier League http://t.co/VlsdSSCghP,,0,0,0,"<a href=""https://dev.twitter.com/docs/tfw"" rel=""nofollow"">Twitter for Websites</a>",Rack City..,False,4651,1186
3.99809E+17,2013-11-11 08:01:55+00:00,ridlegend,I scored 75 points in Gameweek 11 on Fantasy Premier League http://t.co/PwhXcX4c44,,0,0,0,"<a href=""https://dev.twitter.com/docs/tfw"" rel=""nofollow"">Twitter for Websites</a>",On loan to Stockport,False,597,363
3.9981E+17,2013-11-11 08:06:13+00:00,HondaKyoto,Fantasy Premier League 2013 Week 12: Players Who Are Struggling for Form http://t.co/KTSxLgYrZA,,0,0,0,"<a href=""https://ifttt.com"" rel=""nofollow"">IFTTT</a>",Los Angeles,False,652,1422
3.99818E+17,2013-11-11 08:35:44+00:00,Timothyopemipo,Fantasy Premier League 2013 Week 12: Players Who Are Struggling for Form: The most difficult aspect of your av... http://t.co/tecdfF0pV6,,0,0,0,"<a href=""http://twitterfeed.com"" rel=""nofollow"">twitterfeed</a>",,False,594,510
4.01633E+17,2013-11-16 08:48:45+00:00,feliz_barbie,Fantasy Premier League 2013 Week 12: Signings That Will Change Your Season http://t.co/lborxA5l9A,,0,0,0,"<a href=""https://dlvrit.com/"" rel=""nofollow"">dlvr.it</a>",,False,488,183
4.01649E+17,2013-11-16 09:51:33+00:00,SteveMander,I scored a poor 41 points in Gameweek 11 on Fantasy Premier League http://t.co/Qmujrrodah,,0,0,0,"<a href=""https://dev.twitter.com/docs/tfw"" rel=""nofollow"">Twitter for Websites</a>",,False,160,903
4.02199E+17,2013-11-17 22:18:16+00:00,InuBagaskoro1,"Fantasy Premier league
Ramsey terlaris Benteke terbuang",,0,0,0,"<a href=""https://mobile.twitter.com"" rel=""nofollow"">Mobile Web (M2)</a>",,False,447,533
4.02483E+17,2013-11-18 17:06:47+00:00,Info_Sukan,"Premier Fantasy League Tips !

Midfielder

Mesut Ozil, Aaron Ramsey, Yaya Toure, Lallana, Silva, Nasri",,0,0,0,"<a href=""http://www.facebook.com/twitter"" rel=""nofollow"">Facebook</a>",,False,210,0
4.03075E+17,2013-11-20 08:19:22+00:00,FVSNN2012,Fantasy Premier League 2013: Projecting Optimal Lineup for Week 12 http://t.co/u6WoNtj75w,,0,0,0,"<a href=""https://ifttt.com"" rel=""nofollow"">IFTTT</a>",The Fan Cave,False,1085,718
4.03515E+17,2013-11-21 13:29:01+00:00,SherianFaiz,Oh iya Fantasy Premier League gapernah dibuka-_-,,0,0,0,"<a href=""http://twitter.com/download/android"" rel=""nofollow"">Twitter for Android</a>",21,False,811,882
4.04068E+17,2013-11-23 02:05:22+00:00,hairaul,Fantasy Premier League belum edit lagi. #FPL,['FPL'],0,0,1,"<a href=""http://twitter.com/download/android"" rel=""nofollow"">Twitter for Android</a>","Kuala Lumpur, Malaysia",False,441,693
4.04168E+17,2013-11-23 08:40:27+00:00,2fly8,Fantasy Premier League 2013 Week 12: Players Likely to Earn Big Points http://t.co/RmVlzyiO06,,0,0,0,"<a href=""https://dlvrit.com/"" rel=""nofollow"">dlvr.it</a>",Las Gidi,False,519,794
4.04187E+17,2013-11-23 09:58:52+00:00,hanziebabyx,@MikeHewitt07 Oohh if I don't hear enough about the Fantasy Premier League on a weekend ...lol,,0,0,1,"<a href=""http://blackberry.com/twitter"" rel=""nofollow"">Twitter for BlackBerry®</a>",Hull,False,233,463
4.04253E+17,2013-11-23 14:20:55+00:00,YusraMohdZ,Fantasy premier league. Nape la season ni aku tak register. Babi hutan toiii,,0,0,0,"<a href=""http://twitter.com/download/android"" rel=""nofollow"">Twitter for Android</a>",Klang,False,124,120
4.04257E+17,2013-11-23 14:34:47+00:00,AthomasAFL,"It's games like these I hate Fantasy Premier League when I just have Mignolet and everyone else has Lukaku, Suarez + Sturridge!",,0,0,0,"<a href=""http://twitter.com"" rel=""nofollow"">Twitter Web Client</a>",Melbourne,False,652,367
4.04301E+17,2013-11-23 17:29:12+00:00,AliKhalife23,"*removes lukaku and giroud from the fantasy premier league squad and both score 4 goals combined*
Feel like committing suicide",,0,0,0,"<a href=""http://twitter.com/download/iphone"" rel=""nofollow"">Twitter for iPhone</a>",Luxembourg,False,372,291
4.0452E+17,2013-11-24 08:01:01+00:00,yoga_gustomi11,I scored 37 points in Gameweek 12 on Fantasy Premier League http://t.co/cFPgacBAkR,,0,0,0,"<a href=""https://dev.twitter.com/docs/tfw"" rel=""nofollow"">Twitter for Websites</a>",,False,2590,489
4.04585E+17,2013-11-24 12:20:02+00:00,hafiz_bakhtiar,Mohon sesangat @JazzmanAdiputra @fadhil20 @luqmanolaa @Harith_13 buat fantasy premier league and join our league...kahkahkah,,0,1,2,"<a href=""http://twitter.com/download/android"" rel=""nofollow"">Twitter for Android</a>",Metropolis Meru,False,367,296
4.04635E+17,2013-11-24 15:35:58+00:00,H_473,I scored 46 points in Gameweek 12 on Fantasy Premier League http://t.co/qZPQuZazTT,,0,0,0,"<a href=""http://twitter.com/download/android"" rel=""nofollow"">Twitter for Android</a>",Kuwait,False,1306,456
4.04656E+17,2013-11-24 16:59:32+00:00,mynameisfaez,Pebendela lu ni bru nk sign up fantasy premier league.terkial2 ak tgk.,,0,0,0,"<a href=""http://twitter.com/download/android"" rel=""nofollow"">Twitter for Android</a>",Joho,False,70,507
4.04737E+17,2013-11-24 22:23:22+00:00,I_Am_NeJi,Fantasy Premier League Transfers 2013: Top Roster Additions for Week 13 http://t.co/hENdqAE660 #Football,['Football'],0,0,0,"<a href=""https://dlvrit.com/"" rel=""nofollow"">dlvr.it</a>",,False,463,444
4.04775E+17,2013-11-25 00:55:34+00:00,e1_bad,meletop fantasy premier league ak. haha,,0,0,1,"<a href=""http://twitter.com"" rel=""nofollow"">Twitter Web Client</a>",,False,298,540
4.04816E+17,2013-11-25 03:37:33+00:00,adam_haiqal10,I scored 83 points in Gameweek 12 on Fantasy Premier League http://t.co/yc9AdUr92I,,0,0,0,"<a href=""https://dev.twitter.com/docs/tfw"" rel=""nofollow"">Twitter for Websites</a>",Kuala Lumpur...,False,69,144
4.04863E+17,2013-11-25 06:43:04+00:00,AshishMUFC,I scored 79 points in Gameweek 12 on Fantasy Premier League http://t.co/mfau93LvTl,,0,0,0,"<a href=""https://dev.twitter.com/docs/tfw"" rel=""nofollow"">Twitter for Websites</a>",India,False,104,393
4.04884E+17,2013-11-25 08:06:13+00:00,Zul4iman,I scored 78 points in Gameweek 12 on Fantasy Premier League http://t.co/62E7xxzMPv,,0,1,0,"<a href=""https://dev.twitter.com/docs/tfw"" rel=""nofollow"">Twitter for Websites</a>",,False,342,366
4.04971E+17,2013-11-25 13:52:52+00:00,Kamah__,"""99 @NLeo7: I scored 64 points in Gameweek 12 on Fantasy Premier League http://t.co/t1D01TugyH""",,0,0,0,"<a href=""http://www.twitter.com"" rel=""nofollow"">Twitter for Windows Phone</a>","Githurai, progressive",False,2546,868
4.05049E+17,2013-11-25 19:04:58+00:00,BBGChrisLappin,Join our Fantasy Premier League - The 606v2 Fantasy League Code 8415-68694 http://t.co/0jLWdIsSyq - #Twitter92 follow back #EPL #BPL,"['Twitter92', 'EPL', 'BPL']",0,0,0,"<a href=""http://www.twitter.com"" rel=""nofollow"">Twitter for BlackBerry</a>","Wallasey, England",False,20073,13047
4.05104E+17,2013-11-25 22:41:33+00:00,Fantasy_T_Tips,"Barclays Premier League
 2013/ 2014 Season
 Week 12 Table Results

 Pos. Team Pl W D L GF GA +/- Pts

 1 Arsenal... http://t.co/ud9p76snCY",,0,0,0,"<a href=""http://www.facebook.com/twitter"" rel=""nofollow"">Facebook</a>",,False,977,36
4.05365E+17,2013-11-26 15:58:30+00:00,fahim_shafie,I scored 61 points in Gameweek 12 on Fantasy Premier League http://t.co/hWXSy8T53G,,0,0,0,"<a href=""https://dev.twitter.com/docs/tfw"" rel=""nofollow"">Twitter for Websites</a>",Ampang,False,477,358
4.05603E+17,2013-11-27 07:44:44+00:00,Chelsea_NFI,"How many of these players did you have in your Fantasy Premier League team in Gameweek 12?

Twitter Follow Me... http://t.co/omuOaeOAvg",,0,0,0,"<a href=""http://www.facebook.com/twitter"" rel=""nofollow"">Facebook</a>",,False,226,7
4.05606E+17,2013-11-27 07:54:22+00:00,Yonk1933,Fantasy Premier League 2013: Projecting Optimal Lineup for Week 13: It is never easy to predict which stars wi... http://t.co/roACPgS75v,,0,0,0,"<a href=""http://twitterfeed.com"" rel=""nofollow"">twitterfeed</a>",ig : @yonk019,False,280,17
4.05614E+17,2013-11-27 08:28:12+00:00,Focus_visuals,Fantasy Premier League 2013: Projecting Optimal Lineup for Week 13: It is never easy to predict which stars wi... http://t.co/W3uCxaalxI,,0,0,0,"<a href=""http://twitterfeed.com"" rel=""nofollow"">twitterfeed</a>",Lagos™,False,152,454
4.05614E+17,2013-11-27 08:28:54+00:00,DiscountTixBox,Fantasy Premier League 2013: Projecting Optimal Lineup for Week 13 http://t.co/gYxAeCuLTD,,0,0,0,"<a href=""http://www.hootsuite.com"" rel=""nofollow"">Hootsuite</a>",,False,1276,1637
4.05631E+17,2013-11-27 09:35:44+00:00,FCBarcaTrap,Fantasy Premier League 2013: Projecting Optimal Lineup for Week 13 http://t.co/oF3BvTBpHL #barca #laliga,"['barca', 'laliga']",0,0,0,"<a href=""http://trap.it"" rel=""nofollow"">Trapit</a>",,False,90,89
4.06097E+17,2013-11-28 16:27:14+00:00,iPhone_4S_Drips,"Barclays Premier League fantasy football app for iPhone, iPad http://t.co/2vPxN9dHVN Via http://t.co/iLS5DFxhrn #iphone4s",['iphone4s'],0,0,0,"<a href=""https://dlvrit.com/"" rel=""nofollow"">dlvr.it</a>",US,False,6035,1745
4.06225E+17,2013-11-29 00:56:39+00:00,Fakta_ChelseaFC,[ Daily Mail ] - Fantasy Friday: Which Premier League side have toughest Christmas fixtures? http://t.co/BH4VM8VZTT #CFC,['CFC'],0,0,0,"<a href=""http://twitterfeed.com"" rel=""nofollow"">twitterfeed</a>",Indonesia,False,4677,76
4.06233E+17,2013-11-29 01:28:52+00:00,ChelseaPulse,Mail Online: Fantasy Friday: Which Premier League side have toughest Christmas fixtures?: Welcome to Sportsmai... http://t.co/my8fl9CZVg,,0,0,0,"<a href=""http://twitterfeed.com"" rel=""nofollow"">twitterfeed</a>","Fulham, London",False,61,87
4.06403E+17,2013-11-29 12:43:59+00:00,_RyanAFC,"3 rounds of Premier League games in the next week, thought I'd prepare my fantasy football team to take some points #FantasyFootball",['FantasyFootball'],0,0,0,"<a href=""http://twitter.com/#!/download/ipad"" rel=""nofollow"">Twitter for iPad</a>","Bedford, England",False,1825,1116
4.06632E+17,2013-11-30 03:54:21+00:00,Ammiammad,Tips DS: Fantasy Premier League Pekan ke-13 http://t.co/XTgrb0ieDS,,0,0,0,"<a href=""https://dlvrit.com/"" rel=""nofollow"">dlvr.it</a>",YNWA,False,2158,1647
4.06701E+17,2013-11-30 08:29:13+00:00,JustFPL,Fantasy Premier League 2013 Week 13: Players Likely to Earn Big Points http://t.co/dJ6A94KQz6,,0,0,0,"<a href=""https://dlvrit.com/"" rel=""nofollow"">dlvr.it</a>",Malaysia,False,835,71
4.06837E+17,2013-11-30 17:29:17+00:00,TNC_Justin,Wasn't fancying a win for the Gunners but Ramsey scored two and he's in my Fantasy Premier League team. So I could live with that.,,0,1,0,"<a href=""https://about.twitter.com/products/tweetdeck"" rel=""nofollow"">TweetDeck</a>",,False,211,162
4.07073E+17,2013-12-01 09:03:42+00:00,akenggg,Baru perasan minggu neh lupa update team fantasy premier league,,0,0,0,"<a href=""http://twitter.com/download/android"" rel=""nofollow"">Twitter for Android</a>",,False,295,284
4.07136E+17,2013-12-01 13:15:05+00:00,H_473,I scored 50 points in Gameweek 13 on Fantasy Premier League http://t.co/0kUA8yUcpP,,0,0,0,"<a href=""http://twitter.com/download/android"" rel=""nofollow"">Twitter for Android</a>",Kuwait,False,1306,456
4.07448E+17,2013-12-02 09:57:31+00:00,vicbang_mma,Fantasy Premier League 2013 Week 14: Signings That Will Change Your Season http://t.co/ALJt65akBE,,0,0,0,"<a href=""http://publicize.wp.com/"" rel=""nofollow"">Jetpack.com</a>",United States,False,537,1637
4.07531E+17,2013-12-02 15:23:49+00:00,pokyenn,@shafeqibrahim94 sya ulang..sapo paling ats dlm fantasy premier league..haha,,0,0,0,"<a href=""http://twitter.com/download/android"" rel=""nofollow"">Twitter for Android</a>",,False,228,196
4.07532E+17,2013-12-02 15:28:08+00:00,Chelsea_Gundar,"Oh iya , banyak yg main Fantasy Premier League ga ?",,0,0,0,"<a href=""http://blackberry.com/twitter"" rel=""nofollow"">Twitter for BlackBerry®</a>",Gunadarma,False,871,93
4.0767E+17,2013-12-03 00:39:00+00:00,randy7prayoga,I scored 65 points in Gameweek 13 on Fantasy Premier League http://t.co/girfRMRc10,,0,0,0,"<a href=""https://dev.twitter.com/docs/tfw"" rel=""nofollow"">Twitter for Websites</a>",,False,242,207
4.08231E+17,2013-12-04 13:47:35+00:00,shegixo,71 points in Gameweek 13 on Fantasy Premier League http://t.co/ggJkgVZ27E #fantasypremierleague,['fantasypremierleague'],0,0,0,"<a href=""http://blackberry.com/twitter"" rel=""nofollow"">Twitter for BlackBerry®</a>",Makurdi ,False,66,143
4.08313E+17,2013-12-04 19:14:43+00:00,DhirajBhanderi,Bare Fantasy premier league players gonna be angry that Giroud not starting,,0,0,0,"<a href=""http://twitter.com/download/iphone"" rel=""nofollow"">Twitter for iPhone</a>",,False,203,713
4.08327E+17,2013-12-04 20:06:50+00:00,Mutaz_AbuSabt,Commentary mentioned how everyone made Suarez a captain today with the game against Norwich.  .  Fantasy premier league #FPL,['FPL'],0,0,0,"<a href=""http://twitter.com/download/android"" rel=""nofollow"">Twitter for Android</a>","Riyadh, Kingdom of Saudi Arabia",False,1837,2033
4.08333E+17,2013-12-04 20:32:41+00:00,TomSeabrook93,loving the fact I have Suarez as my captain in my fantasy premier league team!,,0,0,0,"<a href=""http://twitter.com/#!/download/ipad"" rel=""nofollow"">Twitter for iPad</a>","Bexhill, England",False,394,1248
4.08343E+17,2013-12-04 21:13:40+00:00,cheq18,I scored 59 points in Gameweek 14 on Fantasy Premier League http://t.co/AjWj122Ek1,,0,0,0,"<a href=""https://dev.twitter.com/docs/tfw"" rel=""nofollow"">Twitter for Websites</a>",,False,222,185
4.08345E+17,2013-12-04 21:21:44+00:00,ItsGucci1,Who would be down for fantasy premier league?,,0,0,0,"<a href=""http://twitter.com"" rel=""nofollow"">Twitter Web Client</a>",Boston MA,False,109,363
4.08346E+17,2013-12-04 21:23:40+00:00,XenosPetros,Whoever has Suarez as captain for Fantasy Premier League. I salute your intuition. Today is your lucky day.,,1,0,2,"<a href=""http://twitter.com/download/android"" rel=""nofollow"">Twitter for Android</a>",Royal blue.,False,2060,1786
4.08355E+17,2013-12-04 21:58:15+00:00,VanTheBigMan,42 points from Luis Suarez for my Fantasy Premier League Team!!! Thank yoy boss!,,0,0,0,"<a href=""http://twitter.com"" rel=""nofollow"">Twitter Web Client</a>",London,False,98,121
4.08368E+17,2013-12-04 22:50:05+00:00,Stan_Subru,"Buana ""@g_kanyi: This is sorcery &gt;RT @Mubia13: I scored 102 points in Gameweek 14 on Fantasy Premier League ""the power of suarez as captain""",,0,0,1,"<a href=""http://twitter.com/download/android"" rel=""nofollow"">Twitter for Android</a>",Kenya,False,19019,1223
4.08403E+17,2013-12-05 01:10:27+00:00,rckymrz,I scored 99 points in Gameweek 14 on Fantasy Premier League http://t.co/daqWpmePvc,,0,0,0,"<a href=""https://dev.twitter.com/docs/tfw"" rel=""nofollow"">Twitter for Websites</a>",Depan layar smartphone,False,413,888
4.0841E+17,2013-12-05 01:39:12+00:00,cheballoo,I scored 103 points in Gameweek 14 on Fantasy Premier League http://t.co/HrNd6MGfN6,,0,0,0,"<a href=""https://dev.twitter.com/docs/tfw"" rel=""nofollow"">Twitter for Websites</a>","Male' , Maldives",False,679,795
4.08424E+17,2013-12-05 02:32:20+00:00,THE_REAL_OZZIE,I scored 97 points in Gameweek 14 on Fantasy Premier League http://t.co/RhRdPOxP7g,,0,0,0,"<a href=""https://dev.twitter.com/docs/tfw"" rel=""nofollow"">Twitter for Websites</a>",INDONESIA,False,427,316
4.08431E+17,2013-12-05 03:01:21+00:00,dxbkingpin,First time i broke 100 points on fantasy premier league #ThankYouSuarez #SuarezForBallonDOR,"['ThankYouSuarez', 'SuarezForBallonDOR']",0,0,0,"<a href=""http://twitter.com"" rel=""nofollow"">Twitter Web Client</a>",Dubai,False,103,164
4.08462E+17,2013-12-05 05:05:05+00:00,kemoi04,I scored 83 points in Gameweek 14 on Fantasy Premier League http://t.co/QnTs0M8A54,,0,0,0,"<a href=""https://dev.twitter.com/docs/tfw"" rel=""nofollow"">Twitter for Websites</a>","Kericho, Kenya 🇰🇪",False,8341,5611
4.08466E+17,2013-12-05 05:21:30+00:00,KayexHenry,I scored 87 points in Gameweek 14 on Fantasy Premier League http://t.co/zN1koXW7nz,,0,0,0,"<a href=""https://dev.twitter.com/docs/tfw"" rel=""nofollow"">Twitter for Websites</a>",Cape Town,False,645,364
4.08478E+17,2013-12-05 06:06:56+00:00,Tsepoy,I scored 104 points in Gameweek 14 on Fantasy Premier League http://t.co/uJnvKvm26U,,0,0,0,"<a href=""https://dev.twitter.com/docs/tfw"" rel=""nofollow"">Twitter for Websites</a>",#Islamabad Bunker ,False,569,756
4.08489E+17,2013-12-05 06:51:23+00:00,Ebaminator,Of course they can win Fantasy Premier League RT @Duzzisantos: Gambon said ManUTD could still win the league. Another failed prediction,,0,0,1,"<a href=""http://erased972529_fzyRVGtcON.com"" rel=""nofollow"">erased972529_fzyRVGtcON</a>",Nigeria ,False,1373,957
4.08491E+17,2013-12-05 06:58:30+00:00,Haharharry_,I scored 102 points in Gameweek 14 on Fantasy Premier League http://t.co/gJ1diCrluK,,0,0,0,"<a href=""https://dev.twitter.com/docs/tfw"" rel=""nofollow"">Twitter for Websites</a>","Johannesburg, South Africa",False,37241,35245
4.08598E+17,2013-12-05 14:06:36+00:00,NousernameID,Baru kali ini dpt point gede ahaha - I scored 101 points in Gameweek 14 on Fantasy Premier League http://t.co/BwkrDOf6xe,,0,0,0,"<a href=""https://dev.twitter.com/docs/tfw"" rel=""nofollow"">Twitter for Websites</a>",,False,514,510
4.08624E+17,2013-12-05 15:49:31+00:00,luizpiqui,Marquei 65 pontos no Fantasy Premier League http://t.co/3I0yOLLZAx,,0,0,0,"<a href=""https://dev.twitter.com/docs/tfw"" rel=""nofollow"">Twitter for Websites</a>",,False,1647,1748
4.08694E+17,2013-12-05 20:27:34+00:00,epiFX,I scored 95 points in Gameweek 14 on Fantasy Premier League http://t.co/KZeQ2GASK9,,0,0,0,"<a href=""https://dev.twitter.com/docs/tfw"" rel=""nofollow"">Twitter for Websites</a>",Taman Bukit Palma,False,580,818
4.08808E+17,2013-12-06 04:01:09+00:00,RobbieRuud,I scored 64 points in Gameweek 14 on Fantasy Premier League http://t.co/58873Q1aw2,,0,0,0,"<a href=""https://dev.twitter.com/docs/tfw"" rel=""nofollow"">Twitter for Websites</a>",🇸🇻,False,2766,1343
4.08887E+17,2013-12-06 09:12:33+00:00,Kevoh__,"1. Create a Fantasy Premier League Called 'Bro' 
2. Give The Code to Friends, ""Bro Code"" 
3. At 1st, i Thought This Tweet Was Funny",,1,0,0,"<a href=""https://mobile.twitter.com"" rel=""nofollow"">Mobile Web (M2)</a>",,False,3644,327
4.09263E+17,2013-12-07 10:08:51+00:00,sukanngokk,"Sapa ambik suarez ramsey ozil mertasacker mgkin dpt point tggi.

Barclays premier league
Football Fantasy",,3,0,0,"<a href=""http://twitter.com/download/android"" rel=""nofollow"">Twitter for Android</a>",,False,376,458
4.09327E+17,2013-12-07 14:21:31+00:00,salehriazq,I wonder how many people have united's defenders in their fantasy premier league team.,,0,0,0,"<a href=""http://twitter.com"" rel=""nofollow"">Twitter Web Client</a>","Munich, Germany",False,1173,368
4.09385E+17,2013-12-07 18:11:23+00:00,alikibombomleya,@keremyuktasir @egemenatman @ertuacar vay amk lebib yalkin styla fantasy premier league!,,0,0,0,"<a href=""http://blackberry.com/twitter"" rel=""nofollow"">Twitter for BlackBerry®</a>",,False,641,1899
4.09625E+17,2013-12-08 10:07:35+00:00,zuharlina1972,I scored 39 points in Gameweek 15 on Fantasy Premier League http://t.co/BR3ih3Oqwm,,0,0,0,"<a href=""https://dev.twitter.com/docs/tfw"" rel=""nofollow"">Twitter for Websites</a>",wangsa maju,False,19,73
4.09663E+17,2013-12-08 12:35:43+00:00,I_am_horpehmie,"Fantasy Premier League 2013 Week 16: Defenders, Midfielders and Strikers to Sign: As the fantasy football seas... http://t.co/PP2vpFttHa",,0,0,0,"<a href=""http://twitterfeed.com"" rel=""nofollow"">twitterfeed</a>",Around The World,False,697,1501
4.0971E+17,2013-12-08 15:45:48+00:00,aminsyafiqabu,"""Arsenal x main lagi ni"" I scored 47 points in Gameweek 15 on Fantasy Premier League http://t.co/hhTacxROCb",,0,0,0,"<a href=""https://dev.twitter.com/docs/tfw"" rel=""nofollow"">Twitter for Websites</a>","Birmingham, England",False,455,247
4.09712E+17,2013-12-08 15:52:32+00:00,ericj_d,"Premier League all morning, first week of fantasy playoffs, then Kobe back tonight? 

Bring me all of the chicken wings",,0,2,0,"<a href=""http://www.echofon.com/"" rel=""nofollow"">Echofon</a>",,False,1704,1030
4.09811E+17,2013-12-08 22:27:05+00:00,GPTurner80,Shocking week on the fantasy premier league. Think I'm going to write this season off already http://t.co/coEyJE6k4B,,0,0,0,"<a href=""http://www.echofon.com/"" rel=""nofollow"">Echofon</a>",,False,604,461
4.09871E+17,2013-12-09 02:22:07+00:00,fadhlirashid93,I scored 66 points in Gameweek 15 on Fantasy Premier League http://t.co/OwulDby9TV,,0,1,0,"<a href=""https://dev.twitter.com/docs/tfw"" rel=""nofollow"">Twitter for Websites</a>",Johor Bahru,False,425,271
4.10147E+17,2013-12-09 20:39:09+00:00,Adewale02,"LOL RT @Yemzine: There's the 'relationship status' section in the Fantasy Premier League now?  ""@Reggalo_: We're married in my fantasy .",,0,0,0,"<a href=""http://www.writelonger.com"" rel=""nofollow"">Write Longer</a>","Lagos, Nigeria",False,981,696
4.10303E+17,2013-12-10 06:59:44+00:00,BBGChrisLappin,"Join our Fantasy Premier League!

The 606v2 Fantasy League Code 8415-68694 

http://t.co/0jLWdIsSyq - 

#Twitter92 follow back 

#EPL #BPL","['Twitter92', 'EPL', 'BPL']",0,0,0,"<a href=""http://www.twitter.com"" rel=""nofollow"">Twitter for BlackBerry</a>","Wallasey, England",False,20073,13047
4.10513E+17,2013-12-10 20:56:52+00:00,BrianJAFlannery,Congrats to 'olliecost' on winning week 14 of the 'Premier Déise' NFLuk Fantasy football league and moving into No 1 position overall #NFL,['NFL'],1,1,1,"<a href=""http://twitter.com"" rel=""nofollow"">Twitter Web Client</a>","Waterford,Ireland",False,1535,662
4.10668E+17,2013-12-11 07:11:23+00:00,jhi_05,Fantasy Premier League.,,0,0,0,"<a href=""http://twitter.com"" rel=""nofollow"">Twitter Web Client</a>",indonesia,False,430,565
4.10678E+17,2013-12-11 07:49:06+00:00,JustFPL,Fantasy Premier League 2013: Projecting Optimal Lineup for Week 16 http://t.co/9umi87vCtt,,0,0,0,"<a href=""https://dlvrit.com/"" rel=""nofollow"">dlvr.it</a>",Malaysia,False,835,71
4.10688E+17,2013-12-11 08:29:00+00:00,G_u_stavo231,Fantasy Premier League 2013: Projecting Optimal Lineup for Week 16 http://t.co/tv3pGct7Xa,,0,0,0,"<a href=""https://dlvrit.com/"" rel=""nofollow"">dlvr.it</a>","Freeman, Lagos, Nigeria",False,2412,3242
4.11131E+17,2013-12-12 13:52:05+00:00,UnofficialPL,"Premier League Injury News, Fantasy Impact: Reds Without Gerrard and Sturridge http://t.co/lcYOFNog2o",,0,0,0,"<a href=""https://dlvrit.com/"" rel=""nofollow"">dlvr.it</a>","London, UK.",False,3829,1650
4.11475E+17,2013-12-13 12:37:30+00:00,hayes243,"Fantasy Premier League 2013/14 by Premier League, about time@jimhogan85 @eanna_murray91 @the_ronnie01  https://t.co/3p06o24yDa",,0,0,0,"<a href=""http://www.apple.com"" rel=""nofollow"">iOS</a>",Templederry,False,56,342
4.11496E+17,2013-12-13 14:00:09+00:00,yoursportmanuk,Fantasy Premier League official app available http://t.co/HeKDa1Kh8O,,0,0,0,"<a href=""http://www.yoursportman.mobi"" rel=""nofollow"">Yoursportmanuk</a>",United Kingdom,False,867,965
4.11539E+17,2013-12-13 16:52:35+00:00,irmanhafidz,FANTASY PREMIER LEAGUE 2013/14,,0,0,0,"<a href=""http://twitter.com"" rel=""nofollow"">Twitter Web Client</a>","Samut Prakan, Thailand",False,824,511
4.11869E+17,2013-12-14 14:43:04+00:00,_Ikmal__,Masyuk bhai point fantasy premier league aku :D,,0,0,0,"<a href=""https://about.twitter.com/products/tweetdeck"" rel=""nofollow"">TweetDeck</a>",,False,423,245
4.12049E+17,2013-12-15 02:36:59+00:00,perplexiety,I scored 30 points in Gameweek 16 on Fantasy Premier League http://t.co/74PRpv84eK,,0,0,0,"<a href=""https://dev.twitter.com/docs/tfw"" rel=""nofollow"">Twitter for Websites</a>",Jakarta Capital Region,False,1155,622
4.12057E+17,2013-12-15 03:09:40+00:00,Timothyopemipo,Fantasy Premier League 2013 Week 17: Showcasing Top Transfer Targets: The highlight of Week 16 didn’t disappoi... http://t.co/rIfhVtWLKI,,0,0,0,"<a href=""http://twitterfeed.com"" rel=""nofollow"">twitterfeed</a>",,False,594,510
4.12076E+17,2013-12-15 04:24:39+00:00,jakurrr,I scored 53 points in Gameweek 16 on Fantasy Premier League http://t.co/VxaKsHnON3,,0,0,0,"<a href=""https://dev.twitter.com/docs/tfw"" rel=""nofollow"">Twitter for Websites</a>","Bandung, Jawa Barat",False,252,526
4.12134E+17,2013-12-15 08:15:47+00:00,BBGChrisLappin,"Join our Fantasy Premier League!

The 606v2 Fantasy League Code 8415-68694 

http://t.co/0jLWdIsSyq 

#Twitter92 follow back 

#EPL #BPL","['Twitter92', 'EPL', 'BPL']",0,0,0,"<a href=""http://www.twitter.com"" rel=""nofollow"">Twitter for BlackBerry</a>","Wallasey, England",False,20073,13047
4.12138E+17,2013-12-15 08:33:09+00:00,iamsymonsezz,@RaquelShiro nlikuona kwa #KOT Fantasy Premier League.. Si unpatie code tafasali,['KOT'],0,0,0,"<a href=""http://www.writelonger.com"" rel=""nofollow"">Write Longer</a>",Old Trafford,False,1600,710
4.1228E+17,2013-12-15 17:56:49+00:00,H_473,I scored 74 points in Gameweek 16 on Fantasy Premier League http://t.co/kXiRlEO9tW,,0,0,0,"<a href=""http://twitter.com/download/android"" rel=""nofollow"">Twitter for Android</a>",Kuwait,False,1306,456
4.1228E+17,2013-12-15 17:58:09+00:00,AS_SHAHIN,#Suarez is the best captain in fantasy premier league #FPL #TOTLIV well done my lovely captain,"['Suarez', 'FPL', 'TOTLIV']",0,0,0,"<a href=""http://twitter.com/#!/download/ipad"" rel=""nofollow"">Twitter for iPad</a>",cairo,False,69,428
4.12316E+17,2013-12-15 20:17:55+00:00,RedsOrDead,Hmmm... I think its time to check out my Fantasy Premier League points! :D. #FPL.,['FPL'],0,0,0,"<a href=""http://blackberry.com/twitter"" rel=""nofollow"">Twitter for BlackBerry®</a>",South Africa,False,6368,378
4.12317E+17,2013-12-15 20:22:55+00:00,Mc1988,I scored 70 points in Gameweek 16 on Fantasy Premier League http://t.co/txmN61jWij,,0,0,0,"<a href=""https://dev.twitter.com/docs/tfw"" rel=""nofollow"">Twitter for Websites</a>","Donegal, Ireland",False,4077,1372
4.12322E+17,2013-12-15 20:42:37+00:00,epiFX,I scored 84 points in Gameweek 16 on Fantasy Premier League http://t.co/RY4khWMWeW,,0,0,0,"<a href=""https://dev.twitter.com/docs/tfw"" rel=""nofollow"">Twitter for Websites</a>",Taman Bukit Palma,False,580,818
4.12416E+17,2013-12-16 02:55:32+00:00,_arifaimin_,I scored 89 points in Gameweek 16 on Fantasy Premier League http://t.co/bthyjGMkmZ,,0,0,0,"<a href=""https://dev.twitter.com/docs/tfw"" rel=""nofollow"">Twitter for Websites</a>",,False,445,241
4.12469E+17,2013-12-16 06:28:48+00:00,rezafalevr,I scored 71 points in Gameweek 16 on Fantasy Premier League http://t.co/7p8x1ymebB,,0,0,0,"<a href=""https://dev.twitter.com/docs/tfw"" rel=""nofollow"">Twitter for Websites</a>",Jakarta,False,508,396
4.12475E+17,2013-12-16 06:50:14+00:00,nobnyandire,I scored 82 points in Gameweek 16 on Fantasy Premier League http://t.co/gjRN4lKDJG,,0,0,0,"<a href=""https://dev.twitter.com/docs/tfw"" rel=""nofollow"">Twitter for Websites</a>",Nairobi-Kenya.,False,3821,4025
4.12597E+17,2013-12-16 14:54:39+00:00,Angga27PzH,I scored 86 points in Gameweek 16 on Fantasy Premier League http://t.co/1Dwb9bevhl #YNWA,['YNWA'],0,0,0,"<a href=""https://dev.twitter.com/docs/tfw"" rel=""nofollow"">Twitter for Websites</a>",Jonggol,False,234,716
4.13252E+17,2013-12-18 10:20:43+00:00,HondaKyoto,Fantasy Premier League 2013: Projecting Optimal Lineup for Week 17 http://t.co/KTSxLgYrZA,,0,0,0,"<a href=""https://ifttt.com"" rel=""nofollow"">IFTTT</a>",Los Angeles,False,652,1422
4.13612E+17,2013-12-19 10:10:31+00:00,2fly8,"Premier League Injury News, Fantasy Impact: City Without Aguero http://t.co/st7WniyxjD",,0,0,0,"<a href=""https://dlvrit.com/"" rel=""nofollow"">dlvr.it</a>",Las Gidi,False,519,794
4.13675E+17,2013-12-19 14:19:08+00:00,honoflife,Premier League Fantasy Football 2013-14: Top Player Picks for Game Week 17 http://t.co/Qp8VUqjrxK,,0,0,0,"<a href=""https://dlvrit.com/"" rel=""nofollow"">dlvr.it</a>","ÜT: 6.4747008,3.3821945",False,1191,1626
4.13826E+17,2013-12-20 00:18:03+00:00,ChelseaFootie,Fantasy Football hints and tips: The injured Premier League stars and who will fill in http://t.co/lgHRddxb85 (Daily Mail #CFC),['CFC'],0,0,0,"<a href=""https://dlvrit.com/"" rel=""nofollow"">dlvr.it</a>",West London,False,2536,23
4.13856E+17,2013-12-20 02:17:10+00:00,SoccerFlow,Fantasy Football hints and tips: The injured Premier League stars and who will fill in http://t.co/R8sMHWNOgK,,0,0,0,"<a href=""https://dlvrit.com/"" rel=""nofollow"">dlvr.it</a>",,False,1132,886
4.13874E+17,2013-12-20 03:30:59+00:00,WestHamMail,Fantasy Football hints and tips: The injured Premier League stars and who will fill in http://t.co/Do325lbpWm,,0,0,0,"<a href=""http://twitterfeed.com"" rel=""nofollow"">twitterfeed</a>",,False,1677,29
4.13998E+17,2013-12-20 11:43:28+00:00,KakiFantasy,"Matchday 6

Laman web fantasy dan liga rasmi group ini:-

1) Fantasy Premier League (OFFICIAL)... http://t.co/p8NVEaZh3E",,0,0,0,"<a href=""http://www.facebook.com/twitter"" rel=""nofollow"">Facebook</a>",,False,75,253
4.14019E+17,2013-12-20 13:07:22+00:00,herodesputra,"Kabar baiknya,
pasang Suarez di
Fantasy Premier
League. Kabar
buruknya, Suarez
bukan kapten.",,0,0,0,"<a href=""https://mobile.twitter.com"" rel=""nofollow"">Mobile Web (M2)</a>",,False,352,212
4.1408E+17,2013-12-20 17:10:53+00:00,justinessien,I weak RT @Hardeydaryoh: Rapture RT @_fantasypremier: 40% of #fpl managers have Suarez in their team. What are the other 60% waiting for?,['fpl'],0,0,0,"<a href=""http://www.writelonger.com"" rel=""nofollow"">Write Longer</a>","San Francisco, Germany",False,3585,1226
4.14097E+17,2013-12-20 18:16:24+00:00,UnofficialPL,Fantasy Premier League Week 17: Bargain Stars to Snap Up This Weekend http://t.co/b7s2PqahKH,,0,0,0,"<a href=""https://dlvrit.com/"" rel=""nofollow"">dlvr.it</a>","London, UK.",False,3829,1650
4.14145E+17,2013-12-20 21:27:48+00:00,wrongsideofpond,"After weeks of neglect, I actually just updated my Fantasy Premier League team. The last few weeks were particularly brutal from me.",,0,0,2,"<a href=""http://twitter.com/download/android"" rel=""nofollow"">Twitter for Android</a>",Cincinnati,False,4076,969
4.14147E+17,2013-12-20 21:35:04+00:00,MCFCRussia,Fantasy Premier League. Анонс 17-го тура http://t.co/0Ttf0TMScf,,0,0,0,"<a href=""https://dlvrit.com/"" rel=""nofollow"">dlvr.it</a>",,False,151,383
4.14302E+17,2013-12-21 07:51:05+00:00,UnofficialPL,Fantasy Premier League 2013 Week 17: Players Who Will Shine over Christmas http://t.co/yPFTAA06Kv,,0,0,0,"<a href=""https://dlvrit.com/"" rel=""nofollow"">dlvr.it</a>","London, UK.",False,3829,1650
4.14326E+17,2013-12-21 09:26:18+00:00,JustFPL,Fantasy Premier League Transfers 2013: Stars to Buy Now Ahead of New Year http://t.co/jA16Ao7IWr,,0,0,0,"<a href=""https://dlvrit.com/"" rel=""nofollow"">dlvr.it</a>",Malaysia,False,835,71
4.14387E+17,2013-12-21 13:29:38+00:00,_JayW23,Forgot to do my Premier League fantasy football team this week which means Suarez is still my captain #Lucky,['Lucky'],0,0,0,"<a href=""http://twitter.com/download/android"" rel=""nofollow"">Twitter for Android</a>","Otley, England",False,869,2205
4.14406E+17,2013-12-21 14:44:49+00:00,Lollipop_Kid,Fantasy Premier League constant this season - Luis Suarez (Captain) #epl,['epl'],0,0,0,"<a href=""http://twitter.com"" rel=""nofollow"">Twitter Web Client</a>",Galkissa,False,934,804
4.1471E+17,2013-12-22 10:51:56+00:00,leagueVault,Fantasy Premier League Transfers 2013: Players Set to Hit Hot Streak  http://t.co/49WzRz78Qm via BleacherReport,,0,0,0,"<a href=""https://ifttt.com"" rel=""nofollow"">IFTTT</a>",,False,104,4
4.14752E+17,2013-12-22 13:37:56+00:00,Timothyopemipo,"Fantasy Premier League 2013 Week 18: Defenders, Midfielders and Strikers to Sign: The festive season is upon u... http://t.co/Znq3HJLjtO",,0,0,0,"<a href=""http://twitterfeed.com"" rel=""nofollow"">twitterfeed</a>",,False,594,510
4.15209E+17,2013-12-23 19:55:18+00:00,JustFPL,Fantasy Premier League Transfers 2013: Top Roster Additions for Week 18 http://t.co/bXPRC4Ixli,,0,0,0,"<a href=""https://dlvrit.com/"" rel=""nofollow"">dlvr.it</a>",Malaysia,False,835,71
4.1521E+17,2013-12-23 20:00:15+00:00,Futbol_newsnow,Fantasy Premier League Transfers 2013: Top Roster Additions for Week 18 http://t.co/0UyAsYkmRq,,0,0,0,"<a href=""https://dlvrit.com/"" rel=""nofollow"">dlvr.it</a>",,False,207,0
4.15215E+17,2013-12-23 20:20:21+00:00,Yonk1933,Fantasy Premier League Transfers 2013: Top Roster Additions for Week 18: There isn't a better gift during the ... http://t.co/LXLDw1gTX7,,0,0,0,"<a href=""http://twitterfeed.com"" rel=""nofollow"">twitterfeed</a>",ig : @yonk019,False,280,17
4.15272E+17,2013-12-24 00:06:42+00:00,Kenyan_Red,I scored 80 points in Gameweek 17 on Fantasy Premier League http://t.co/Q60vu0lxa9,,0,0,0,"<a href=""https://dev.twitter.com/docs/tfw"" rel=""nofollow"">Twitter for Websites</a>",Nakuru,False,8066,8188
4.15379E+17,2013-12-24 07:10:28+00:00,twt_banting1,Siapa disini main Fantasy Premier League? Macam mana point team anda minggu ini? Meletop tak? #FPL,['FPL'],0,0,0,"<a href=""http://twitter.com"" rel=""nofollow"">Twitter Web Client</a>",42700 Banting Selangor ,False,4373,197
4.15446E+17,2013-12-24 11:37:17+00:00,UserGloo,I scored 79 points in Gameweek 17 on Fantasy Premier League http://t.co/IBYgIm4tNA,,0,0,0,"<a href=""https://dev.twitter.com/docs/tfw"" rel=""nofollow"">Twitter for Websites</a>","+62, +6221",False,331,281
4.15507E+17,2013-12-24 15:38:47+00:00,AhmedElTarzy,"@Shorouk_Reyada @Shorouk_News انتو مستخدمين ""Fantasy Premier League""علشان تعرفو فريق الاسبوع hahhahahahaha  و بتقولوعلى نفسكو صحفيين",,0,0,0,"<a href=""http://twitter.com"" rel=""nofollow"">Twitter Web Client</a>","Cairo, Egypt",False,131,118
4.15755E+17,2013-12-25 08:06:40+00:00,ohaveez,Fantasy Premier League 2013: Projecting Optimal Lineup for Week 18: With the English Premier League featuring ... http://t.co/AkFr6VP8H0,,0,0,0,"<a href=""http://twitterfeed.com"" rel=""nofollow"">twitterfeed</a>","📍Toronto, ON",False,356,376
4.15873E+17,2013-12-25 15:51:52+00:00,Rishabhbornred,101 points this week in fantasy premier league :D,,0,0,0,"<a href=""http://twitter.com/download/android"" rel=""nofollow"">Twitter for Android</a>",,False,60,911
4.1593E+17,2013-12-25 19:38:47+00:00,PakPassionSport,PakPassion Premier League Fantasy Competition - Week 17 Update!  http://t.co/ECDm3hIpM1,,1,0,0,"<a href=""https://about.twitter.com/products/tweetdeck"" rel=""nofollow"">TweetDeck</a>",,False,4928,890
4.16159E+17,2013-12-26 10:48:49+00:00,WanFaridKamil,Siapakah kapten Fantasy Premier League untuk Gameweek ini?,,1,0,0,"<a href=""http://twitter.com/download/android"" rel=""nofollow"">Twitter for Android</a>","Kuala Lumpur, Malaysia.",False,2354,1864
4.16164E+17,2013-12-26 11:09:54+00:00,MrMeggy,Bold choice of captain today in my fantasy premier league team. England's finest... COME ON CITY!!! #hcafc,['hcafc'],0,0,0,"<a href=""http://twitter.com/download/android"" rel=""nofollow"">Twitter for Android</a>","Hull, Europe, Earth",False,443,935
4.16251E+17,2013-12-26 16:56:06+00:00,JD_Webhead,"Super 6, fantasy team and Everton, a complete cluster fuck. Kicked in the sack well and truly by the Barclays Premier League today.",,0,0,0,"<a href=""http://tapbots.com/tweetbot"" rel=""nofollow"">Tweetbot for iOS</a>",Liverpool,False,561,567
4.16256E+17,2013-12-26 17:17:29+00:00,ruiaritirnan11,I scored 21 points in Gameweek 18 on Fantasy Premier League http://t.co/iphX2o4mz5,,0,0,0,"<a href=""https://dev.twitter.com/docs/tfw"" rel=""nofollow"">Twitter for Websites</a>",limerick,False,38,228
4.16305E+17,2013-12-26 20:29:29+00:00,alwrufc,@finleyoliver is that on fantasy premier league?,,0,0,0,"<a href=""http://twitter.com/download/iphone"" rel=""nofollow"">Twitter for iPhone</a>",,False,669,2738
4.16394E+17,2013-12-27 02:24:00+00:00,kurniawandito,I scored 59 points in Gameweek 18 on Fantasy Premier League http://t.co/mWigQI6wP4,,0,0,0,"<a href=""https://dev.twitter.com/docs/tfw"" rel=""nofollow"">Twitter for Websites</a>",274,False,195,459
4.16512E+17,2013-12-27 10:11:10+00:00,hmdanlova2,I scored 56 points in Gameweek 18 on Fantasy Premier League http://t.co/rE8p7MZZyy,,0,0,0,"<a href=""https://dev.twitter.com/docs/tfw"" rel=""nofollow"">Twitter for Websites</a>",,False,11,108
4.16541E+17,2013-12-27 12:06:39+00:00,WestBromPulse,Mail Online: Fantasy Football hints and tips: The injured Premier League stars and who will fill in: Welcome t... http://t.co/5ns9ZUZTfR,,0,0,0,"<a href=""http://twitterfeed.com"" rel=""nofollow"">twitterfeed</a>",West Bromwich,False,31,0
4.16577E+17,2013-12-27 14:31:31+00:00,Twittyfooty,"Premier League Injury News, Fantasy Impact: Ramsey Out for Arsenal http://t.co/kGGHWCaV8U #BleacherReport",['BleacherReport'],0,0,0,"<a href=""http://twitterfeed.com"" rel=""nofollow"">twitterfeed</a>",Dhaka,False,1407,184
4.16584E+17,2013-12-27 14:58:32+00:00,AmayaSarkar,3 - Yohan Cabaye has scored in each of his last three Premier League matches. Gunned. A perfect signing in the fantasy PL...,,0,0,0,"<a href=""http://twitter.com/download/android"" rel=""nofollow"">Twitter for Android</a>","Pune, India",False,277,274
4.16607E+17,2013-12-27 16:30:16+00:00,UNIsorted,"Going into game week 19, things are very tight at the top of UNIsorted Fantasy Football Premier League - https://t.co/gRpnXTDWCw",,0,0,0,"<a href=""http://twitter.com"" rel=""nofollow"">Twitter Web Client</a>",Greater Manchester,False,1844,1860
4.16726E+17,2013-12-28 00:21:27+00:00,itbritju,Fantasy Premier League. Анонс 19-го тура,,0,0,0,"<a href=""http://twitterfeed.com"" rel=""nofollow"">twitterfeed</a>",Россия. Благовещенск,False,17,0
4.16933E+17,2013-12-28 14:06:52+00:00,walsh_i,"Hey, Premier League managers, have some bloody consideration for Fantasy Football teams!",,1,1,1,"<a href=""https://about.twitter.com/products/tweetdeck"" rel=""nofollow"">TweetDeck</a>","Palma de Mallorca, España",False,1166,172
4.16939E+17,2013-12-28 14:28:32+00:00,Sufs203,"""@FootballFunnys: RETWEET if Pellegrino fucked up your Fantasy Premier League team this round!"" REAL TALK",,3,0,0,"<a href=""http://twitter.com/download/android"" rel=""nofollow"">Twitter for Android</a>",London,False,197,220
4.16945E+17,2013-12-28 14:55:05+00:00,samkinah,"o/ ""@brianmuuo: o/ RT @_C_hacha: o/ RT @FootballFunnys: RETWEET if Pellegrino fucked up your Fantasy Premier League team this round!""",,0,0,0,"<a href=""http://twitter.com/download/android"" rel=""nofollow"">Twitter for Android</a>",Nairobi. Kenya,False,4283,3173
4.17149E+17,2013-12-29 04:24:10+00:00,adam_haiqal10,I scored 2 points in Gameweek 19 on Fantasy Premier League http://t.co/bpoqc5bayk,,0,0,0,"<a href=""https://dev.twitter.com/docs/tfw"" rel=""nofollow"">Twitter for Websites</a>",Kuala Lumpur...,False,69,144
4.1731E+17,2013-12-29 15:05:17+00:00,G_u_stavo231,Fantasy Premier League Transfers 2013: Top Roster Additions for Week 20 http://t.co/WaCPfi8Mtr,,0,0,0,"<a href=""https://dlvrit.com/"" rel=""nofollow"">dlvr.it</a>","Freeman, Lagos, Nigeria",False,2412,3242
4.17315E+17,2013-12-29 15:25:27+00:00,David_KellyUK,"Thank god Lukaka has finally scored, much needed points for my Fantasy Premier League team!",,0,0,0,"<a href=""http://twitter.com/download/iphone"" rel=""nofollow"">Twitter for iPhone</a>",,False,189,515
4.17355E+17,2013-12-29 18:01:32+00:00,azrisyusuke,"Okay, done fantasy. Survive ke next round untuk Fantasy Premier League Cup. Result (43-30) tak rasmi",,0,0,0,"<a href=""http://twitter.com"" rel=""nofollow"">Twitter Web Client</a>","Ipoh, Perak",False,436,392
4.17363E+17,2013-12-29 18:35:37+00:00,GSRit01,"""@_fantasypremier: RT if it's #fpl WILDCARD time!"" Hells flippen yeah!",['fpl'],0,0,0,"<a href=""http://twitter.com/download/android"" rel=""nofollow"">Twitter for Android</a>","Blouberg, Cape Town",False,67,292
4.1737E+17,2013-12-29 19:02:46+00:00,ommiezy,@ChelseaTalkMarc @_fantasypremier nightmare to remember #GW19 #FPL,"['GW19', 'FPL']",0,0,0,"<a href=""http://twitter.com"" rel=""nofollow"">Twitter Web Client</a>",Panamá ,False,1106,1289
4.17379E+17,2013-12-29 19:36:29+00:00,Dylanstormsmith,Through to Cup Round 3 in the fantasy premier league.. I love it :),,0,0,0,"<a href=""http://blackberry.com/twitter"" rel=""nofollow"">Twitter for BlackBerry®</a>",California ,False,412,499
4.17428E+17,2013-12-29 22:53:45+00:00,Harry_Angelov,I scored 61 points in Gameweek 19 on Fantasy Premier League http://t.co/gckfT4N7SO,,0,0,0,"<a href=""https://dev.twitter.com/docs/tfw"" rel=""nofollow"">Twitter for Websites</a>","Maryland, USA",False,1917,4109
4.17471E+17,2013-12-30 01:42:46+00:00,randy7prayoga,I scored 46 points in Gameweek 19 on Fantasy Premier League http://t.co/JzK4kp6X2v,,0,0,0,"<a href=""https://dev.twitter.com/docs/tfw"" rel=""nofollow"">Twitter for Websites</a>",,False,242,207
4.17631E+17,2013-12-30 12:20:54+00:00,DelmarOwl,I scored 65 points in Gameweek 19 on Fantasy Premier League http://t.co/WaGG5Mhb46,,0,0,0,"<a href=""https://dev.twitter.com/docs/tfw"" rel=""nofollow"">Twitter for Websites</a>","Delmar, NY",False,740,4893
4.17633E+17,2013-12-30 12:26:25+00:00,ashif129,"Fantasy Premier League Gameweek 19 TOP 20. Congrats to Renukshan Sapuhanthri who tops the table #FPL #LKA
Also we... http://t.co/fG1rgACxHg","['FPL', 'LKA']",0,0,0,"<a href=""http://www.cloudhopper.com/"" rel=""nofollow"">Twitter SMS</a>",Colombo,False,163,240
4.17645E+17,2013-12-30 13:15:29+00:00,ronnieiv8,"Premier League Injury News, Fantasy Impact: The Premier League is back in focus following the Champions League... u4HGoqiYL8UaKpXv0sFR",,0,0,0,"<a href=""http://twitter.com"" rel=""nofollow"">Twitter Web Client</a>",,False,5,43
4.17794E+17,2013-12-30 23:05:51+00:00,HondaKyoto,Fantasy Premier League 2013: Projecting Optimal Lineup for Week 20 http://t.co/KTSxLgYrZA,,0,0,0,"<a href=""https://ifttt.com"" rel=""nofollow"">IFTTT</a>",Los Angeles,False,652,1422
4.17795E+17,2013-12-30 23:11:27+00:00,I_Am_NeJi,Fantasy Premier League 2013: Projecting Optimal Lineup for Week 20 http://t.co/rVQkjHOwJl #Football,['Football'],0,0,0,"<a href=""https://dlvrit.com/"" rel=""nofollow"">dlvr.it</a>",,False,463,444
5.04955E+17,2014-08-28 11:32:52+00:00,Gee_Muri,I scored 62 points in Gameweek 2 on Fantasy Premier League http://t.co/CnqDq7VSbN,,0,0,0,"<a href=""https://dev.twitter.com/docs/tfw"" rel=""nofollow"">Twitter for Websites</a>",Kenya,False,10931,1918
5.05006E+17,2014-08-28 14:56:31+00:00,OluwaBliN,Fantasy Premier League Team picked.,,0,0,0,"<a href=""http://www.writelonger.com"" rel=""nofollow"">Write Longer</a>",Close,False,1191,99
5.05037E+17,2014-08-28 17:00:38+00:00,fotballblogg1_,Premier League Fantasy: Topp 10 spillere etter runde 2 http://t.co/veTpWxdDpG #livefotball #2sport #nrksport #fantasymanager,"['livefotball', '2sport', 'nrksport', 'fantasymanager']",0,0,0,"<a href=""http://www.fotballblogg1.com"" rel=""nofollow"">Fotballblogg1</a>",,False,5204,2064
5.05044E+17,2014-08-28 17:29:24+00:00,nawar_khairudin,Demam fantasy premier league kah?,,0,0,0,"<a href=""http://twitter.com"" rel=""nofollow"">Twitter Web Client</a>",Malaysia,False,136,241
5.05052E+17,2014-08-28 17:58:17+00:00,droiddow,AndroidNews: Fantasy Premier League – Game Jadi Manajer di Tim Impian Kamu http://t.co/u743PPHAeE,,0,0,0,"<a href=""http://twitterfeed.com"" rel=""nofollow"">twitterfeed</a>",On Your Screen,False,164,10
5.05108E+17,2014-08-28 21:42:26+00:00,HappiestSumo879,I liked a @YouTube video from @nepenthez http://t.co/rbjhJLmtna DREAM TEAM SQUAD BUILDER! - Week 2 (Fantasy Premier League) FIFA 14,,0,0,0,"<a href=""https://www.google.com/"" rel=""nofollow"">Google</a>",follow ill follow back,False,9,7
5.05148E+17,2014-08-29 00:19:38+00:00,ChelseaFCMI,Blues no olviden en unirse a nuestra liga en el Fantasy Premier League. Aqui el codigo 269227-645306. #CFC,['CFC'],0,1,0,"<a href=""http://twitter.com/download/iphone"" rel=""nofollow"">Twitter for iPhone</a>",Stamford Bridge,False,8027,54
5.05288E+17,2014-08-29 09:37:12+00:00,Cazolarr,"Anyone with a fantasy premier league, league i can join? please comment below.",,0,0,0,"<a href=""http://www.facebook.com/twitter"" rel=""nofollow"">Facebook</a>","Islington, London",False,8769,8012
5.05309E+17,2014-08-29 11:00:04+00:00,premnewsuk,"Fantasy football team news: Injuries, doubts and suspensions ahead of Premier League week 3 http://t.co/ptyiZZWWbf",,0,0,0,"<a href=""http://premnews.com"" rel=""nofollow"">PremNews</a>",UK,False,2465,1282
5.05363E+17,2014-08-29 14:34:36+00:00,okiedge12,"""Fantasy Premier League"" era la única manera en la que la liga inglesa me genere algún tipo de interés. I'm in.",,0,0,1,"<a href=""http://twitter.com"" rel=""nofollow"">Twitter Web Client</a>","Capiatá, Paraguay",False,9994,1003
5.05497E+17,2014-08-29 23:25:49+00:00,posley88,My Fantasy Premier League team is absolutely grim,,0,1,0,"<a href=""http://twitter.com"" rel=""nofollow"">Twitter Web Client</a>",Wallsend-upon-Tyne,False,514,1455
5.05607E+17,2014-08-30 06:44:49+00:00,kabirsd,"Guys, what are your fantasy premier league codes ? Nak join",,0,0,1,"<a href=""http://twitter.com/download/iphone"" rel=""nofollow"">Twitter for iPhone</a>",,False,316,174
5.05717E+17,2014-08-30 14:03:09+00:00,BradleyFuller97,Put Gayle in my fantasy premier league team and he's already scored 😏,,0,0,0,"<a href=""http://twitter.com/download/iphone"" rel=""nofollow"">Twitter for iPhone</a>",Essex,False,1484,1947
5.05737E+17,2014-08-30 15:21:56+00:00,KingLouie310,Had Dwight Gayle on the bench this week on my Fantasy Premier League :( he's on 5 points alone,,0,0,0,"<a href=""http://twitter.com/download/iphone"" rel=""nofollow"">Twitter for iPhone</a>","Los Angeles, CA",False,151,231
5.05742E+17,2014-08-30 15:42:50+00:00,nakzokulah,"NFL Fantasy draft tomorrow, Premier League football all around. It's that time of year again.",,0,0,0,"<a href=""http://twitter.com"" rel=""nofollow"">Twitter Web Client</a>",London,False,238,733
5.05784E+17,2014-08-30 18:26:41+00:00,TheReal_Peeta,"If you could get negative points in fantasy Premier League, my Everton players would have gotten me negative points, especially Coleman",,0,0,0,"<a href=""http://twitter.com"" rel=""nofollow"">Twitter Web Client</a>",,False,152,98
5.05785E+17,2014-08-30 18:32:45+00:00,GregoryToan,The gap in Premier League Fantasy is getting bigger coz I didnt buy Costa,,0,0,0,"<a href=""http://twitter.com"" rel=""nofollow"">Twitter Web Client</a>",,False,70,106
5.05942E+17,2014-08-31 04:56:01+00:00,jamskah,I scored 49 points in Gameweek 3 on Fantasy Premier League http://t.co/DZDpnIXOD7,,0,0,0,"<a href=""http://twitter.com/download/android"" rel=""nofollow"">Twitter for Android</a>",Valhalla,False,3287,2025
5.06064E+17,2014-08-31 12:59:34+00:00,BhavishaHalai,Dier is in my fantasy premier league so I pretty much want him to score,,0,0,0,"<a href=""http://twitter.com"" rel=""nofollow"">Twitter Web Client</a>","London, England",False,2238,2711
5.06142E+17,2014-08-31 18:12:16+00:00,RachWest,I am pleased with my fantasy premier league progress even only at the 3rd gameweek mark. Though Diego Costa coulda costa mea alot...a,,0,0,0,"<a href=""http://twitter.com"" rel=""nofollow"">Twitter Web Client</a>","Bexley, London, UK",False,419,1381
5.06191E+17,2014-08-31 21:26:09+00:00,IanSmithYT,I get bored of Premier League fantasy footy very easily and that may happen with NFL version...(1/2),,0,0,0,"<a href=""http://twitter.com"" rel=""nofollow"">Twitter Web Client</a>",The Yorkshire Coast,False,1199,1399
5.06335E+17,2014-09-01 06:57:38+00:00,JoeyRation,My first year of Fantasy Premier League and probably my last. It's ruining me. Waiting for Chelsea to score is unacceptable.,,0,2,1,"<a href=""http://twitter.com/download/android"" rel=""nofollow"">Twitter for Android</a>",Egypt,False,9439,74
5.06374E+17,2014-09-01 09:32:51+00:00,Breerie,@Tibi_Radebe dude like cudnt u have chosen a better name?!? Ur Fantasy Premier League name  gawsh,,0,0,1,"<a href=""http://blackberry.com/twitter"" rel=""nofollow"">Twitter for BlackBerry®</a>","Johannesburg, South Africa",False,347,340
5.06389E+17,2014-09-01 10:31:34+00:00,Sefket_Ramadani,Morace da se pravi mesta za Falcaa na @_fantasypremier #fpl,['fpl'],0,0,0,"<a href=""http://twitter.com"" rel=""nofollow"">Twitter Web Client</a>",,False,123,248
5.06401E+17,2014-09-01 11:19:00+00:00,Simplyoncall,To anyone in the PW fantasy premier league. Are you getting a security warning after you type your password and hit enter?,,0,0,0,"<a href=""http://twitter.com"" rel=""nofollow"">Twitter Web Client</a>",Australia,False,46,150
5.06403E+17,2014-09-01 11:27:35+00:00,Manan6194,Fantasy Premier League 2014/2015 paid app apk for Android users &gt;&gt; https://t.co/QArzlemM0y,,0,0,0,"<a href=""http://www.twitter.com"" rel=""nofollow"">Twitter for Windows Phone</a>",,False,93,360
5.06465E+17,2014-09-01 15:32:19+00:00,TheMauritianGuy,Jorge Mendes.... because Fantasy Premier League is too mainstream #MUFC #GGMU,"['MUFC', 'GGMU']",0,0,0,"<a href=""http://twitter.com"" rel=""nofollow"">Twitter Web Client</a>","Petite Rivière, Mauritius",False,112,62
5.06533E+17,2014-09-01 20:05:27+00:00,sharideum,"If you haven't already, you can join my Fantasy Premier League: 2399279-657968",,0,8,2,"<a href=""http://tapbots.com/tweetbot"" rel=""nofollow"">Tweetbot for iΟS</a>",Worldwide,False,227121,139
5.06625E+17,2014-09-02 02:08:47+00:00,Chotipol_p,ลืมเลย… ใน Fantasy Premier League เรามีเวลเบ็คนะ เลือกไว้ตั้งแต่แรกเลย เพราะรู้อยู่แล้วว่าจะย้ายมาเป็นนักเตะปืน :D #เว่อร์ #AFC_TH,"['เว่อร์', 'AFC_TH']",0,0,0,"<a href=""http://erased972529_fzyRVGtcON.com"" rel=""nofollow"">erased972529_fzyRVGtcON</a>","Bangkok, Thailand. ",False,1032,196
5.06702E+17,2014-09-02 07:16:01+00:00,byrnesey_avfc,"@drjackd ""@premierleague: FANTASY PREMIER LEAGUE New @ManUtd signing Radamel Falcao has been added to #FPL as a Forward (£11.0m)",['FPL'],0,0,1,"<a href=""http://twitter.com/download/android"" rel=""nofollow"">Twitter for Android</a>",Dundalk,False,380,51
5.06767E+17,2014-09-02 11:32:53+00:00,rbrtyd,"@ManUtd Falcao is available to buy in the official Fantasy Premier League, does that count as PL approval?",,0,0,0,"<a href=""http://tapbots.com/tweetbot"" rel=""nofollow"">Tweetbot for iΟS</a>",Manchester,False,76,62
5.06774E+17,2014-09-02 12:03:39+00:00,thecandidateuk,"For those of you who're having office wars on Fantasy Premier League, join The Candidate's league at 196648-53897. http://t.co/OY8IzQMyXg",,1,1,0,"<a href=""https://about.twitter.com/products/tweetdeck"" rel=""nofollow"">TweetDeck</a>",UK,False,4239,4299
5.06866E+17,2014-09-02 18:06:33+00:00,DTNUK,"DTN UK: Fantasy Football's third £1,000 weekly winner revealed: The Premier League is on hold and one man guar... http://t.co/vnpXUzxQp2",,0,0,0,"<a href=""http://twitterfeed.com"" rel=""nofollow"">twitterfeed</a>",Canada,False,2781,46
5.06867E+17,2014-09-02 18:11:32+00:00,EffendyMan99,"DREAM TEAM Nathan Dyer was the star man in Gameweek 3 of Fantasy Premier League. How did your team get on? #FPL http://t.co/07MVBzTiHp""",['FPL'],0,0,0,"<a href=""http://twitter.com/download/android"" rel=""nofollow"">Twitter for Android</a>",Kota Makassar,False,447,585
5.06903E+17,2014-09-02 20:32:46+00:00,LFC_Wade,If you use your wildcard on fantasy premier league is it unlimited transfers after you've used it up to the next game?,,0,0,0,"<a href=""http://twitter.com/download/android"" rel=""nofollow"">Twitter for Android</a>",Blackpool ,False,468,1404
5.0717E+17,2014-09-03 14:15:24+00:00,Wazza_GBB,FIFA and their International Friendlies have no respect for my Fantasy Premier League ambitions.,,1,0,0,"<a href=""http://twitter.com"" rel=""nofollow"">Twitter Web Client</a>","Capital Hill, Namibia",False,242,508
5.07465E+17,2014-09-04 09:47:09+00:00,srijansumeet,Like all Fantasy Premier League Season I have again used my Wild Card in the fourth week of the season ;),,0,0,0,"<a href=""http://twitter.com"" rel=""nofollow"">Twitter Web Client</a>",Dil waalon ki Dilli,False,747,2489
5.07618E+17,2014-09-04 19:54:24+00:00,BodeUF,"@FairfaxUlster hey man, can you sign up for fantasy premier league. Can't set draft until you're in. Thanks mate.",,0,0,0,"<a href=""https://about.twitter.com/products/tweetdeck"" rel=""nofollow"">TweetDeck</a>","Denver, CO",False,2739,508
5.07873E+17,2014-09-05 12:48:30+00:00,FanXT,"Top 5 GK in Fantasy Premier League so far -&gt; http://t.co/Y9wgVcA4AO

#fantasypremierleague #fpl #epl #premierleague http://t.co/RjAnXEob96","['fantasypremierleague', 'fpl', 'epl', 'premierleague']",0,0,0,"<a href=""http://twitter.com"" rel=""nofollow"">Twitter Web Client</a>","Los Angeles, CA",False,1914,2393
5.079E+17,2014-09-05 14:34:53+00:00,footballbuzzgrp,@ScouserAli Hey for football news update and fantasy premier league join us... We need a news editor urgent!!,,0,0,0,"<a href=""http://twitter.com"" rel=""nofollow"">Twitter Web Client</a>",Worldwide,False,286,817
5.07913E+17,2014-09-05 15:28:17+00:00,kolbykuwitzky,"I am bad at many things, but I am worse at Fantasy Premier League than I am at anything else in the world.",,0,0,0,"<a href=""http://twitter.com"" rel=""nofollow"">Twitter Web Client</a>","Dallas, TX",False,294,392
5.08015E+17,2014-09-05 22:12:02+00:00,killerd56,.@CaughtOffside: Premier League Team Of The Season So Far Based On Fantasy Football: Arsenal &amp; Liver... http://t.co/V9xFRe76RK #FootBall,['FootBall'],0,0,0,"<a href=""http://twitterfeed.com"" rel=""nofollow"">twitterfeed</a>",India,False,2368,249
5.08015E+17,2014-09-05 22:13:04+00:00,merseysidelocal,Premier League Team Of The Season So Far Based On Fantasy Football: Arsenal &amp; Liverpool Midfielders In With Chel... http://t.co/7opKyEq0vi,,0,0,0,"<a href=""https://ifttt.com"" rel=""nofollow"">IFTTT</a>",elocalnews,False,4,0
5.08728E+17,2014-09-07 21:24:33+00:00,brittneygoulet,Of course the fantasy premier league app for the iphone is $1.99,,0,0,0,"<a href=""http://twitter.com/download/iphone"" rel=""nofollow"">Twitter for iPhone</a>",Long Island,False,114,109
5.08966E+17,2014-09-08 13:12:44+00:00,Vincenzo_Lauro,my article in Italian on the summer transfers in the @premierleague http://t.co/Om9mcciD7M  @_fantasypremier #fpl #BPL #FantasyPremierLeague,"['fpl', 'BPL', 'FantasyPremierLeague']",0,0,0,"<a href=""http://twitter.com"" rel=""nofollow"">Twitter Web Client</a>",London,False,582,1713
5.09197E+17,2014-09-09 04:31:23+00:00,BallinSisters,@manojpasupathy fantasy premier league,,0,0,1,"<a href=""http://twitter.com/download/android"" rel=""nofollow"">Twitter for Android</a>",India,False,140,786
5.0942E+17,2014-09-09 19:15:13+00:00,EINPresswirePR,FanXT Offers Daily Fantasy Soccer For The 3 Million Fantasy Premier League Fans http://t.co/JIVRwQ7QCU,,0,0,0,"<a href=""http://www.facebook.com/twitter"" rel=""nofollow"">Facebook</a>",Washington DC,False,5433,182
5.09857E+17,2014-09-11 00:11:17+00:00,JasonSquilliams,Thank you Fantasy Premier League for letting me try out the FIFA 15 demo early!!!,,0,0,1,"<a href=""http://twitter.com"" rel=""nofollow"">Twitter Web Client</a>",,False,1791,1380
5.10004E+17,2014-09-11 09:57:34+00:00,Jordie_bbb,So.... I kinda already used my wildcard on Fantasy Premier League :/,,0,0,0,"<a href=""http://twitter.com/#!/download/ipad"" rel=""nofollow"">Twitter for iPad</a>",New Zealand,False,129,272
5.10072E+17,2014-09-11 14:27:02+00:00,sportsnova14,Fantasy Premier League : Updates &amp; Tips needed? Here is our suggestions ahead of gameweek 4. Read full article at... http://t.co/Erx67lT3ih,,1,0,0,"<a href=""http://www.facebook.com/twitter"" rel=""nofollow"">Facebook</a>",,False,178,120
5.10099E+17,2014-09-11 16:15:54+00:00,SammyMrchelsea,@BlueDevotion ooh thanks man you know he is my captain in fantasy premier league,,1,0,1,"<a href=""http://twitter.com/download/android"" rel=""nofollow"">Twitter for Android</a>",,False,3045,3418
5.10118E+17,2014-09-11 17:28:18+00:00,Ammiammad,Tips DS: Fantasy Premier League Pekan ke-4 http://t.co/CBKC5zHziD,,0,0,0,"<a href=""https://dlvrit.com/"" rel=""nofollow"">dlvr.it</a>",YNWA,False,2158,1647
5.10408E+17,2014-09-12 12:41:46+00:00,ESPNFC,This week's Fantasy Focus looks at five of the Premier League's new faces. By @dalejohnsonESPN - http://t.co/CLmS16oicB,,6,6,0,"<a href=""http://twitter.com"" rel=""nofollow"">Twitter Web Client</a>",,True,8736176,609
5.10412E+17,2014-09-12 12:56:57+00:00,Fpl_Updates,"Our full list of Fantasy Premier League injuries has been updated, see it here: 

http://t.co/ciDbn6Ffxp

#FPL",['FPL'],1,0,0,"<a href=""http://twitter.com/download/iphone"" rel=""nofollow"">Twitter for iPhone</a>",,False,92098,5878
5.10465E+17,2014-09-12 16:30:22+00:00,ThePuntersPage,"ICYMI: Fantasy Premier League news, views and tips for GW 4 courtesy of @intotheHOY. #FPL http://t.co/83zGxhU61l",['FPL'],0,1,0,"<a href=""https://buffer.com"" rel=""nofollow"">Buffer</a>",United Kingdom,False,115665,507
5.1064E+17,2014-09-13 04:04:24+00:00,footballbuzzgrp,"@You_Sey_WaT @Welbie_ @Kobby_Skywalker Hey, for football news updates and Fantasy Premier league tips follow us..",,0,0,0,"<a href=""http://twitter.com"" rel=""nofollow"">Twitter Web Client</a>",Worldwide,False,286,817
5.10739E+17,2014-09-13 10:38:16+00:00,15Farhad,@Wakallana I'm on the premier league fantasy football and I've made my transfers now and confirmed them,,0,0,0,"<a href=""http://twitter.com/download/iphone"" rel=""nofollow"">Twitter for iPhone</a>","Manchester, UK",False,544,314
5.10783E+17,2014-09-13 13:31:59+00:00,A_prasetyA16,I scored 20 points in Gameweek 4 on Fantasy Premier League http://t.co/k6Aw4SYrPw,,0,0,0,"<a href=""https://dev.twitter.com/docs/tfw"" rel=""nofollow"">Twitter for Websites</a>",Klaten,False,216,273
5.1081E+17,2014-09-13 15:19:34+00:00,OwenTebb,I scored 21 points so far in Gameweek 4 on Fantasy Premier League http://t.co/ibd55snqAS,,0,0,0,"<a href=""https://dev.twitter.com/docs/tfw"" rel=""nofollow"">Twitter for Websites</a>","Cardiff, Wales",False,366,78
5.10812E+17,2014-09-13 15:26:22+00:00,RobinAdamsZA,The Fantasy Premier League guys who dropped Costa must be kicking themselves now. Rumours that he was injured was just Mourinho mind games.,,1,0,0,"<a href=""http://twitter.com/download/iphone"" rel=""nofollow"">Twitter for iPhone</a>","Cape Town, South Africa",True,16681,7586
5.10815E+17,2014-09-13 15:40:40+00:00,Dru_117,Mourinhos mind games are costing me in fantasy premier league aaargh. Costa starts with injury well in mourinho well in.,,0,0,0,"<a href=""http://www.writelonger.com"" rel=""nofollow"">Write Longer</a>","Madrid,Spain.",False,247,407
5.10825E+17,2014-09-13 16:19:22+00:00,RobinAdamsZA,I'd like to join someone's Fantasy Premier League team please. #AskingWithBattingEyelids #PrettyPlease,"['AskingWithBattingEyelids', 'PrettyPlease']",3,0,0,"<a href=""http://twitter.com"" rel=""nofollow"">Twitter Web Client</a>","Cape Town, South Africa",True,16681,7586
5.10856E+17,2014-09-13 18:22:19+00:00,fithrimashuri,"Points Fantasy Premier League minggu ini agak sedaplah juga. Tunggu Rooney nak ledak goal je lawan QPR esok. 

Mohon sangat 🙏",,0,2,1,"<a href=""http://twitter.com/download/iphone"" rel=""nofollow"">Twitter for iPhone</a>",Malaysia,False,7780,471
5.11011E+17,2014-09-14 04:38:58+00:00,TarekBahnasyy,Fantasy Premier League http://t.co/Ka96KFSJ11,,0,0,0,"<a href=""http://www.facebook.com/twitter"" rel=""nofollow"">Facebook</a>",MNF || EGY,False,105,108
5.11197E+17,2014-09-14 16:58:54+00:00,mirlogic,74 fantasy premier league points,,0,1,0,"<a href=""http://twitter.com/download/iphone"" rel=""nofollow"">Twitter for iPhone</a>","Lubbock, TX",False,585,388
5.11205E+17,2014-09-14 17:30:48+00:00,footballbuzzgrp,"@twindechanat Hey, For football news, Updates, Transfer news and Fantasy premier league tips and Updates follow us..",,0,0,0,"<a href=""http://twitter.com"" rel=""nofollow"">Twitter Web Client</a>",Worldwide,False,286,817
5.11209E+17,2014-09-14 17:44:43+00:00,steviexblack,.@b_pharo absolutely dominating in fantasy premier league. Makes me feel bad.,,0,0,0,"<a href=""http://twitter.com"" rel=""nofollow"">Twitter Web Client</a>",NJ All Day,False,134,351
5.1121E+17,2014-09-14 17:49:12+00:00,Wiktor_Guminski,Wayne Rooney ratuje mi kolejkę w Fantasy Premier League. Btw. gra ktoś z Was również?,,0,0,0,"<a href=""http://twitter.com"" rel=""nofollow"">Twitter Web Client</a>",Poland,False,813,652
5.11217E+17,2014-09-14 18:18:12+00:00,sheikhriad1,I scored 52 points in Gameweek 4 on Fantasy Premier League http://t.co/wcXp24kvEq,,0,0,0,"<a href=""https://dev.twitter.com/docs/tfw"" rel=""nofollow"">Twitter for Websites</a>",ঢাকা,False,9134,860
5.11251E+17,2014-09-14 20:30:35+00:00,bhgfs_h,Godt fornøyd med å ligge på en foreløpig 54. plass på Premier League Fantasy av godt over 3 millioner deltakere.,,0,0,0,"<a href=""http://twitter.com/download/iphone"" rel=""nofollow"">Twitter for iPhone</a>",,False,112,241
5.11265E+17,2014-09-14 21:29:06+00:00,brittawalkk,Fantasy Football Tips: Who's Hot and Who's Not for Premier League Week 4... http://t.co/ej66Mt2Kxk #NEWS #UPDATE #FantasyPremierLeague,"['NEWS', 'UPDATE', 'FantasyPremierLeague']",0,0,0,"<a href=""https://dlvrit.com/"" rel=""nofollow"">dlvr.it</a>",Pittsburgh,False,15469,17034
5.11391E+17,2014-09-15 05:46:28+00:00,FootballBurp,"Fantasy Premier League tips Gameweek 5: Defenders &amp; goalkeepers round-up

http://t.co/gF5aS6Srkp

#Clarets #EFC #SCFC #Swans #THFC","['Clarets', 'EFC', 'SCFC', 'Swans', 'THFC']",1,0,0,"<a href=""http://footballburp.com/"" rel=""nofollow"">FootballBurp.com</a>",England,False,3249,1145
5.11437E+17,2014-09-15 08:49:05+00:00,footballbuzzgrp,@marcusdurkan Hey for football news updates and fantasy premier league tips and updates follow us.,,0,0,0,"<a href=""http://twitter.com"" rel=""nofollow"">Twitter Web Client</a>",Worldwide,False,286,817
5.11482E+17,2014-09-15 11:49:56+00:00,footballbuzzgrp,@asamusman96 Fantasy premier league tips and updates follow us...,,0,0,0,"<a href=""http://twitter.com"" rel=""nofollow"">Twitter Web Client</a>",Worldwide,False,286,817
5.11704E+17,2014-09-16 02:32:12+00:00,Zfrlmjd,I scored 62 points in Gameweek 4 on Fantasy Premier League http://t.co/X01TM9GuEK,,0,0,0,"<a href=""https://dev.twitter.com/docs/tfw"" rel=""nofollow"">Twitter for Websites</a>","George Town, Pinang",False,218,475
5.11769E+17,2014-09-16 06:48:49+00:00,babahererra,"Doing great all by myself""@footballbuzzgrp: @sir_Van_gaal For Fantasy premier league tips and updates follow us...""",,0,0,0,"<a href=""http://blackberry.com/twitter"" rel=""nofollow"">Twitter for BlackBerry®</a>","Lagos, Nigeria",False,844,2123
5.11921E+17,2014-09-16 16:54:00+00:00,pudzianowskiM,@krychu1910 mój pierwszy raz. punkty są liczone tak samo jak w fantasy premier league? nawet nie sprawdzałem #newbe,['newbe'],0,0,1,"<a href=""http://twitter.com"" rel=""nofollow"">Twitter Web Client</a>",,False,98,584
5.12579E+17,2014-09-18 12:30:24+00:00,indianfootynet,Fantasy Premier League Transfer Tips and Suggestions -... http://t.co/4enzdKjCCE,,0,0,0,"<a href=""http://www.facebook.com/twitter"" rel=""nofollow"">Facebook</a>",India,False,13655,386
5.12633E+17,2014-09-18 16:04:04+00:00,afrikaris,I scored 69 points in Gameweek 4 on Fantasy Premier League http://t.co/OEoT9Tg2Fr,,0,0,0,"<a href=""https://dev.twitter.com/docs/tfw"" rel=""nofollow"">Twitter for Websites</a>",Golgotha,False,398,405
5.12927E+17,2014-09-19 11:31:33+00:00,FVLLC,Fantasy Focus: Premier League players under the radar http://t.co/3c8YBKddUH,,0,0,0,"<a href=""http://publicize.wp.com/"" rel=""nofollow"">Jetpack.com</a>","Charleston, SC",False,118,0
5.13297E+17,2014-09-20 12:03:03+00:00,Hamza_235,First fantasy premier league points are on board #Diouf #Stoke,"['Diouf', 'Stoke']",0,0,0,"<a href=""http://twitter.com/download/android"" rel=""nofollow"">Twitter for Android</a>","West Yorkshire, UK",False,506,689
5.13381E+17,2014-09-20 17:35:28+00:00,keymlan,Silap susun dan internet slow memang cibai dalam fantasy premier league.,,0,0,0,"<a href=""http://twitter.com/download/iphone"" rel=""nofollow"">Twitter for iPhone</a>",05200↔️ANFIELD↔️43650,False,423,459
5.13394E+17,2014-09-20 18:28:20+00:00,RyanTam97,At least raheem got me 7 points on fantasy premier league,,0,7,0,"<a href=""http://twitter.com/download/iphone"" rel=""nofollow"">Twitter for iPhone</a>",,False,509,741
5.13419E+17,2014-09-20 20:07:48+00:00,ericmworia,"Me filling my CV:-  
Extra curricula activites:- 
 1) Online Gaming
 2) Fantasy premier league
 3)Manager pro
 4) Fifa 14 level professional",,0,0,0,"<a href=""http://twitter.com/download/android"" rel=""nofollow"">Twitter for Android</a>",Nairobi ,False,1515,1402
5.13677E+17,2014-09-21 13:12:05+00:00,KopnijBiegnij,"@GRUWWA a musi mieć? Piszemy o Premier League. W tym o Fantasy, a nie tylko o tym.",,0,0,1,"<a href=""http://twitter.com"" rel=""nofollow"">Twitter Web Client</a>",,False,441,585
5.13692E+17,2014-09-21 14:13:02+00:00,frowninggiraffe,Took Vardy out of my fantasy premier league team and put Adebayor instead #fail,['fail'],0,0,0,"<a href=""http://twitter.com/download/iphone"" rel=""nofollow"">Twitter for iPhone</a>","Staffordshire, UK",False,106,213
5.137E+17,2014-09-21 14:43:18+00:00,d33pzz3,"Go on Fabregas and Costa 
because you are my 2 luckychan in fantasy premier league 
Only 38 points now......
pls... http://t.co/S9LQJCj2OJ",,0,0,0,"<a href=""http://www.facebook.com/twitter"" rel=""nofollow"">Facebook</a>",Valayanchirangara,False,89,1056
5.14241E+17,2014-09-23 02:34:31+00:00,mesho6A,Fantasy Premier League http://t.co/P9lgPx0sm3,,0,0,0,"<a href=""http://www.facebook.com/twitter"" rel=""nofollow"">Facebook</a>",egypt zagazig,False,1413,333
5.15067E+17,2014-09-25 09:15:18+00:00,exclusiveRafff,"Tips DS: Fantasy Premier League Pekan Ke-6: Premier League telah memasuki pekan ke-6. Dua derbi, yakni Derbi M... http://t.co/daoLuFObGX",,0,0,0,"<a href=""http://twitterfeed.com"" rel=""nofollow"">twitterfeed</a>",kepo anjing,False,2248,168
5.1515E+17,2014-09-25 14:43:13+00:00,ComedyhComedy,Premier League Fantasy  Photos http://t.co/YIxNNKllzX,,0,0,0,"<a href=""https://dev.twitter.com/docs/tfw"" rel=""nofollow"">Twitter for Websites</a>","Punjab, Pakistan",False,9,252
5.15176E+17,2014-09-25 16:29:31+00:00,mityaaa_11,I forgot what fantasy premier league is.,,0,0,0,"<a href=""http://twitter.com/download/android"" rel=""nofollow"">Twitter for Android</a>",,False,495,209
5.15437E+17,2014-09-26 09:45:21+00:00,WilliamWhittin4,Pains me to say it but I have just put Diego Costa in my Fantasy Premier League Team. :-(,,0,0,0,"<a href=""http://twitter.com"" rel=""nofollow"">Twitter Web Client</a>","West Bridgford, Nottingham",False,260,793
5.15517E+17,2014-09-26 15:01:34+00:00,FPLUpdates_Tips,"Fantasy premier league cheap midfielders – “ones to watch” GW6

Puncheon
Needs no invitation to shoot and has... http://t.co/vHQ4QBj6Ie",,0,0,0,"<a href=""http://www.facebook.com/twitter"" rel=""nofollow"">Facebook</a>",,False,54246,13880
5.15562E+17,2014-09-26 18:03:05+00:00,SportsDesi,Fantasy Premier League gameweek 6 preview http://t.co/sGdPgEptks #FPL #LFC #AFC,"['FPL', 'LFC', 'AFC']",0,0,0,"<a href=""https://dev.twitter.com/docs/tfw"" rel=""nofollow"">Twitter for Websites</a>",,False,469,264
5.15712E+17,2014-09-27 03:59:14+00:00,WaeIsmael,Tak sporting betul Fantasy Premier League ni ! Nak main 2-5-3 pun tak bagi. Suka hati la nak letak dua pertahanan.,,0,0,0,"<a href=""http://twitter.com"" rel=""nofollow"">Twitter Web Client</a>",,False,280,501
5.15737E+17,2014-09-27 05:35:45+00:00,JustFootball,Remind yourself of the stars of last weekend's Premier League while there's still time to update your fantasy team: http://t.co/koE1mvujaN,,0,0,0,"<a href=""http://twitter.com/#!/download/ipad"" rel=""nofollow"">Twitter for iPad</a>",,False,22662,2709
5.15802E+17,2014-09-27 09:57:22+00:00,UmarIQ010,I scored 55 points in Gameweek 5 on Fantasy Premier League http://t.co/ZwBYkjxTZR,,0,0,0,"<a href=""https://dev.twitter.com/docs/tfw"" rel=""nofollow"">Twitter for Websites</a>","Multan, Pakistan",False,2573,1267
5.15812E+17,2014-09-27 10:36:06+00:00,AndyKe_,@Danny_Njogu join fantasy premier league kwanza basi,,0,0,0,"<a href=""http://twitter.com/#!/download/ipad"" rel=""nofollow"">Тwitter fоr iРаd </a>",Kenya,False,13411,1858
5.15938E+17,2014-09-27 18:54:41+00:00,alemp89,My Premier League fantasy team! http://t.co/hk2M8TrLOp,,0,0,0,"<a href=""http://www.twitter.com"" rel=""nofollow"">Twitter for Windows Phone</a>",,False,1102,1298
5.15956E+17,2014-09-27 20:06:19+00:00,CookieTabo,"I scored 41 points in Gameweek 6 on Fantasy Premier League , AND IT WAS ONLY MY FIRST \O/ http://t.co/AWOG3RQvTX",,0,1,1,"<a href=""https://dev.twitter.com/docs/tfw"" rel=""nofollow"">Twitter for Websites</a>",Cairo - Egypt,False,998,312
5.16572E+17,2014-09-29 12:53:44+00:00,FPLUpdates_Tips,"Fantasy premier league gameweek review – GW6 – Saturdays games

Here’s our game week review for Saturday GW6.  We... http://t.co/ONoroABrdt",,0,0,0,"<a href=""http://www.facebook.com/twitter"" rel=""nofollow"">Facebook</a>",,False,54246,13880
5.16702E+17,2014-09-29 21:30:30+00:00,01_altambera,I scored 42 points in Gameweek 6 on Fantasy Premier League http://t.co/w6aBhOiMiU,,0,0,0,"<a href=""https://dev.twitter.com/docs/tfw"" rel=""nofollow"">Twitter for Websites</a>",jiddah,False,792,919
5.16914E+17,2014-09-30 11:35:14+00:00,nanzdictid,I scored 41 points in Gameweek 6 on Fantasy Premier League http://t.co/l6zyaQINIB,,0,0,0,"<a href=""https://dev.twitter.com/docs/tfw"" rel=""nofollow"">Twitter for Websites</a>","Bandung, Indonesia",False,56,328
5.17721E+17,2014-10-02 17:00:32+00:00,fotballblogg1_,Premier League Fantasy: Disse steg i verdi denne runden http://t.co/L9KnL1BP8G #livefotball #2sport #fantasymanager,"['livefotball', '2sport', 'fantasymanager']",0,0,0,"<a href=""http://www.fotballblogg1.com"" rel=""nofollow"">Fotballblogg1</a>",,False,5204,2064
5.17931E+17,2014-10-03 06:57:39+00:00,SoccerNewsFlash,Premier League fantasy team of the month for September: ESPN FC's Mark Donaldson discusses the importance a li... http://t.co/iKgu6ptykg,,0,0,0,"<a href=""http://twitterfeed.com"" rel=""nofollow"">twitterfeed</a>",United Kingdom,False,20151,5836
5.17975E+17,2014-10-03 09:50:21+00:00,Moreetsi_R,"Aguero IN""@premierleague: Who's in, who's out? Here's this week's @EASPORTSFIFA Fantasy Premier League tips #FPL http://t.co/XH0zJGWvzh""",['FPL'],0,0,0,"<a href=""http://blackberry.com/twitter"" rel=""nofollow"">Twitter for BlackBerry®</a>","Gaborone ,Botswana ",False,2553,2528
5.17993E+17,2014-10-03 11:02:55+00:00,EPL_Pro,Fantasy Football Tips: Who's Hot and Who's Not for Premier League Week 7 http://t.co/y2ofMfNjIe,,0,0,0,"<a href=""http://twitterfeed.com"" rel=""nofollow"">twitterfeed</a>",UK,False,20588,7197
5.18226E+17,2014-10-04 02:27:48+00:00,haroobommz,"WATCH Swansea City vs. Newcastle United Live Stream [FREE]: English Premier League Fantasy, Standings, Schedule,… http://t.co/h1SlqkPC72",,0,0,0,"<a href=""https://dlvrit.com/"" rel=""nofollow"">dlvr.it</a>",YGBuilding,False,290,343
5.18286E+17,2014-10-04 06:25:02+00:00,dericqueomolo,I scored 45 points in Gameweek 6 on Fantasy Premier League http://t.co/C854IeYpeV,,0,0,0,"<a href=""https://dev.twitter.com/docs/tfw"" rel=""nofollow"">Twitter for Websites</a>",Nairobi,False,192,181
5.18394E+17,2014-10-04 13:36:41+00:00,Damm19,I think I have wrong players in my fantasy premier league 😭😔,,0,0,0,"<a href=""http://twitter.com/download/android"" rel=""nofollow"">Twitter for Android</a>",,False,86,137
5.18402E+17,2014-10-04 14:08:37+00:00,jackstringer19,"Early Fantasy Premier League points on the board, thank you Connor Wickham",,0,0,0,"<a href=""http://twitter.com"" rel=""nofollow"">Twitter Web Client</a>",B32,False,630,571
5.18442E+17,2014-10-04 16:48:14+00:00,sagitonga,Fantasy Premier League RT @iGitz_: What's this FPL i always see on my TL tho,,0,0,0,"<a href=""http://twitter.com/download/android"" rel=""nofollow"">Twitter for Android</a>","Nairobi, Kenya",False,7884,4399
5.18465E+17,2014-10-04 18:16:58+00:00,TheReal_Peeta,Obviously the week I decide to drop Yaya Toure from my fantasy Premier League team he scores...,,0,0,0,"<a href=""http://twitter.com"" rel=""nofollow"">Twitter Web Client</a>",,False,152,98
5.18732E+17,2014-10-05 11:57:27+00:00,Mike_Barry96,Baines misses his first ever premier league pen as so as he's in my fantasy team #OfCourse,['OfCourse'],0,0,0,"<a href=""http://twitter.com/download/iphone"" rel=""nofollow"">Twitter for iPhone</a>",Salisbury,False,240,399
5.18732E+17,2014-10-05 11:58:00+00:00,AlexMeert,J'y crois tellement pas que j'ai laissé Costa capitaine dans ma fantasy premier League team. http://t.co/Nu2eidGiUd,,0,0,0,"<a href=""http://twitter.com/#!/download/ipad"" rel=""nofollow"">Twitter for iPad</a>",Pom Pom Galli,False,328,1042
5.18749E+17,2014-10-05 13:04:36+00:00,BhavishaHalai,Guess who's my goalie for the fantasy premier league... DE GEAAAA,,0,0,0,"<a href=""http://twitter.com"" rel=""nofollow"">Twitter Web Client</a>","London, England",False,2238,2711
5.18776E+17,2014-10-05 14:55:22+00:00,patrikohlssonn,Standard att man glömmer bort fantasy Premier league efter 3-4 omgångar. #skärpning #halvalagetborta,"['skärpning', 'halvalagetborta']",0,1,0,"<a href=""http://twitter.com/download/iphone"" rel=""nofollow"">Twitter for iPhone</a>",,False,210,127
5.18792E+17,2014-10-05 15:55:08+00:00,caponeMUFC,I scored 56 points in Gameweek 7 on Fantasy Premier League http://t.co/uAPlRoswi7,,0,0,0,"<a href=""https://dev.twitter.com/docs/tfw"" rel=""nofollow"">Twitter for Websites</a>",Manchester,False,311,314
5.18825E+17,2014-10-05 18:09:58+00:00,EnzoP710,I scored 52 points in Gameweek 7 on Fantasy Premier League http://t.co/KPrgVIxhp6,,0,0,0,"<a href=""http://twitter.com/download/android"" rel=""nofollow"">Twitter for Android</a>",South Africa,False,30,243
5.18843E+17,2014-10-05 19:21:39+00:00,JRHarvey97,I scored 54 points in Gameweek 7 on Fantasy Premier League http://t.co/07WSyOn5Xr,,0,0,0,"<a href=""http://twitter.com/download/android"" rel=""nofollow"">Twitter for Android</a>",,False,435,386
5.1891E+17,2014-10-05 23:44:32+00:00,Teguh_Kotaro,I scored 63 points in Gameweek 7 on Fantasy Premier League http://t.co/TxvHZnLpLR,,0,0,0,"<a href=""https://dev.twitter.com/docs/tfw"" rel=""nofollow"">Twitter for Websites</a>",Indonesia,False,978,415
5.19161E+17,2014-10-06 16:22:31+00:00,EwanMP,"I scored 46 points in Gameweek 7 on Fantasy Premier League http://t.co/94bXNn8rc2
Decent some changes I would have dpone but forget",,0,0,0,"<a href=""https://dev.twitter.com/docs/tfw"" rel=""nofollow"">Twitter for Websites</a>",,False,309,576
5.19705E+17,2014-10-08 04:24:18+00:00,AD3BAY0_,Fantasy Premier League Tips To Ponder During The International Break: So it’s that time of year again: your ba... http://t.co/q1WvPIDP5A,,0,0,0,"<a href=""http://twitterfeed.com"" rel=""nofollow"">twitterfeed</a>",Ota-Lagos,False,3064,1644
5.20572E+17,2014-10-10 13:51:25+00:00,EPLSL,"EPLSL Fantasy Premier League Gameweek 7 Top 20. Congrats to Imz Niyaz who tops the table #FPL  
http://t.co/UyJcxBi2WR",['FPL'],0,0,0,"<a href=""https://about.twitter.com/products/tweetdeck"" rel=""nofollow"">TweetDeck</a>",Sri Lanka,False,836,33
5.22313E+17,2014-10-15 09:06:43+00:00,KingOdus,I picked Radamel Falcao for Round 8 in @SuperBru English Premier League Fantasy Lite! What's your pick? #superbru,['superbru'],0,0,0,"<a href=""https://dev.twitter.com/docs/tfw"" rel=""nofollow"">Twitter for Websites</a>",Lagos,False,31,229
5.22695E+17,2014-10-16 10:25:17+00:00,nickoh_m,I scored 52 points in Gameweek 7 on Fantasy Premier League http://t.co/mL7WspbEmY,,0,0,0,"<a href=""https://dev.twitter.com/docs/tfw"" rel=""nofollow"">Twitter for Websites</a>",Shamakhokho,False,1742,634
5.22696E+17,2014-10-16 10:32:03+00:00,Mugwuffn,"Excited for the return of the @premierleague, thus the return of Fantasy Premier League! Captain? Di Maria or Costa? http://t.co/zwpA2UmM7D",,0,0,1,"<a href=""http://twitter.com"" rel=""nofollow"">Twitter Web Client</a>",,False,247,178
5.2308E+17,2014-10-17 11:56:35+00:00,RGray279,"Another premier league weekend another ""Costa's a doubt"" Mourinho quote screwing with everyone's fantasy teams. #EPL #FantasyFootball","['EPL', 'FantasyFootball']",0,0,0,"<a href=""http://twitter.com"" rel=""nofollow"">Twitter Web Client</a>","Edinburgh, Scotland",False,144,515
5.23133E+17,2014-10-17 15:27:17+00:00,LifeisSavage,@concierge_ryan @YesWeCrann ya he is in great form but fantasy premier league put a 'doubtful' icon on him so just curious why,,0,0,0,"<a href=""http://twitter.com/download/android"" rel=""nofollow"">Twitter for Android</a>",Cape Town,False,15690,1944
5.23171E+17,2014-10-17 17:58:51+00:00,rahmanherrera7,Fantasy premier league gua macam bongok je. Costa ni bongok laa doubtful bagai.,,0,0,0,"<a href=""http://twitter.com/download/iphone"" rel=""nofollow"">Twitter for iPhone</a>",Natasha,False,629,330
5.23321E+17,2014-10-18 03:54:21+00:00,azrisyusuke,Time to spend more time on fantasy premier league.,,1,0,0,"<a href=""http://twitter.com"" rel=""nofollow"">Twitter Web Client</a>","Ipoh, Perak",False,436,392
5.23349E+17,2014-10-18 05:43:41+00:00,FantasyTip,Anyone need help with their Fantasy Premier League team for the weekends matches?,,0,0,0,"<a href=""http://twitter.com"" rel=""nofollow"">Twitter Web Client</a>",,False,9,59
5.2335E+17,2014-10-18 05:48:23+00:00,Cycling_SK,Fantasy Premier League: 5 players you should pick in Gameweek 8 http://t.co/bUi7ue6mvq #cfc,['cfc'],0,0,0,"<a href=""https://www.google.com/"" rel=""nofollow"">Google</a>",,False,108,48
5.23381E+17,2014-10-18 07:50:51+00:00,wistaston,The Premier League returns today. That means the start of our school Fantasy Football league!! Can't wait!!,,0,0,0,"<a href=""http://tapbots.com/tweetbot"" rel=""nofollow"">Tweetbot for iΟS</a>","Crewe, Cheshire",False,1172,19
5.23545E+17,2014-10-18 18:42:07+00:00,Frankline96,I scored 42 points in Gameweek 8 on Fantasy Premier League http://t.co/BPcYMlgyyO,,0,0,0,"<a href=""https://dev.twitter.com/docs/tfw"" rel=""nofollow"">Twitter for Websites</a>",,False,400,1563
5.23562E+17,2014-10-18 19:52:16+00:00,_JackCFC,Today is the day I gave up on Fantasy Premier League,,2,1,1,"<a href=""http://twitter.com/download/iphone"" rel=""nofollow"">Twitter for iPhone</a>",Ireland,False,2337,268
5.23769E+17,2014-10-19 09:33:54+00:00,BKANIM,"""@lyryqal: finally tried out the fantasy premier league, i'ont get why people are so hooked on it."" i also dnt get it",,0,0,1,"<a href=""http://twitter.com/download/android"" rel=""nofollow"">Twitter for Android</a>","City of London, London",False,753,1198
5.23825E+17,2014-10-19 13:16:13+00:00,Stiff_Mayana,46 points!!! If you captained Dusan Tadic in Fantasy Premier League…: It is not often that a player records fo... http://t.co/5E1ukvM6Ux,,0,0,0,"<a href=""http://twitterfeed.com"" rel=""nofollow"">twitterfeed</a>","Lagos, Nigeria",False,757,589
5.24309E+17,2014-10-20 21:20:50+00:00,BeerandBoobs,The Scoreboard – Gameweek 8 – Monday: The Scoreboard presents the Fantasy Premier League informa... http://t.co/w0lGN1SR7v #beerandboobs,['beerandboobs'],0,0,0,"<a href=""http://twitterfeed.com"" rel=""nofollow"">twitterfeed</a>","ÜT: 53.52767,-2.5735",False,86,40
5.24349E+17,2014-10-20 23:58:44+00:00,kijanamnasty,91 points niqqqaaaaa!!!!! Talk about winning in fantasy premier league. Hahah #ultimate team http://t.co/3jZMacm3iU,['ultimate'],0,0,0,"<a href=""http://twitter.com/download/iphone"" rel=""nofollow"">Twitter for iPhone</a>","kent,ohio",False,102,271
5.24419E+17,2014-10-21 04:35:23+00:00,Jasoncwakoti,I scored 83 points in Gameweek 8 on Fantasy Premier League ..ailey samma ko highest score :P http://t.co/nQL2L1kApq,,0,1,0,"<a href=""https://dev.twitter.com/docs/tfw"" rel=""nofollow"">Twitter for Websites</a>",IN the middle of nowhere,False,103,279
5.2575E+17,2014-10-24 20:46:37+00:00,gwenpinguin,"WATCH Sunderland vs. Arsenal Live Stream [FREE]: English Premier League Fantasy, Standings, Schedul... http://t.co/Phq86NxP7c #Kpopstarz",['Kpopstarz'],0,0,0,"<a href=""http://twitterfeed.com"" rel=""nofollow"">twitterfeed</a>",MANADO,False,728,307
5.2575E+17,2014-10-24 20:46:41+00:00,ex0starbucks,"WATCH Sunderland vs. Arsenal Live Stream [FREE]: English Premier League Fantasy, Standings, Schedule, Transfer... http://t.co/E2O4VP6SRg",,0,0,0,"<a href=""http://twitterfeed.com"" rel=""nofollow"">twitterfeed</a>","Kota Surabaya, Jawa Timur",False,1357,1225
5.25751E+17,2014-10-24 20:48:07+00:00,pphanyhw,"WATCH Sunderland vs. Arsenal Live Stream [FREE]: English Premier League Fantasy, Standings, Schedule, Transfer… http://t.co/oKYfBO2ivB",,0,0,0,"<a href=""https://dlvrit.com/"" rel=""nofollow"">dlvr.it</a>",,False,1524,1240
5.25751E+17,2014-10-24 20:50:35+00:00,YIXUYANG,"WATCH Sunderland vs. Arsenal Live Stream [FREE]: English Premier League Fantasy, Standings, Schedule, Transfer… http://t.co/HCkdDEKJOE",,0,0,0,"<a href=""https://dlvrit.com/"" rel=""nofollow"">dlvr.it</a>",,False,484,516
5.25753E+17,2014-10-24 20:56:33+00:00,nct_luckas,"WATCH Sunderland vs. Arsenal Live Stream [FREE]: English Premier League Fantasy, Standings, Schedule, Transfer… http://t.co/rn5b0g5vxV",,0,0,0,"<a href=""https://dlvrit.com/"" rel=""nofollow"">dlvr.it</a>",,False,295,193
5.25753E+17,2014-10-24 20:56:46+00:00,joonleeMB,"WATCH Southampton vs. Stoke City Live Stream [FREE]: English Premier League Fantasy, Standings, Schedule, Transfer… http://t.co/vfMdDuOMwt",,0,0,0,"<a href=""https://dlvrit.com/"" rel=""nofollow"">dlvr.it</a>",,False,34,0
5.25755E+17,2014-10-24 21:04:37+00:00,fxgem,"WATCH West Bromwich Albion vs. Crystal Palace Live Stream [FREE]: English Premier League Fantasy, Standings,… http://t.co/cuaRZykRYI",,0,0,0,"<a href=""https://dlvrit.com/"" rel=""nofollow"">dlvr.it</a>",,False,1198,48
5.25755E+17,2014-10-24 21:04:40+00:00,rapmonbts,"WATCH West Bromwich Albion vs. Crystal Palace Live Stream [FREE]: English Premier League Fantasy, Standings,… http://t.co/BRh96srA4n",,0,0,0,"<a href=""https://dlvrit.com/"" rel=""nofollow"">dlvr.it</a>",bighit,False,146,86
5.25755E+17,2014-10-24 21:04:42+00:00,jvngcistal,"WATCH Southampton vs. Stoke City Live Stream [FREE]: English Premier League Fantasy, Standings, Schedule, Transfer… http://t.co/xsa3CaSloN",,0,0,0,"<a href=""https://dlvrit.com/"" rel=""nofollow"">dlvr.it</a>",kkt: cistalk,False,665,564
5.25755E+17,2014-10-24 21:04:49+00:00,haroobommz,"WATCH Sunderland vs. Arsenal Live Stream [FREE]: English Premier League Fantasy, Standings, Schedule, Transfer… http://t.co/p8YOB0iyG5",,0,0,0,"<a href=""https://dlvrit.com/"" rel=""nofollow"">dlvr.it</a>",YGBuilding,False,290,343
5.25758E+17,2014-10-24 21:19:09+00:00,xonamjaex,"WATCH West Bromwich Albion vs. Crystal Palace Live Stream [FREE]: English Premier League Fantasy, Standings,… http://t.co/i5Go1YYCSu",,0,0,0,"<a href=""https://dlvrit.com/"" rel=""nofollow"">dlvr.it</a>",,False,528,579
5.25811E+17,2014-10-25 00:47:33+00:00,mancitytwitt,"FANTASY PREMIER LEAGUE, FECHA 8: Octava fecha de nuestra liga ""Manchester City SkyBlues"" ¿En qué posición estan? http://t.co/mc9YaNR9dj",,1,0,1,"<a href=""http://twitter.com/download/iphone"" rel=""nofollow"">Twitter for iPhone</a>",México,False,4636,554
5.25821E+17,2014-10-25 01:28:22+00:00,Shine_SulliFx,"WATCH Swansea City vs. Leicester City Live Stream [FREE]: English Premier League Fantasy, Standings, Schedule,… http://t.co/ZqyLbaBRI2",,0,0,0,"<a href=""https://dlvrit.com/"" rel=""nofollow"">dlvr.it</a>",,False,218,14
5.25825E+17,2014-10-25 01:44:52+00:00,AsiaShowbiz,"WATCH Liverpool vs. Hull City Live Stream [FREE]: English Premier League Fantasy, Standings, Schedule, Transfe... http://t.co/NMttvruCuF",,0,0,0,"<a href=""http://twitterfeed.com"" rel=""nofollow"">twitterfeed</a>",,False,67,51
5.25836E+17,2014-10-25 02:29:01+00:00,Dancercology_,Fantasy Premier League updates I guess!,,0,0,0,"<a href=""http://blackberry.com/twitter"" rel=""nofollow"">Twitter for BlackBerry®</a>",Sir Alex Way,False,1619,422
5.25954E+17,2014-10-25 10:16:25+00:00,djgad83,I picked Danny Welbeck for Round 9 in @SuperBru English Premier League Fantasy Lite! What's your pick? #superbru,['superbru'],0,0,0,"<a href=""https://dev.twitter.com/docs/tfw"" rel=""nofollow"">Twitter for Websites</a>", Cape town,False,96,417
5.26076E+17,2014-10-25 18:21:12+00:00,Apinktjhorong,"WATCH QPR vs. Aston Villa Live Stream [FREE]: English Premier League Fantasy, Standings, Schedule, Transfer News,… http://t.co/UJolx3UeO0",,0,0,0,"<a href=""https://dlvrit.com/"" rel=""nofollow"">dlvr.it</a>",,False,67,1
5.26076E+17,2014-10-25 18:21:14+00:00,Shine_SulliFx,"WATCH Manchester United vs. Chelsea Live Stream [FREE]: English Premier League Fantasy, Standings, Schedule,… http://t.co/a97yiZCThF",,0,0,0,"<a href=""https://dlvrit.com/"" rel=""nofollow"">dlvr.it</a>",,False,218,14
5.26435E+17,2014-10-26 18:05:55+00:00,_sport_q8_,"هدف التعادل لمانشستر عن طريق فان بيرسي انتهى اللقاء بالتعادل 

#fantasy #premier #league #Chelsea… http://t.co/AvyT628BWj","['fantasy', 'premier', 'league', 'Chelsea']",0,0,0,"<a href=""http://instagram.com"" rel=""nofollow"">Instagram</a>",,False,1023,15
5.266E+17,2014-10-27 05:04:09+00:00,umadladsss,I scored 36 points in Gameweek 9 on Fantasy Premier League http://t.co/rVgWaGUyKc,,0,0,0,"<a href=""https://dev.twitter.com/docs/tfw"" rel=""nofollow"">Twitter for Websites</a>",Indonesia,False,402,580
5.27418E+17,2014-10-29 11:13:15+00:00,INDEPENDENT_SR1,This months Manager of the Month Award for the Independent Fantasy Premier League goes to Ciaran Ratton. Get in... http://t.co/N8yDyRkUIe,,0,0,0,"<a href=""http://www.facebook.com/twitter"" rel=""nofollow"">Facebook</a>",Sunderland SR1,False,3062,694
5.28143E+17,2014-10-31 11:14:51+00:00,Sport_RightNow,Premier League fantasy football tips: Who to pick and who to avoid in week 10 http://t.co/PzHjWjvZSL #mirror,['mirror'],0,0,0,"<a href=""https://www.google.com/"" rel=""nofollow"">Google</a>",,False,3122,3317
5.28582E+17,2014-11-01 16:19:13+00:00,eromzy,Ashamed to call his name? U cuss him  yet still select him lol “@MOHYEES: And I almost used W as my Fantasy Premier League captain.”,,0,0,1,"<a href=""http://twitter.com/download/iphone"" rel=""nofollow"">Twitter for iPhone</a>",Victoria Concordia Crescit,False,3265,1311
5.28754E+17,2014-11-02 03:43:55+00:00,yudhiozil,"Ada !!  RT ""@ArsenalNews_Ind: Ada yg tau apa bedanya Fantasy Premier League dgn Ultimate Fantasy Premier League?""",,0,0,0,"<a href=""http://blackberry.com/twitter"" rel=""nofollow"">Twitter for BlackBerry®</a>",Jakarta ,False,205,164
5.29169E+17,2014-11-03 07:11:25+00:00,BeyondArsenal,I scored 60 points in Gameweek 10 on Fantasy Premier League http://t.co/Q2DyGQmxRU,,0,0,0,"<a href=""https://dev.twitter.com/docs/tfw"" rel=""nofollow"">Twitter for Websites</a>","Wrexham, Wales",False,3637,351
5.29278E+17,2014-11-03 14:24:19+00:00,AllthingsFPL,Fantasy Premier League News - Sturridge travels to Madrid #FF #FPL http://t.co/FqvisT6XXb,"['FF', 'FPL']",3,1,2,"<a href=""http://publicize.wp.com/"" rel=""nofollow"">Jetpack.com</a>",FPL League Code: 54-496,False,8424,350
5.29404E+17,2014-11-03 22:46:34+00:00,FPLFootballNews,The Scoreboard – Gameweek 10 – Monday: The Scoreboard presents the Fantasy Premier League inform... http://t.co/0LB0EnvR8C #beerandboobs,['beerandboobs'],0,0,0,"<a href=""http://twitterfeed.com"" rel=""nofollow"">twitterfeed</a>",,False,59,0
5.29954E+17,2014-11-05 11:09:06+00:00,alfresco12,Take me on at Telegraph Fantasy Football Premier League. Pick a team for the Premier League and join my league. https://t.co/LL7AJcuFhQ,,0,1,0,"<a href=""https://dev.twitter.com/docs/tfw"" rel=""nofollow"">Twitter for Websites</a>",london,False,29076,6230
5.30211E+17,2014-11-06 04:13:24+00:00,MalequeArrasyid,@twt_arsenalMY pasni bro bole try kuret Fantasy Premier League pulak. Good job bro👍👍👍,,0,0,1,"<a href=""http://twitter.com/download/android"" rel=""nofollow"">Twitter for Android</a>","Batipuh, Indonesia",False,3061,1259
5.30609E+17,2014-11-07 06:35:17+00:00,PrimaScriptura,Mario Balotelli had another solid fantasy match despite still not having a Premier League goal this season.,,0,0,0,"<a href=""http://twitterfeed.com"" rel=""nofollow"">twitterfeed</a>",Jimmy Nichols District,False,277,1
5.30656E+17,2014-11-07 09:41:49+00:00,PrimaScriptura,Mario Balotelli had another solid fantasy match despite still not having a Premier League goal this season.,,0,0,0,"<a href=""http://twitterfeed.com"" rel=""nofollow"">twitterfeed</a>",Jimmy Nichols District,False,277,1
5.30678E+17,2014-11-07 11:09:30+00:00,BostonRiver_FPL,@_fantasypremier Ivanovic or Baines?,,0,0,0,"<a href=""http://tapbots.com/tweetbot"" rel=""nofollow"">Tweetbot for iΟS</a>",,False,11,29
5.30752E+17,2014-11-07 16:01:06+00:00,fotballblogg1_,Premier League Fantasy: Terminliste runde 11 http://t.co/lfmYxmzlxd #fpl #fantasynorge,"['fpl', 'fantasynorge']",0,0,0,"<a href=""http://www.fotballblogg1.com"" rel=""nofollow"">Fotballblogg1</a>",,False,5204,2064
5.30764E+17,2014-11-07 16:50:47+00:00,N1ckBr1ggs,@CarlBarnett_ do you do the fantasy premier league? Much better then the sun,,0,0,0,"<a href=""http://twitter.com/download/iphone"" rel=""nofollow"">Twitter for iPhone</a>",Redditch,False,819,214
5.30784E+17,2014-11-07 18:10:23+00:00,goonertweets,"Yahoo : Premier League - Swansea City v Arsenal preview:: Team news, match facts, manager quotes and fantasy p... http://t.co/rgK7rIkWD4",,0,0,0,"<a href=""http://twitterfeed.com"" rel=""nofollow"">twitterfeed</a>",N5,False,1036,1153
5.31055E+17,2014-11-08 12:06:37+00:00,Noname73920473,"WATCH Liverpool vs. Chelsea Live Stream [FREE]: English Premier League Fantasy, Standings, Schedule, Transfer News,… http://t.co/pzSsiVs6YI",,0,0,0,"<a href=""https://dlvrit.com/"" rel=""nofollow"">dlvr.it</a>",,False,112,0
5.31055E+17,2014-11-08 12:07:09+00:00,bambiahla,"WATCH Liverpool vs. Chelsea Live Stream [FREE]: English Premier League Fantasy, Standings, Schedule, Transfer News,… http://t.co/YGu0wvRruM",,0,0,0,"<a href=""https://dlvrit.com/"" rel=""nofollow"">dlvr.it</a>",#2014rp,False,121,1
5.31056E+17,2014-11-08 12:09:42+00:00,KK_HeechulSJ,"WATCH Liverpool vs. Chelsea Live Stream [FREE]: English Premier League Fantasy, Standings, Schedule, Transfer News,… http://t.co/cWtiKaMPK0",,0,0,0,"<a href=""https://dlvrit.com/"" rel=""nofollow"">dlvr.it</a>",,False,202,125
5.31063E+17,2014-11-08 12:38:11+00:00,nct_luckas,"WATCH Manchester United vs. Crystal Palace Live Stream [FREE]: English Premier League Fantasy, Standings, Schedule,… http://t.co/n4z7rYsI57",,0,0,0,"<a href=""https://dlvrit.com/"" rel=""nofollow"">dlvr.it</a>",,False,295,193
5.31063E+17,2014-11-08 12:39:11+00:00,dotkpop,"WATCH Manchester United vs. Crystal Palace Live Stream [FREE]: English Premier League Fantasy, Standings,... http://t.co/XVvFBDuDID",,0,0,0,"<a href=""http://www.facebook.com/twitter"" rel=""nofollow"">Facebook</a>",Korea,False,1178,19
5.31131E+17,2014-11-08 17:07:51+00:00,_emint_,bang dalam fantasy premier league memang saya tolak perasaan tak suka pasukan BPL yang lain. aku rasa majoriti buat camtu.,,2,0,2,"<a href=""http://hotot.org"" rel=""nofollow"">Hotot for Chrome</a>",Batavia,False,14582,571
5.31415E+17,2014-11-09 11:55:34+00:00,ohsehucon,"WATCH Tottenham Hotspurs vs. Stoke City Live Stream [FREE]: English Premier League Fantasy, Standings, Schedule,… http://t.co/MegUrTvvV9",,0,0,0,"<a href=""https://dlvrit.com/"" rel=""nofollow"">dlvr.it</a>",,False,131,128
5.31453E+17,2014-11-09 14:29:09+00:00,yuonbora,"WATCH Swansea City vs. Arsenal Live Stream [FREE]: English Premier League Fantasy, Standings, Schedule, Transfer… http://t.co/bwX37W3wl8",,0,0,0,"<a href=""https://dlvrit.com/"" rel=""nofollow"">dlvr.it</a>",,False,402,97
5.31454E+17,2014-11-09 14:30:08+00:00,TMT_GooharaKR,"WATCH Swansea City vs. Arsenal Live Stream [FREE]: English Premier League Fantasy, Standings, Schedule, Transfer… http://t.co/3k6LVZZ7i1",,0,0,0,"<a href=""https://dlvrit.com/"" rel=""nofollow"">dlvr.it</a>",,False,304,179
5.31454E+17,2014-11-09 14:30:14+00:00,gdlhyeri,"WATCH Swansea City vs. Arsenal Live Stream [FREE]: English Premier League Fantasy, Standings, Schedule, Transfer… http://t.co/5iVYPOezBG",,0,0,0,"<a href=""https://dlvrit.com/"" rel=""nofollow"">dlvr.it</a>",,False,31,1
5.31454E+17,2014-11-09 14:30:30+00:00,joonleeMB,"WATCH Swansea City vs. Arsenal Live Stream [FREE]: English Premier League Fantasy, Standings, Schedule, Transfer… http://t.co/nta5tV2Q1C",,0,0,0,"<a href=""https://dlvrit.com/"" rel=""nofollow"">dlvr.it</a>",,False,34,0
5.31467E+17,2014-11-09 15:21:28+00:00,Teguh_Kotaro,I scored 68 points in Gameweek 11 on Fantasy Premier League http://t.co/NxkTXlXdzs,,0,0,0,"<a href=""https://dev.twitter.com/docs/tfw"" rel=""nofollow"">Twitter for Websites</a>",Indonesia,False,978,415
5.31469E+17,2014-11-09 15:31:45+00:00,FPL_Keeds_Innit,"I've really had a Shite week in Fantasy Premier League this week, hopefully my Arsenal can somewhat compensate for my incompetence #SWAARS",['SWAARS'],0,0,0,"<a href=""http://twitter.com/download/iphone"" rel=""nofollow"">Twitter for iPhone</a>",The Void at the End of Time,False,741,404
5.31736E+17,2014-11-10 09:11:38+00:00,bolasie__flick,I scored 31 points in Gameweek 11 on Fantasy Premier League http://t.co/FGQJ3rpuyo,,0,0,0,"<a href=""https://dev.twitter.com/docs/tfw"" rel=""nofollow"">Twitter for Websites</a>","Nairobi, Kenya",False,789,1034
5.33488E+17,2014-11-15 05:15:39+00:00,VinnyCal,Fantasy Trade Deadline Day &gt; Premier League Transfer Deadline Day #MakingMoves,['MakingMoves'],0,0,0,"<a href=""http://twitter.com/download/iphone"" rel=""nofollow"">Twitter for iPhone</a>","Southington, CT",False,851,904
5.3421E+17,2014-11-17 05:03:38+00:00,b_jeongha,"Sunderland vs. Everton Score &amp; Highlights: English Premier League Fantasy, Standings, Schedule, Transfer News,… http://t.co/fUNar5Wsnt",,0,0,0,"<a href=""https://dlvrit.com/"" rel=""nofollow"">dlvr.it</a>",18++,False,144,73
5.35556E+17,2014-11-20 22:10:46+00:00,fantasy_bet,@USA_Wannabe @irishbolts @DraftKings @FanDuel We are running daily/weekly Premier League fantasy games at http://t.co/Zv5MUZgXLk.,,0,0,0,"<a href=""http://twitter.com"" rel=""nofollow"">Twitter Web Client</a>",,False,3563,1318
5.35637E+17,2014-11-21 03:34:03+00:00,Randalldinhoo,It's not even funny how bad my fantasy premier league team is suffering tbh,,0,0,0,"<a href=""http://twitter.com/download/iphone"" rel=""nofollow"">Twitter for iPhone</a>","DDD, TX",False,800,371
5.35702E+17,2014-11-21 07:52:14+00:00,thePunditsSA,"Fantasy Premier League: Gameweek 12

Read our thoughts and predictions, here:... http://t.co/dz00k4faKo",,1,0,0,"<a href=""http://www.facebook.com/twitter"" rel=""nofollow"">Facebook</a>",Cape Town & Amsterdam,False,5368,1410
5.35741E+17,2014-11-21 10:25:29+00:00,LFCreddit,Mignolet is the man to buy in Fantasy Premier League • /r/thefantasyfootball http://t.co/tXZ34vuKdi #reddit #lfc,"['reddit', 'lfc']",0,0,0,"<a href=""http://twitterfeed.com"" rel=""nofollow"">twitterfeed</a>",,False,2487,39
5.3575E+17,2014-11-21 11:00:18+00:00,ThePuntersPage,"ICYMI: Fantasy Premier League news, views and tips for GW 12 courtesy of @fpl_updates. #FPL

http://t.co/RgdjkfH4u3 http://t.co/fZf5K4czD2",['FPL'],0,0,1,"<a href=""https://buffer.com"" rel=""nofollow"">Buffer</a>",United Kingdom,False,115665,507
5.35919E+17,2014-11-21 22:12:22+00:00,Sport_RightNow,Premier League fantasy football tips: Who to pick and who to avoid in week 12 http://t.co/qTWg2QKl5O #mirror,['mirror'],0,0,0,"<a href=""https://www.google.com/"" rel=""nofollow"">Google</a>",,False,3122,3317
5.36089E+17,2014-11-22 09:31:08+00:00,fotballblogg1_,Premier League Fantasy: Terminlisten før helgens runde http://t.co/WQlRuZeeUa #fpl #fantasynorge,"['fpl', 'fantasynorge']",0,0,0,"<a href=""http://www.fotballblogg1.com"" rel=""nofollow"">Fotballblogg1</a>",,False,5204,2064
5.36196E+17,2014-11-22 16:36:17+00:00,Kartikeya3211,The Premier League gods don't want me to do good in Fantasy!,,0,0,0,"<a href=""http://twitter.com"" rel=""nofollow"">Twitter Web Client</a>","Mandi, India",False,244,437
5.36238E+17,2014-11-22 19:22:04+00:00,rizluq,"RT @_fantasypremier: DiMaria! What a miss, you've let down millions of #FPL managers",['FPL'],0,0,0,"<a href=""http://erased972529_fzyRVGtcON.com"" rel=""nofollow"">erased972529_fzyRVGtcON</a>",Indonesia,False,260,1204
5.36537E+17,2014-11-23 15:10:14+00:00,MediaKeiran,Thank god I don't have any Liverpool players in my fantasy premier league team.,,0,0,0,"<a href=""http://twitter.com/download/iphone"" rel=""nofollow"">Twitter for iPhone</a>",Birmingham,False,685,1109
5.36851E+17,2014-11-24 11:55:18+00:00,farissahron,fantasy premier league @alhakro,,0,0,1,"<a href=""http://twitter.com"" rel=""nofollow"">Twitter Web Client</a>","Batu Pahat, Johor",False,594,303
5.36929E+17,2014-11-24 17:06:31+00:00,Castralavo,"That still makes you a wife material""@Nonah_Kandje: FPL Fifa Im not that good ""@Castralavo: Girls who play FIFA or Fantasy Premier League 👍",,0,0,0,"<a href=""http://twitter.com/download/android"" rel=""nofollow"">Twitter for Android</a>",Windhoek,False,8241,6829
5.36997E+17,2014-11-24 21:37:57+00:00,c_rodriguees,Acho que vou largar o Fantasy Premier League e jogar Cartola FC,,0,0,0,"<a href=""http://twitter.com"" rel=""nofollow"">Twitter Web Client</a>","Brasília, Brasil",False,1270,931
5.37939E+17,2014-11-27 11:59:42+00:00,abdellahsabrane,I scored 54 points in Gameweek 12 on Fantasy Premier League http://t.co/T0mRilneD8,,0,0,0,"<a href=""https://dev.twitter.com/docs/tfw"" rel=""nofollow"">Twitter for Websites</a>","Milano, Lombardia",False,166,340
5.38263E+17,2014-11-28 09:26:23+00:00,spmbatha,I picked @WayneRooney for Round 13 in @SuperBru English Premier League Fantasy Lite! What's your pick?,,0,0,0,"<a href=""http://twitter.com/download/android"" rel=""nofollow"">Twitter for Android</a>","Ladysmith, South Africa",False,883,3303
5.38351E+17,2014-11-28 15:18:08+00:00,paj90s,Premier League fantasy football tips week 13: Who to pick and who to avoid this weekend: It's back to the week... http://t.co/NVwBGrhFRA,,0,0,0,"<a href=""http://twitterfeed.com"" rel=""nofollow"">twitterfeed</a>",,False,291,306
5.38553E+17,2014-11-29 04:40:36+00:00,Yukesh_D,"@FanXT 
Fantasy Premier League Injury Room -&gt;
http://t.co/32DlLqp3sR

#fpl #fantasypremierleague #epl #premierleague http://t.co/Sgscc8WprT","['fpl', 'fantasypremierleague', 'epl', 'premierleague']",0,0,0,"<a href=""http://twitter.com"" rel=""nofollow"">Twitter Web Client</a>",Penang,False,51,116
5.3873E+17,2014-11-29 16:24:56+00:00,HaziqEmre11,my fantasy premier league so far has been worst.Picked the wrong player and the best one always gets injured #,,0,0,0,"<a href=""https://mobile.twitter.com"" rel=""nofollow"">Mobile Web (M2)</a>","Bandar Seri Begawan,Brunei",False,17,163
5.38766E+17,2014-11-29 18:45:24+00:00,_dmazu,In fact no. I need those fantasy premier league points from fabregas and costa.,,0,0,0,"<a href=""http://twitter.com/download/iphone"" rel=""nofollow"">Twitter for iPhone</a>","Accra,Ghana",False,286,292
5.39045E+17,2014-11-30 13:16:20+00:00,Inche_Daus,"Aku harap kapten Fantasy Premier League aku, Sergio Aguero score malam ni bagi membantu point Fantasy Premier League aku naik. #GGMC",['GGMC'],0,0,0,"<a href=""http://twitter.com/download/android"" rel=""nofollow"">Twitter for Android</a>",Manchester United,False,3137,1265
5.3933E+17,2014-12-01 08:08:24+00:00,TFS_SwanseaCity,NOW: Fantasy Premier League tips Gameweek 14 goalkeepers round-up http://t.co/IdJMrFGHJI #AVFC #EFC #LCFC #Swans http://t.co/lp1Am3B0wW,"['AVFC', 'EFC', 'LCFC', 'Swans']",1,0,0,"<a href=""https://dlvrit.com/"" rel=""nofollow"">dlvr.it</a>",England,False,826,15
5.39337E+17,2014-12-01 08:35:15+00:00,FootballBurp,"NOW: Fantasy Premier League tips Gameweek 14 defenders round-up

http://t.co/jNXFalLWJZ

#AVFC #Clarets #CPFC #Swans #WHUFC","['AVFC', 'Clarets', 'CPFC', 'Swans', 'WHUFC']",1,0,0,"<a href=""http://footballburp.com/"" rel=""nofollow"">FootballBurp.com</a>",England,False,3249,1145
5.39393E+17,2014-12-01 12:19:23+00:00,fballDays,Fantasy Premier League Gameweek 14 Tips: 5 Players to Pick: Week 14 for the Premier League kic... http://t.co/S9gONHjyCy #YouAreFootball,['YouAreFootball'],0,0,0,"<a href=""http://twitterfeed.com"" rel=""nofollow"">twitterfeed</a>",UK,False,259,128
5.39395E+17,2014-12-01 12:25:03+00:00,shingodelagente,勉強不足であまりよく知らないのでまずは調べてみますね。“@kenjir0r0: @shingodelagente 機会があったら番組でFANTASY premier leagueを取り上げてください(笑)”,,0,0,0,"<a href=""http://twitter.com/download/iphone"" rel=""nofollow"">Twitter for iPhone</a>",,False,10785,456
5.39717E+17,2014-12-02 09:45:01+00:00,Kmstunner,Hi  guys. . .I scored 51 points in Gameweek 13 on Fantasy Premier League http://t.co/0ibZ4i86hp,,0,0,0,"<a href=""https://dev.twitter.com/docs/tfw"" rel=""nofollow"">Twitter for Websites</a>","Salem,Tamil Nadu.",False,313,867
5.39772E+17,2014-12-02 13:25:19+00:00,FPLiNSiGHT,"@FPLPriceChanges @FantasyYIRMA @BantasyFootball Started A New Fantasy Premier League Service, Would Really Appreciate Your Support",,0,0,0,"<a href=""http://twitter.com/download/iphone"" rel=""nofollow"">Twitter for iPhone</a>",  fαитαѕу ρяємιєя ℓєαgυє,False,2307,1293
5.39772E+17,2014-12-02 13:26:02+00:00,FPLiNSiGHT,"@Meet_the_Gadfly @FPLWalt @fanfeud @FanXT Started A New Fantasy Premier League Service, Would Really Appreciate Your Support",,2,0,0,"<a href=""http://twitter.com/download/iphone"" rel=""nofollow"">Twitter for iPhone</a>",  fαитαѕу ρяємιєя ℓєαgυє,False,2307,1293
5.39784E+17,2014-12-02 14:11:40+00:00,SpinbookieNOR,Har du husket å gjøre endringer på fantasy-laget før midtukerunden i Premier League? Sjekk Fotballsonens tips her: http://t.co/znONE1XufD,,0,0,0,"<a href=""http://twitter.com"" rel=""nofollow"">Twitter Web Client</a>",,False,4569,532
5.39817E+17,2014-12-02 16:21:50+00:00,webindexia,#FanDuel confirms it will launch fantasy sports app for English Premier League http://t.co/mbPX7bC0k4,['FanDuel'],0,0,0,"<a href=""http://www.webindexia.com"" rel=""nofollow"">webindexia</a>",WorldWide,False,68,208
5.39854E+17,2014-12-02 18:48:24+00:00,KrisErnest,"Just put Benteke in my fantasy football team, just have a feeling he will tear up the premier league starting today @AVFCOfficial #AVFC #UTV","['AVFC', 'UTV']",0,1,2,"<a href=""http://twitter.com/download/android"" rel=""nofollow"">Twitter for Android</a>",,False,235,386
5.39859E+17,2014-12-02 19:11:05+00:00,GentsCove,"Don't forget, 7:30pm deadline for the fantasy premier league tonight, read our thoughts on it here; http://t.co/iOMf8iRHtV

#epl #fpl","['epl', 'fpl']",0,0,0,"<a href=""http://twitter.com/download/iphone"" rel=""nofollow"">Twitter for iPhone</a>",,False,169,858
5.39862E+17,2014-12-02 19:20:56+00:00,karamoja,@ManUtd Good chance for Wilson but terrible for my Fantasy Premier League team with Rooney as Captain.,,0,0,0,"<a href=""http://twitter.com"" rel=""nofollow"">Twitter Web Client</a>",Nairobi/Kenya,False,642,634
5.40238E+17,2014-12-03 20:15:02+00:00,LTardieu,@fantasyiteam How can I delete my premier league fantasy team ? I only focus on the champions league one.,,0,0,1,"<a href=""http://twitter.com/download/iphone"" rel=""nofollow"">Twitter for iPhone</a>",,False,75,188
5.40287E+17,2014-12-03 23:29:14+00:00,xxxsthlm,I scored 28 points in Gameweek 14 on Fantasy Premier League http://t.co/9z8mVnYy9d      @GrandCanaria.     #FPL,['FPL'],0,0,0,"<a href=""https://dev.twitter.com/docs/tfw"" rel=""nofollow"">Twitter for Websites</a>","Stockholm, Sweden",False,16653,19271
5.4037E+17,2014-12-04 05:01:31+00:00,macgzee,I scored 68 points in Gameweek 14 on Fantasy Premier League http://t.co/XzfOqEDjBk,,0,0,0,"<a href=""https://dev.twitter.com/docs/tfw"" rel=""nofollow"">Twitter for Websites</a>",Harare Zimbabwe,False,1713,764
5.40904E+17,2014-12-05 16:22:37+00:00,Bot_Football,Premier League fantasy football tips week 15: Who to pick and who to avoid this weekend: The games just keep on… http://t.co/Y29CmCJ5eh,,0,0,0,"<a href=""https://dlvrit.com/"" rel=""nofollow"">dlvr.it</a>",,False,15139,13782
5.41066E+17,2014-12-06 03:04:41+00:00,fantasyfyi,"Fantasy Premier League Week 15 - Good day, readers! After that midweek slate of games, I have given myself an extr... http://t.co/CAoM4YxjDS",,0,0,0,"<a href=""http://www.hootsuite.com"" rel=""nofollow"">Hootsuite</a>",Utah,False,162,99
5.4123E+17,2014-12-06 13:58:35+00:00,THETARUNPANT,All set for fantasy premier league :),,0,0,0,"<a href=""http://twitter.com/download/iphone"" rel=""nofollow"">Twitter for iPhone</a>","Sydney , Australia",False,240,51
5.41658E+17,2014-12-07 18:16:40+00:00,butskijnr,"My Premier League fantasy team was unbearably bad this weekend, only 16 points! #Terrible",['Terrible'],0,0,0,"<a href=""http://twitter.com"" rel=""nofollow"">Twitter Web Client</a>",,False,483,1799
5.41898E+17,2014-12-08 10:13:56+00:00,01_altambera,I scored 46 points in Gameweek 15 on Fantasy Premier League http://t.co/8Xz22ikog8,,0,0,0,"<a href=""https://dev.twitter.com/docs/tfw"" rel=""nofollow"">Twitter for Websites</a>",jiddah,False,792,919
5.4341E+17,2014-12-12 14:20:28+00:00,PremierLeaque,[Mirror] Premier League fantasy football tips: Who to pick and who to avoid this weekend http://t.co/i47Ar7FPZL,,0,0,0,"<a href=""https://ifttt.com"" rel=""nofollow"">IFTTT</a>",,False,1699,0
5.43729E+17,2014-12-13 11:29:22+00:00,FantasyPLNorge,Hvem får det ærefulle oppdraget som kaptein på Fantasy Premier League denne helgen? #2pl #fpl,"['2pl', 'fpl']",0,0,5,"<a href=""http://twitter.com"" rel=""nofollow"">Twitter Web Client</a>","Oslo, Norge",False,8939,1008
5.43955E+17,2014-12-14 02:24:01+00:00,TyroneDHarris,Fantasy Premier League - The official fantasy football game of the Barclays Premier League# http://t.co/ZV1NLfEZ0F,,0,0,0,"<a href=""http://www.apple.com"" rel=""nofollow"">iOS</a>","13.131061,-59.60557",False,254,762
5.44032E+17,2014-12-14 07:31:35+00:00,FootCardSticker,FC&amp;S Match Attax Fantasy Premier League GAMEWEEK 22...enjoy! http://t.co/BeG1VpeXUg,,0,0,0,"<a href=""https://www.google.com/"" rel=""nofollow"">Google</a>",,False,3341,158
5.44862E+17,2014-12-16 14:30:36+00:00,maximoos32,Like Fantasy Premier League? Check out the Weekly Fantasy Football Show for the best #FPL tips &amp; hints for #GW17! https://t.co/6UTZ7mjvqz,"['FPL', 'GW17']",3,1,0,"<a href=""http://twitter.com"" rel=""nofollow"">Twitter Web Client</a>",,False,9886,7709
5.4582E+17,2014-12-19 05:57:11+00:00,johnjmkelly,Still can't quite work out who would actually buy the Fantasy Premier League App? Just open it in the web browser and it's free...duhh #FPL,['FPL'],0,0,0,"<a href=""https://dev.twitter.com/docs/tfw"" rel=""nofollow"">Twitter for Websites</a>",facebook.com/johnjmkelly,False,426,819
5.45916E+17,2014-12-19 12:17:51+00:00,Sport_RightNow,Premier League fantasy football tips: Who to pick and who to avoid this weekend http://t.co/95nJCZodsT #mirror,['mirror'],0,0,0,"<a href=""https://www.google.com/"" rel=""nofollow"">Google</a>",,False,3122,3317
5.46501E+17,2014-12-21 03:03:48+00:00,Rajey04,I scored 77 points in Gameweek 17 on Fantasy Premier League http://t.co/XQEtko9PFm,,0,0,0,"<a href=""https://dev.twitter.com/docs/tfw"" rel=""nofollow"">Twitter for Websites</a>",,False,193,429
5.4804E+17,2014-12-25 08:58:24+00:00,Abarshii,"Boxing day 1963...imagine the amount of points your fantasy Premier League midfielders &amp; attackers would score, haha! http://t.co/MjN8dNZ30d",,0,0,0,"<a href=""http://blackberry.com/twitter"" rel=""nofollow"">Twitter for BlackBerry®</a>",,False,379,285
5.48469E+17,2014-12-26 13:20:56+00:00,Biko_is_Back,My premier fantasy league looks good this morning...a goal and assist right there,,0,0,0,"<a href=""http://twitter.com/download/iphone"" rel=""nofollow"">Twitter for iPhone</a>",,False,180,219
5.48494E+17,2014-12-26 15:03:46+00:00,will6912,Kane best player I have on fantasy premier league 👍,,0,0,0,"<a href=""http://twitter.com/download/iphone"" rel=""nofollow"">Twitter for iPhone</a>",,False,313,611
5.48515E+17,2014-12-26 16:26:01+00:00,Jhonny_Savage,Now that Sterling scored he gives me points on my Fantasy Premier league team 👌,,0,0,0,"<a href=""http://www.twitter.com"" rel=""nofollow"">Twitter for Windows Phone</a>",Central Islip,False,1056,2758
5.48662E+17,2014-12-27 02:10:37+00:00,fanhwaching,which useful fantasy premier league tips website be used from all the boss ? #FPL #FantasyFootball  #PremierLeague,"['FPL', 'FantasyFootball', 'PremierLeague']",0,0,1,"<a href=""http://twitter.com"" rel=""nofollow"">Twitter Web Client</a>","Melacca , Malaysia",False,116,1005
5.49233E+17,2014-12-28 16:00:24+00:00,the_sig55,I'll tell you one thing though. Fantasy Premier League is a cruel game!,,0,0,1,"<a href=""http://ubersocial.com"" rel=""nofollow"">UberSocial for BlackBerry</a>","Etihad Stadium, Manchester",False,374,344
5.49587E+17,2014-12-29 15:25:01+00:00,masrickyhidayat,Which websites do you visit daily? — Fantasy Premier League http://t.co/pu28TQXSXZ,,0,0,0,"<a href=""http://ask.fm/"" rel=""nofollow"">Ask.fm</a>","Bandar Kuala Lumpur, Wilayah P",False,759,388
5.497E+17,2014-12-29 22:56:21+00:00,davidhosey,@theisleofq I scored 47 points in Gameweek 19 on Fantasy Premier League http://t.co/rO2h4Smnr3,,0,0,0,"<a href=""https://dev.twitter.com/docs/tfw"" rel=""nofollow"">Twitter for Websites</a>","Toronto, ON & Sarasota, FL",False,151,232
5.4983E+17,2014-12-30 07:30:57+00:00,FootCardSticker,FC&amp;S Match Attax Fantasy Premier League GAMEWEEK 31...enjoy! http://t.co/H9N8Em3ji1,,0,0,0,"<a href=""https://www.google.com/"" rel=""nofollow"">Google</a>",,False,3341,158
5.50009E+17,2014-12-30 19:23:36+00:00,Akki_MUFC,"@united_for_life Fantasy Premier league, u don't know fpl ?",,0,0,0,"<a href=""http://twitter.com/download/android"" rel=""nofollow"">Twitter for Android</a>",India,False,481,479
6.33196E+17,2015-08-17 08:36:30+00:00,FootballBurp,"NEW: Fantasy Premier League tips Gameweek 3: Forwards

http://t.co/vRsqotWJtJ

#FPL #GW3","['FPL', 'GW3']",0,0,0,"<a href=""http://footballburp.com/"" rel=""nofollow"">FootballBurp.com</a>",England,False,3249,1145
6.33342E+17,2015-08-17 18:16:30+00:00,JordRussell,@GNev2 dick advocat wanted to play his 2-5-3 all out attack on premier league fantasy football in real life,,0,0,0,"<a href=""http://twitter.com/download/iphone"" rel=""nofollow"">Twitter for iPhone</a>",Leeds,False,450,616
6.33414E+17,2015-08-17 23:04:39+00:00,justmota,I scored 46 points in Gameweek 2 on Fantasy Premier League http://t.co/NGMp69byaA,,0,0,1,"<a href=""http://twitter.com"" rel=""nofollow"">Twitter Web Client</a>",66,False,2100,324
6.33439E+17,2015-08-18 00:43:59+00:00,StyloSport,Kedudukan Fantasy Premier League Gameweek 2 http://t.co/JwJnBxY988,,0,0,0,"<a href=""http://www.networkedblogs.com/"" rel=""nofollow"">NetworkedBlogs</a>",Malaysia,False,36,181
6.33555E+17,2015-08-18 08:22:20+00:00,TimJablonski,@_fantasypremier I like stoke's next fixtures.who shall I swap Sinclair for Walters or Arnout. Also like Redmond or Kouyate #Help #FPL,"['Help', 'FPL']",0,0,0,"<a href=""http://twitter.com/download/iphone"" rel=""nofollow"">Twitter for iPhone</a>",United Kingdom,False,3670,2165
6.33858E+17,2015-08-19 04:28:19+00:00,brandonsidhuuu_,Who do you have in your Fantasy Premier League 2015/2016 team @kunalcb_devil?,,0,0,0,"<a href=""http://twitter.com/download/iphone"" rel=""nofollow"">Twitter for iPhone</a>",,False,473,678
6.33948E+17,2015-08-19 10:25:19+00:00,mohdphoto,I don't need in my life as much as I need in fantasy premier league  #FPL #wildcard,"['FPL', 'wildcard']",0,0,0,"<a href=""http://twitter.com/download/iphone"" rel=""nofollow"">Twitter for iPhone</a>",,False,82,58
6.33966E+17,2015-08-19 11:36:14+00:00,zafirahbasri,I scored 53 points in Gameweek 2 on Fantasy Premier League http://t.co/4tLG2MxJvO,,0,0,0,"<a href=""http://twitter.com"" rel=""nofollow"">Twitter Web Client</a>","Sarawak, Malaysia",False,269,289
6.33973E+17,2015-08-19 12:04:31+00:00,ShadyReg,"@Soccer_Laduma You guys should create your own fantasy football premier league mananger, every soccer publisher around the world has one",,0,0,0,"<a href=""https://mobile.twitter.com"" rel=""nofollow"">Mobile Web (M2)</a>",Free State,False,1768,1837
6.34049E+17,2015-08-19 17:08:40+00:00,Kurtyoy,Gameweek 3 Preview! Fantasy Premier League Tips: http://t.co/EujfN7INx1 via @YouTube,,0,0,0,"<a href=""https://www.google.com/"" rel=""nofollow"">Google</a>",,False,748,649
6.34238E+17,2015-08-20 05:38:34+00:00,FPL_15,"Fantasy Premier League 2015/16 is open. Win paid trip to an EPL game http://t.co/vag0SlOVVb
Code: 2401525-668196 #FPL http://t.co/OcQVArY9Ys",['FPL'],0,0,0,"<a href=""http://twitter.com"" rel=""nofollow"">Twitter Web Client</a>",United Kingdom,False,6,15
6.34645E+17,2015-08-21 08:36:05+00:00,thePunditsSA,"Who are your must-have players for this weekend's Fantasy Premier League action?

We share our thoughts, here:... http://t.co/3CoVhQ8OAo",,1,0,0,"<a href=""http://www.facebook.com/twitter"" rel=""nofollow"">Facebook</a>",Cape Town & Amsterdam,False,5368,1410
6.34664E+17,2015-08-21 09:49:05+00:00,FathwaaN,Previu Fantasy Premier League: Minggu 3 http://t.co/Bkl30HcIor via @semuanyabola,,2,1,0,"<a href=""http://twitter.com"" rel=""nofollow"">Twitter Web Client</a>",Liverpool,False,431,675
6.34757E+17,2015-08-21 16:01:16+00:00,Style_EditorUK,I've got way too in to the Fantasy Premier League..it's early in the season but I need an intervention..Walking round here thinking I'm Jose,,0,0,0,"<a href=""http://twitter.com"" rel=""nofollow"">Twitter Web Client</a>","Oxford, England",False,2513,858
6.34767E+17,2015-08-21 16:42:16+00:00,bjamesward,@bjamesward It's the only full 11 v 11 premier league fantasy betting game on the market. Follow @pitchrivals for more details!,,0,0,0,"<a href=""http://twitter.com"" rel=""nofollow"">Twitter Web Client</a>","Durham, NC",False,379,685
6.34788E+17,2015-08-21 18:05:06+00:00,JohnMolinaro,ICYMI: New Premier League fantasy football blog from @DanRiccio590 for @Sportsnet: Stay cautious with Chelsea -- http://t.co/Bzy1RJXSqS,,1,1,0,"<a href=""https://about.twitter.com/products/tweetdeck"" rel=""nofollow"">TweetDeck</a>","Toronto, Canada",True,13636,49
6.34954E+17,2015-08-22 05:01:26+00:00,lfc_spider,Liverpool FC News: Fantasy Premier League: Gameweek 3 Picks and Bargains http://t.co/MQ7JizAQ5q #lfc,['lfc'],0,0,0,"<a href=""http://footballspider.net/liverpool"" rel=""nofollow"">Liverpool Spider</a>",,False,43,25
6.34958E+17,2015-08-22 05:18:50+00:00,EquateRadiant,Players that can improve your Fantasy Premier League side for Week 3 (via @SWOLofficial): http://t.co/TaRh6KOGDH #FPL http://t.co/BrhK1D4PA4,['FPL'],0,0,0,"<a href=""http://twitter.com"" rel=""nofollow"">Twitter Web Client</a>",,False,473,984
6.35008E+17,2015-08-22 08:39:02+00:00,Peter_Bix,Week 3 Fantasy  Premier League Tips. http://t.co/sJzRLJzCgQ via @thedugoutKe,,0,0,0,"<a href=""http://twitter.com"" rel=""nofollow"">Twitter Web Client</a>","Nairobi, Kenya",False,1113,501
6.35041E+17,2015-08-22 10:51:05+00:00,billowl,I find over hearing premier league fantasy football problems annoying God knows what I sound like,,0,0,0,"<a href=""http://www.facebook.com/twitter"" rel=""nofollow"">Facebook</a>","Sheffield, England",False,370,70
6.35053E+17,2015-08-22 11:37:24+00:00,Beaner_90,When you forget to change your Fantasy Premier League captain #GameOver http://t.co/Ka739bkmwF,['GameOver'],0,0,0,"<a href=""http://twitter.com/download/android"" rel=""nofollow"">Twitter for Android</a>",,False,64,164
6.35076E+17,2015-08-22 13:06:49+00:00,filuslucas,Já desistindo do famigerado mas fraco Fantasy da Premier League,,0,1,0,"<a href=""https://about.twitter.com/products/tweetdeck"" rel=""nofollow"">TweetDeck</a>",Balneário Camboriú,True,11931,2885
6.3508E+17,2015-08-22 13:25:30+00:00,tara_syarif,Minggu ini mengorbankan 4 poin demi squad yg lebih baek di Fantasy Premier League. Jadiin si… - Stickmoticons — https://t.co/hmyibnDf79,,0,0,0,"<a href=""https://path.com/"" rel=""nofollow"">Path</a>","ÜT: -6.276124,106.746721",False,866,773
6.35102E+17,2015-08-22 14:50:11+00:00,Mvckinz,I scored 15 points in Gameweek 3 on Fantasy Premier League http://t.co/NPTwxwuZUl,,0,0,0,"<a href=""http://mobile.twitter.com"" rel=""nofollow"">Mobile Web</a>",Jamaica ,False,267,711
6.35211E+17,2015-08-22 22:06:37+00:00,Asam__A,Harry kane and rooney are both panchods in my fantasy premier league team,,0,0,0,"<a href=""http://twitter.com/download/android"" rel=""nofollow"">Twitter for Android</a>",London,False,1185,402
6.35237E+17,2015-08-22 23:48:48+00:00,vep_connie,Fantasy Premier League: Gameweek 3 preview http://t.co/rJwBeJaczN,,0,0,0,"<a href=""https://drumup.io"" rel=""nofollow"">drumup.io</a>",Cebu  Philippines 6000,False,1520,1957
6.35418E+17,2015-08-23 11:45:17+00:00,Hazemanwar3,I scored 14 points in Gameweek 3 on Fantasy Premier League http://t.co/ZfLIlA41zY,,0,0,0,"<a href=""http://twitter.com"" rel=""nofollow"">Twitter Web Client</a>",tanta,False,26,19
6.35439E+17,2015-08-23 13:12:32+00:00,Somos_Arsenal,FANTASY PREMIER LEAGUE POINTS,,0,0,0,"<a href=""http://twitter.com/download/android"" rel=""nofollow"">Twitter for Android</a>",London Is Red,False,5974,625
6.35448E+17,2015-08-23 13:46:19+00:00,SaeedRavat17,John Terry's cost me bare fantasy premier league points the knob!,,0,0,0,"<a href=""http://twitter.com/download/android"" rel=""nofollow"">Twitter for Android</a>",United Kingdom,False,533,417
6.35505E+17,2015-08-23 17:31:55+00:00,JJSubroyen,It's down to Christian Benteke to salvage my Fantasy Premier League #FPL pride for this gameweek! Get some points for me Bentekkers 🙏🏽 #LFC,"['FPL', 'LFC']",0,0,0,"<a href=""http://twitter.com/download/iphone"" rel=""nofollow"">Twitter for iPhone</a>","Durban, South Africa",False,442,270
6.35902E+17,2015-08-24 19:49:33+00:00,TumiAJ,Thank God coutinho is my captain on fantasy  premier League,,0,0,0,"<a href=""http://twitter.com/download/android"" rel=""nofollow"">Twitter for Android</a>","Henrietta, NY",False,344,353
6.35912E+17,2015-08-24 20:30:57+00:00,cfchadi17,@IfrahShouts I know ifrah :p I meant konsi league in fantasy premier league :p,,0,0,1,"<a href=""http://twitter.com/download/android"" rel=""nofollow"">Twitter for Android</a>","Lahore, Pakistan",False,278,1092
6.3594E+17,2015-08-24 22:20:03+00:00,leamfarrar,Fantasy Premier League &amp; Me Updating The Website More https://t.co/necVdH0I0r http://t.co/wZ9EsAeoVI,,0,0,0,"<a href=""http://publicize.wp.com/"" rel=""nofollow"">Jetpack.com</a>","Sydney, New South Wales",False,165,471
6.3597E+17,2015-08-25 00:21:31+00:00,LowkeyLebowski,I scored 53 points in Gameweek 3 on Fantasy Premier League  اخيرا 😭😭😂http://t.co/dhe3AwAmA6,,0,0,0,"<a href=""http://mobile.twitter.com"" rel=""nofollow"">Mobile Web</a>",,False,2772,477
6.35975E+17,2015-08-25 00:41:11+00:00,Mohammed88VCF,I scored 53 points in Gameweek 3 on Fantasy Premier League http://t.co/GndOFSpeF8,,0,0,0,"<a href=""http://mobile.twitter.com"" rel=""nofollow"">Mobile Web</a>",,False,312,110
6.36021E+17,2015-08-25 03:43:54+00:00,FaridAbuTalib,Aku nak cadang - mansuhkan borak fantasy premier league di twitter.,,1,0,1,"<a href=""http://www.hootsuite.com"" rel=""nofollow"">Hootsuite</a>",Indera Mahkota. ,False,1599,1132
6.36107E+17,2015-08-25 09:23:33+00:00,Alkriis1,I'm using Football Manager app to build my fantasy football team for 'Premier League' http://t.co/u9DvRXHvyP,,0,0,0,"<a href=""http://m.binu.com/a/twitter"" rel=""nofollow"">biNu</a>","Purwokerto, jawa tengah,indonesia",False,16,52
6.36128E+17,2015-08-25 10:47:55+00:00,AditiaPebrian,Saya mencetak 61 poin dalam Gameweek 3 pada Fantasy Premier League http://t.co/jcQQKZXLGP,,0,0,0,"<a href=""http://twitter.com"" rel=""nofollow"">Twitter Web Client</a>","Pekanbaru, London UK.",False,122,121
6.36168E+17,2015-08-25 13:28:34+00:00,NoWisdomMate,Sky Sports Fantasy Football's Premier League team of the week - SkySports,,0,0,0,"<a href=""https://dlvrit.com/"" rel=""nofollow"">dlvr.it</a>",India,False,1792,15
6.36178E+17,2015-08-25 14:06:03+00:00,24Sport365,Sky Sports Fantasy Football’s Premier League team of the week http://t.co/nAsrkqOMXw #Football,['Football'],0,0,0,"<a href=""https://dlvrit.com/"" rel=""nofollow"">dlvr.it</a>",,False,11,53
6.36485E+17,2015-08-26 10:26:28+00:00,EffectFexy,I picked P Pedro for Round 4 in @SuperBru English Premier League Fantasy Lite! What's your pick? #superbru,['superbru'],0,0,0,"<a href=""http://twitter.com"" rel=""nofollow"">Twitter Web Client</a>",,False,356,893
6.36494E+17,2015-08-26 11:02:03+00:00,Tolophari,I picked David Silva for Round 4 in @SuperBru English Premier League Fantasy Lite! What's your pick? #superbru,['superbru'],0,0,0,"<a href=""http://mobile.twitter.com"" rel=""nofollow"">Mobile Web</a>","Nigeria, ",False,229,396
6.36629E+17,2015-08-26 19:58:29+00:00,AlexBatt,Take out Rooney from my Fantasy Team....scores twice in Europe. Hopefully he won't carry that form onto the Premier League. #MUFC,['MUFC'],0,0,1,"<a href=""http://twitter.com"" rel=""nofollow"">Twitter Web Client</a>","Downham Market, England",True,2274,839
6.36981E+17,2015-08-27 19:17:07+00:00,RotoBaller,NEW: Week 4 English Premier League Saturday Predictions and Fantasy Advice by @boblpartridge http://t.co/UhWcNxYWpS #EPL,['EPL'],0,0,0,"<a href=""http://www.hootsuite.com"" rel=""nofollow"">Hootsuite</a>",Listen in live on SiriusXM 🎙,False,25468,1819
6.37514E+17,2015-08-29 06:36:42+00:00,FantasyYIRMA,"@RyanJGroves @FPLPriceChanges @FPL_JUNKIE @FPL_Fly @_fantasypremier @FantasyFootyFix @FPLaddicts 3rd from the right, 4th down... 100%",,0,1,1,"<a href=""http://twitter.com/download/iphone"" rel=""nofollow"">Twitter for iPhone</a>",Northern Ireland,False,41617,3945
6.37538E+17,2015-08-29 08:12:04+00:00,Favworstnitemre,"All todays tips live, a 19/2 treble from the premier league that looks insane value ! https://t.co/1YTjyFBLXB free fantasy money league too",,0,0,0,"<a href=""http://twitter.com/download/iphone"" rel=""nofollow"">Twitter for iPhone</a>",In Your Head,False,105,54
6.37563E+17,2015-08-29 09:50:34+00:00,FantasyYIRMA,"... I give up Mick 

I think the fantasy premier league should block your account for your own safety  https://t.co/TMunUMgyjq",,0,1,1,"<a href=""http://twitter.com/download/iphone"" rel=""nofollow"">Twitter for iPhone</a>",Northern Ireland,False,41617,3945
6.3763E+17,2015-08-29 14:18:40+00:00,Y1Hockey,New Fantasy Hockey Premier League for this year. Free to enter.  @HolcombeHC please RT http://t.co/JRYY3erwo8,,4,2,0,"<a href=""http://twitter.com/download/iphone"" rel=""nofollow"">Twitter for iPhone</a>",,False,4955,1284
6.37708E+17,2015-08-29 19:26:49+00:00,MudassirZulfqar,"any one who made 36+ points in Fantasy Premier League ???
#FPL",['FPL'],0,2,0,"<a href=""http://twitter.com"" rel=""nofollow"">Twitter Web Client</a>",Pakistan,False,235,105
6.37757E+17,2015-08-29 22:39:45+00:00,shabbirtipu,I scored 39 points in Gameweek 4 on Fantasy Premier League http://t.co/4xaEhnTuI6,,0,0,0,"<a href=""http://twitter.com"" rel=""nofollow"">Twitter Web Client</a>","Dhaka,Bangladesh",False,110,461
6.38025E+17,2015-08-30 16:27:57+00:00,Adam_Corleone,@YaasirKhan Had him in my fantasy premier league team😖 have Gomis too but van gaals dumb man!,,0,0,1,"<a href=""http://twitter.com/download/iphone"" rel=""nofollow"">Twitter for iPhone</a>","England, United Kingdom",False,217,483
6.38271E+17,2015-08-31 08:44:35+00:00,ardimanchunian,Saya mencetak 72 poin dalam Gameweek 4 pada Fantasy Premier League http://t.co/yJ4Xkg6MOk,,0,0,0,"<a href=""http://mobile.twitter.com"" rel=""nofollow"">Mobile Web</a>",Bojonegoro,False,52,350
6.38476E+17,2015-08-31 22:19:30+00:00,belal_amin98,Shall i move romero from the fantasy premier league as DDG is staying ? #MUFC #FPL,"['MUFC', 'FPL']",0,0,0,"<a href=""http://twitter.com/download/iphone"" rel=""nofollow"">Twitter for iPhone</a>","Alexandria, Egypt",False,163,149
6.38673E+17,2015-09-01 11:19:42+00:00,panditfootball,"Sabar mz :p http://t.co/OjQNv3Olgh RT @okyonline And they are ruining Fantasy Premier League (' ' , ) https://t.co/AGIZN9PqZK …",,0,0,0,"<a href=""https://about.twitter.com/products/tweetdeck"" rel=""nofollow"">TweetDeck</a>",Indonesia,True,628210,334
6.38986E+17,2015-09-02 08:04:10+00:00,PiwtyRamsey,กรี๊สสสสสสสสสสสสสส ฉันทำคะแนนได้ 57 คะแนนใน Gameweek 4 ใน Fantasy Premier League  #FPL http://t.co/C8twWYb1e0,['FPL'],0,0,0,"<a href=""http://linkis.com"" rel=""nofollow"">Linkis: turn sharing into growth</a>","Bangkok, Thailand",False,1070,600
6.39016E+17,2015-09-02 10:03:34+00:00,Ros_Jo21,@CamelusBlaah Comme moi sur mon Fantasy Premier League avec les recrues d'Arsenal. #Wait,['Wait'],0,0,0,"<a href=""http://twitter.com"" rel=""nofollow"">Twitter Web Client</a>",,False,1770,1446
6.39527E+17,2015-09-03 19:55:11+00:00,Danfox450,Fantasy Premier League hockey this season...Join in @Y1Sport  http://t.co/tIqloTwrqr,,2,2,2,"<a href=""http://twitter.com/download/iphone"" rel=""nofollow"">Twitter for iPhone</a>",N 51°2' 0'' / W 4°11' 0'',True,5020,944
6.39811E+17,2015-09-04 14:44:04+00:00,DeonBands,"Fantasy Football scout: Chelsea captain John Terry has had a shocker this Premier League season so far
http://t.co/KRjWMSxoAl",,0,0,0,"<a href=""https://ifttt.com"" rel=""nofollow"">IFTTT</a>",Nigel,False,1118,432
6.41147E+17,2015-09-08 07:12:38+00:00,TCatherineNews,"Premier League Injury News, Fantasy Impact: Jack Wilshere Back ... http://t.co/A75VyjfItl",,0,0,0,"<a href=""https://dlvrit.com/"" rel=""nofollow"">dlvr.it</a>",,False,386,1571
6.42243E+17,2015-09-11 07:46:18+00:00,Carl_LewisZA,"Thankful #EPL is back, more Fantasy stress though...

Premier League: 10 things to look out for this weekend http://t.co/jmNbLAZIDf",['EPL'],1,2,1,"<a href=""http://twitter.com"" rel=""nofollow"">Twitter Web Client</a>",Cape Town,False,6730,3997
6.42313E+17,2015-09-11 12:24:59+00:00,Parag51517,"@D_DeGea Going right back in the Fantasy Premier league,bruhhh.
Love you. #DaveStays #GayforDave","['DaveStays', 'GayforDave']",0,0,0,"<a href=""http://twitter.com/download/android"" rel=""nofollow"">Twitter for Android</a>","Mumbai, India",False,647,4774
6.42405E+17,2015-09-11 18:29:29+00:00,CrackApps,Fantasy Premier League 2015/16 1.4 Apk for Android [FPL 14 15 1.4 Hack] http://t.co/gEEZo6CM5Q http://t.co/NucBpHlN9w,,0,0,0,"<a href=""http://publicize.wp.com/"" rel=""nofollow"">Jetpack.com</a>",,False,166,5
6.42431E+17,2015-09-11 20:13:08+00:00,ECigSmokerz,Fantasy Premier League tips: The transfers you should make in Gameweek 5 http://t.co/UsnIwmLokn,,0,0,0,"<a href=""https://dlvrit.com/"" rel=""nofollow"">dlvr.it</a>","Dundee, Scotland",False,114,517
6.4244E+17,2015-09-11 20:50:39+00:00,gima2327,#FantasyPremierLeague ☰ Fantasy Premier League tips: The➟ http://t.co/0HlRnfLQ0s http://t.co/4y5CeZzvrs,['FantasyPremierLeague'],0,0,0,"<a href=""https://dlvrit.com/"" rel=""nofollow"">dlvr.it</a>",Garage,False,46523,51084
6.42451E+17,2015-09-11 21:32:12+00:00,glparker,"On the bright side, there's no ITFC players in my Premier League Fantasy Football team.",,0,0,0,"<a href=""http://twitter.com/download/android"" rel=""nofollow"">Twitter for Android</a>",,False,299,406
6.42593E+17,2015-09-12 07:00:01+00:00,kooldroidapps,6. Caroline Flack Selfie 7. Fantasy Premier League 8. Sadiq Khan 9. NFL 10. Mecca  #trending #seo #uk,"['trending', 'seo', 'uk']",0,0,0,"<a href=""http://www.twitter.com"" rel=""nofollow"">trendinguk</a>",UK,False,88505,93405
6.42646E+17,2015-09-12 10:27:41+00:00,Tolophari,I picked Sergio Agüero for Round 5 in @SuperBru English Premier League Fantasy Lite! What's your pick? #superbru,['superbru'],0,0,0,"<a href=""http://mobile.twitter.com"" rel=""nofollow"">Mobile Web</a>","Nigeria, ",False,229,396
6.42713E+17,2015-09-12 14:54:08+00:00,RiviOnze,Am niste etape in fantasy premier league de nu stiu pe unde sa mai scot camasa. #FPL,['FPL'],0,0,0,"<a href=""http://twitter.com"" rel=""nofollow"">Twitter Web Client</a>","Brasov, Romania",False,2449,170
6.42723E+17,2015-09-12 15:35:33+00:00,Janobyl,Fantasy Premier League 2015/16 v1.3 APK (PAID) http://t.co/QKVmBHzaDq,,0,0,0,"<a href=""https://dlvrit.com/"" rel=""nofollow"">dlvr.it</a>",Sekardangan Sidoarjo,False,292,625
6.42847E+17,2015-09-12 23:47:01+00:00,agungharyo,Fantasy Premier League musim ini udah 5 GW apek bener dah..,,0,0,1,"<a href=""https://path.com/"" rel=""nofollow"">Path</a>",Indonesia,False,302,370
6.42893E+17,2015-09-13 02:51:42+00:00,Ninja__65,I scored 41 points in Gameweek 5 on Fantasy Premier League http://t.co/1d28qdXGXu,,0,0,0,"<a href=""http://twitter.com/download/android"" rel=""nofollow"">Twitter for Android</a>",Kuwait,False,1085,166
6.43073E+17,2015-09-13 14:45:33+00:00,InfernoSix,@617_Strong @_fantasypremier mine included! #fpl #gw5,"['fpl', 'gw5']",0,0,0,"<a href=""http://twitter.com/download/android"" rel=""nofollow"">Twitter for Android</a>","North West, England",False,3194,565
6.44187E+17,2015-09-16 16:32:57+00:00,BhavishaHalai,Luke Shaw is in my fantasy premier league team,,0,0,0,"<a href=""http://twitter.com"" rel=""nofollow"">Twitter Web Client</a>","London, England",False,2238,2711
6.44447E+17,2015-09-17 09:43:34+00:00,bombofia,Real Madrid count the cost &amp; Premier League in fantasy land - Champions League talking points http://t.co/znUe7SXsxX,,0,0,0,"<a href=""https://dlvrit.com/"" rel=""nofollow"">dlvr.it</a>","London, England",False,431,367
6.44451E+17,2015-09-17 09:59:34+00:00,Madridreport,Real Madrid count the cost &amp; Premier League in fantasy land - Champions League ... - http://t.co/gA04wtfsUS http://t.co/fvKecFnvu2,,0,0,0,"<a href=""https://dlvrit.com/"" rel=""nofollow"">dlvr.it</a>",,False,2520,2896
6.44567E+17,2015-09-17 17:42:42+00:00,d_pumpin,Fantasy Friday: Premier League week 6 http://t.co/eYd0BHNwWQ,,0,0,0,"<a href=""http://www.facebook.com/twitter"" rel=""nofollow"">Facebook</a>","Abuja, Nigeria",False,2912,3947
6.44572E+17,2015-09-17 18:01:24+00:00,DonaldsonESPN,Looking for some decent Premier League fantasy football advice? I'm sure it exists somewhere. Instead here's mine.. http://t.co/Qzs6HgdBRO,,1,3,0,"<a href=""http://twitter.com"" rel=""nofollow"">Twitter Web Client</a>",,True,13013,1089
6.44925E+17,2015-09-18 17:26:31+00:00,PeterMutegi,"These days, while watching football, most of my pals have two other parallel interests - Fantasy Premier League and.............SportsPesa.",,2,0,0,"<a href=""https://about.twitter.com/products/tweetdeck"" rel=""nofollow"">TweetDeck</a>",Kenya,True,9087,2636
6.45117E+17,2015-09-19 06:06:56+00:00,SoccerSouls,Watch Out For This Tottenham And Crystal Palace Stars In The Fantasy Premier League This Week: The weekend is ... http://t.co/mgqgyrusOb,,0,0,0,"<a href=""http://twitterfeed.com"" rel=""nofollow"">twitterfeed</a>","London, England",False,2160,826
6.45185E+17,2015-09-19 10:35:49+00:00,FPLUpdates_Tips,"Fantasy Premier League - GW6 - Luke Shaw badly injured! Will Mahrez be a good capitan or not?
https://t.co/3wT9bJ2ZNJ",,0,0,0,"<a href=""http://twitter.com"" rel=""nofollow"">Twitter Web Client</a>",,False,54246,13880
6.45266E+17,2015-09-19 16:00:25+00:00,DarylD72,"So glad he's on my fantasy team!  RT @Squawka: Riyad Mahrez in the Premier League this season:

24 take-ons
15 chances created
5 (1/2)",,0,1,0,"<a href=""http://erased972529_fzyRVGtcON.com"" rel=""nofollow"">erased972529_fzyRVGtcON</a>","Virginia, USA",False,86,390
6.4532E+17,2015-09-19 19:34:38+00:00,TBBodell,Really got to get with it with the Premier League Fantasy League. Left Ighalo on the bench all season and he's scored four times now!,,0,0,0,"<a href=""https://about.twitter.com/products/tweetdeck"" rel=""nofollow"">TweetDeck</a>","Rickmansworth, East",False,2073,1688
6.45355E+17,2015-09-19 21:54:16+00:00,Ngosa_jj_Mwami,And my premier league fantasy team has done very well this saturday. Hope tomorrow will be just as good.,,0,0,0,"<a href=""http://blackberry.com/twitter"" rel=""nofollow"">Twitter for BlackBerry®</a>",Via Margutta 51,False,892,1058
6.45391E+17,2015-09-20 00:16:51+00:00,erick_alonsos,"Anotó Hazard, Vardy, Wilson... esto me dará varios puntos en el Premier League Fantasy",,0,0,0,"<a href=""https://mobile.twitter.com"" rel=""nofollow"">Mobile Web (M2)</a>",México,False,146,800
6.45644E+17,2015-09-20 17:02:25+00:00,hafizolatunji,I scored 56 points in Gameweek 6 on Fantasy Premier League http://t.co/woxrtQLUa1,,0,0,0,"<a href=""http://twitter.com"" rel=""nofollow"">Twitter Web Client</a>",Malaysia,False,365,967
6.45646E+17,2015-09-20 17:07:42+00:00,PrideOfIrons,So with this weekend's fixtures over and done with how is your team doing in the Pride of Irons  fantasy Premier League?,,0,1,0,"<a href=""http://twitter.com/download/android"" rel=""nofollow"">Twitter for Android</a>",,False,3224,1089
6.45649E+17,2015-09-20 17:23:25+00:00,vysakhnairwr10,@WayneRooney pls end goal drought in premier league u r my captain in the fantasy team for 38 games #GGMU,['GGMU'],0,0,0,"<a href=""http://twitter.com/download/android"" rel=""nofollow"">Twitter for Android</a>",,False,3,137
6.45685E+17,2015-09-20 19:44:44+00:00,MoneySeeds_,Lol so fantasy premier league have banned me for one year,,0,0,0,"<a href=""http://twitter.com/download/iphone"" rel=""nofollow"">Twitter for iPhone</a>",,False,491,374
6.45835E+17,2015-09-21 05:40:39+00:00,Sport_Satu,"kutan SportSatu Fantasy Premier League yuk, banyak hadiahnya loh.. http://t.co/ifNta7BEFI",,0,1,0,"<a href=""http://twitter.com"" rel=""nofollow"">Twitter Web Client</a>",,False,117729,492
6.45936E+17,2015-09-21 12:20:56+00:00,Ray_Addoz,"This week, my premier league fantasy looks bad chale. The difficulty in playing this game is selecting the right captain every week.",,0,0,0,"<a href=""http://erased4164228.com"" rel=""nofollow"">erased4164228</a>",Earth,False,1046,730
6.45998E+17,2015-09-21 16:30:04+00:00,MainlineMen,"⚽We'r Back @ the Fantasy Premier League. WIN £250 &amp; Goodie Bags ⚽
Play here: http://t.co/av7kL1t71v
#football #league http://t.co/hyTwZhiCD7","['football', 'league']",0,1,0,"<a href=""https://sproutsocial.com"" rel=""nofollow"">Sprout Social</a>",Scarborough,False,21294,68
6.46685E+17,2015-09-23 14:00:07+00:00,SuperCool67,"@Bigo1_ @pagsmith @WorldCupDanB Ultimate fantasy premier league has around 21,000 paying seasonal players, similar numbers to last season.",,0,0,1,"<a href=""http://twitter.com/#!/download/ipad"" rel=""nofollow"">Twitter for iPad</a>",Polaris ,False,522,2542
6.46784E+17,2015-09-23 20:30:15+00:00,Kenyan_Fashion,#KenyanFashion |Time to Win on the Fantasy Premier League |http://t.co/Q5R6jAqdDV |http://t.co/kqtDVZqnoJ http://t.co/f55X7wqD7Q,['KenyanFashion'],0,0,0,"<a href=""https://buffer.com"" rel=""nofollow"">Buffer</a>",,False,185,33
6.46996E+17,2015-09-24 10:34:04+00:00,TweetWhiteLine,"Fantasy Premier League: GW7.
Who's on the list of best team names? Beware: word-play abounds.
http://t.co/VBYBoPKRF4 http://t.co/O6iDzY2toY",,1,0,0,"<a href=""http://twitter.com"" rel=""nofollow"">Twitter Web Client</a>",,False,1847,958
6.47441E+17,2015-09-25 16:02:48+00:00,jonoblain,"Tottenham fans, allow Harry Kane to score his first Premier League goal of the season by taking him out of your fantasy team... #thfc",['thfc'],2,3,2,"<a href=""http://twitter.com"" rel=""nofollow"">Twitter Web Client</a>",,False,5482,2389
6.47481E+17,2015-09-25 18:40:23+00:00,Newsandyou,Fantasy Premier League tips: The transfers you should make in Gameweek 7 http://t.co/k6itEp6Asl http://t.co/QQoh1nuUeW,,0,0,0,"<a href=""http://www.facebook.com/twitter"" rel=""nofollow"">Facebook</a>","Lagos, Nigeria",False,7603,5149
6.47774E+17,2015-09-26 14:06:43+00:00,Yousaf_S_1987,Ah lovely Coutinho assist...&amp; Yaya assist. Nice start on fantasy premier league,,0,0,0,"<a href=""http://twitter.com/download/android"" rel=""nofollow"">Twitter for Android</a>",West London,False,406,349
6.48161E+17,2015-09-27 15:43:28+00:00,bokbek_,@miemansor fantasy premier league 2015/2016. Tapi kena bayar la.,,0,0,0,"<a href=""http://twitter.com/download/iphone"" rel=""nofollow"">Twitter for iPhone</a>",Kubang Kerian,False,334,398
6.48227E+17,2015-09-27 20:04:07+00:00,JustFPL,"Premier League Results: Sunday's EPL Week 7 Scores, Top Fantasy Points-Scorers http://t.co/TsrffuSM2d",,0,0,0,"<a href=""https://dlvrit.com/"" rel=""nofollow"">dlvr.it</a>",Malaysia,False,835,71
6.48591E+17,2015-09-28 20:13:34+00:00,Yousaf_S_1987,Ah thank u Lukaku for fantasy premier league points. Knew he'd score ☺,,0,0,0,"<a href=""http://twitter.com/download/android"" rel=""nofollow"">Twitter for Android</a>",West London,False,406,349
6.48671E+17,2015-09-29 01:29:33+00:00,xolosmanuel,Lukaku came in clutch for my fantasy premier league 👊🏽,,0,0,0,"<a href=""http://twitter.com/download/iphone"" rel=""nofollow"">Twitter for iPhone</a>",,False,284,840
6.48675E+17,2015-09-29 01:44:52+00:00,helmihanan,I scored 64 points in Gameweek 7 on Fantasy Premier League http://t.co/UJasK8X5pb,,0,0,0,"<a href=""http://twitter.com/download/android"" rel=""nofollow"">Twitter for Android</a>",Putrajaya,False,240,252
6.48798E+17,2015-09-29 09:56:26+00:00,ShaneWalker95,Fantasy Premier League http://t.co/iPFBjh23Me,,0,0,0,"<a href=""http://www.facebook.com/twitter"" rel=""nofollow"">Facebook</a>",,False,415,355
6.49844E+17,2015-10-02 07:12:27+00:00,anujdalian,@dalian_dhruv I will not be in indore 😒😓going Amritsar. Your fantasy premier league status ?,,0,0,1,"<a href=""http://twitter.com/download/iphone"" rel=""nofollow"">Twitter for iPhone</a>",INDIA,False,163,159
6.49939E+17,2015-10-02 13:30:00+00:00,Rageedyo,Fantasy Premier League tips: The transfers you should make in Gameweek 8 http://t.co/yExquMizvA,,0,0,0,"<a href=""http://publicize.wp.com/"" rel=""nofollow"">Jetpack.com</a>",,False,55,8
6.49967E+17,2015-10-02 15:19:33+00:00,JustFootball,Five players to cop &amp; 5 to drop from your Fantasy Premier League team this week: http://t.co/QYsdLCO9TF @sakobakary26 http://t.co/qaTCjlxuvU,,0,0,0,"<a href=""http://twitter.com/#!/download/ipad"" rel=""nofollow"">Twitter for iPad</a>",,False,22662,2709
6.50059E+17,2015-10-02 21:23:38+00:00,nazl4e,I picked Juan Mata for Round 8 in @SuperBru English Premier League Fantasy Lite! What's your pick? #superbru #fb,"['superbru', 'fb']",0,0,0,"<a href=""http://mobile.twitter.com"" rel=""nofollow"">Mobile Web</a>",Zirobwe Bamunanika Luwero,False,383,534
6.5016E+17,2015-10-03 04:06:54+00:00,SkyIndonesia_,Para member disini ada yg hobi main Fantasy Premier League gak nih?  Kalo ada gabung ke liga baru buatan admin... http://t.co/4GbXoM8Uce,,0,0,0,"<a href=""http://www.facebook.com/twitter"" rel=""nofollow"">Facebook</a>",Indonesia,False,3471,251
6.5031E+17,2015-10-03 14:01:45+00:00,talkSPORT,This happened when Fantasy Premier League managers realised Riyad Mahrez was on the bench... http://t.co/YkDNRwSEc2 http://t.co/LJdkFL3yvN,,4,3,0,"<a href=""http://twitter.com"" rel=""nofollow"">Twitter Web Client</a>",United Kingdom,True,2189727,1971
6.50319E+17,2015-10-03 14:37:09+00:00,PressaJohn,Fantasy Premier League managers in meltdown as Riyad Mahrez is on the bench http://t.co/No3YchiWcG http://t.co/5AfPxeW4c5,,0,0,0,"<a href=""https://dlvrit.com/"" rel=""nofollow"">dlvr.it</a>",,False,29,962
6.50323E+17,2015-10-03 14:55:06+00:00,footballfeeds1,Fantasy Premier League managers in meltdown as Riyad Mahrez is on the bench:  http://t.co/jYHEeZK8YJ #football,['football'],0,0,0,"<a href=""http://twitterfeed.com"" rel=""nofollow"">twitterfeed</a>",,False,153,170
6.50331E+17,2015-10-03 15:24:14+00:00,FootballCentral,Fantasy Premier League managers when they realise Sergio Agüero has scored 5. http://t.co/Av6gvXQVlZ,,3,3,0,"<a href=""https://sproutsocial.com"" rel=""nofollow"">Sprout Social</a>",Worldwide,False,47338,218
6.50337E+17,2015-10-03 15:48:52+00:00,mettszeli,"A hivatalos Premier League fantasy football lefagyott, gyaníthatóan mindenki azt szeretné tudni, az ellenfélnél bent volt-e Agüero.",,0,0,0,"<a href=""http://twitter.com"" rel=""nofollow"">Twitter Web Client</a>",Budapest,False,1689,864
6.50339E+17,2015-10-03 15:57:14+00:00,thebabajide,FPL managers have broken the fantasy premier league website😂😂😂😂😂 all the Aguero managers,,0,0,1,"<a href=""http://www.twitter.com"" rel=""nofollow"">Twitter for BlackBerry</a>",,False,406,275
6.50359E+17,2015-10-03 17:18:03+00:00,Thetworis_,Fantasy Premier League: The effect Sergio Aguero can have on supporters after he scored five goals:  http://t.co/ZnhUbOiS9B,,0,0,0,"<a href=""http://twitterfeed.com"" rel=""nofollow"">twitterfeed</a>",,False,276,1
6.50364E+17,2015-10-03 17:37:59+00:00,IkhwanMissnon,@AzimMarzuki fantasy premier league jim hahah epl lah,,0,0,1,"<a href=""http://twitter.com/download/android"" rel=""nofollow"">Twitter for Android</a>",Allah's earth.,False,453,467
6.50669E+17,2015-10-04 13:48:30+00:00,Shinz27,Fam i will sue fantasy premier league,,0,0,0,"<a href=""http://twitter.com/download/android"" rel=""nofollow"">Twitter for Android</a>",London,False,846,840
6.50697E+17,2015-10-04 15:39:20+00:00,zlippery,When you just think fuck it with Fantasy Premier League. #Aguero #Alexis,"['Aguero', 'Alexis']",0,0,0,"<a href=""http://twitter.com/download/iphone"" rel=""nofollow"">Twitter for iPhone</a>","Kota Bogor, Jawa Barat",False,307,134
6.50727E+17,2015-10-04 17:39:10+00:00,yassel10,"Premier League Results: 2015 EPL Week 8 Scores, Table, Best Fantasy Performers http://t.co/uuzRsDbqiB",,0,0,0,"<a href=""https://dlvrit.com/"" rel=""nofollow"">dlvr.it</a>",,False,63901,80
6.50736E+17,2015-10-04 18:14:51+00:00,footballfeeds1,The Scoreboard – Gameweek 8 – Sunday: The Scoreboard presents the Fantasy Premier League information... http://t.co/DO1k1R269w #football,['football'],0,0,0,"<a href=""http://twitterfeed.com"" rel=""nofollow"">twitterfeed</a>",,False,153,170
6.50772E+17,2015-10-04 20:38:35+00:00,shabbirtipu,I scored 49 points in Gameweek 8 on Fantasy Premier League http://t.co/WhqVcEd7dK,,0,0,0,"<a href=""http://twitter.com"" rel=""nofollow"">Twitter Web Client</a>","Dhaka,Bangladesh",False,110,461
6.50923E+17,2015-10-05 06:36:55+00:00,FootballBurp,"NEW: Fantasy Premier League tips Gameweek 9: Defenders

http://t.co/KiPAm2SIuk

#GW9 #FPL","['GW9', 'FPL']",0,1,0,"<a href=""http://footballburp.com/"" rel=""nofollow"">FootballBurp.com</a>",England,False,3249,1145
6.51016E+17,2015-10-05 12:49:07+00:00,mahmoudelhabak,"I scored 76 points in Gameweek 8 on Fantasy Premier League without aguero :D
http://t.co/daAOS3g8dz",,0,0,0,"<a href=""http://twitter.com"" rel=""nofollow"">Twitter Web Client</a>",,False,620,277
6.51045E+17,2015-10-05 14:43:42+00:00,dave2801epic,I liked a @YouTube video from @mkmears23 http://t.co/hr2VHE2uTo Fantasy Premier League 2015/16 - Gameweek 8 Review,,0,0,0,"<a href=""https://www.google.com/"" rel=""nofollow"">Google</a>","England, United Kingdom",False,390,1300
6.51296E+17,2015-10-06 07:19:02+00:00,Sport_Satu,Suka Main Fantasy Premier League 2015/2016? Nih Bocoran Minggu Depan --&gt; http://t.co/3eta7WObQa http://t.co/2NlXKG91fo,,0,0,1,"<a href=""http://www.sportsatu.com"" rel=""nofollow"">Sport_Satu</a>",,False,117729,492
6.51414E+17,2015-10-06 15:10:19+00:00,Wala_11,@MiguelDelaney @Tom_Ricco watch out Mig @Tom_Ricco will tell you he's #36 in the world on Fantasy Premier League in a second 😴,,0,2,1,"<a href=""http://twitter.com/download/iphone"" rel=""nofollow"">Twitter for iPhone</a>","England, United Kingdom",False,214,473
6.51529E+17,2015-10-06 22:48:00+00:00,jamkam017,@cpress75 DP Show.. PFT.. Fantasy Football Live.. SNF.. NHL Coverage.. Premier League... all kick ass,,0,0,2,"<a href=""https://about.twitter.com/products/tweetdeck"" rel=""nofollow"">TweetDeck</a>",The 10/28/16 Golden Age,False,882,786
6.51554E+17,2015-10-07 00:26:28+00:00,_dof17,@_ghl3 yes. lol at going from 5 to 2 in fantasy premier league. honestly had given up.,,0,0,0,"<a href=""http://twitter.com/download/iphone"" rel=""nofollow"">Twitter for iPhone</a>",,False,44,197
6.52837E+17,2015-10-10 13:25:04+00:00,basel_tarayra,@a1harbi_ksa السلام عليكم في تطبيق اتنمى اضافته اسمو fantasy premier league 2015/16 لانو محتاجو كثيو وشكرا,,0,0,0,"<a href=""http://twitter.com/download/iphone"" rel=""nofollow"">Twitter for iPhone</a>",,False,29,174
6.53434E+17,2015-10-12 04:57:21+00:00,Sport_Satu,Anda Penggemar Fantasy Premier League? Pasti Anda sedih dengan berita ini http://t.co/Gv8kW8B4NI http://t.co/JYXIVoxhH8,,0,0,0,"<a href=""http://www.sportsatu.com"" rel=""nofollow"">Sport_Satu</a>",,False,117729,492
6.53495E+17,2015-10-12 08:57:52+00:00,aldyorkes,Saya mencetak 102 poin dalam Gameweek 8 pada Fantasy Premier League http://t.co/CbF29JuCjP,,0,0,0,"<a href=""http://twitter.com"" rel=""nofollow"">Twitter Web Client</a>","Turin, Piedmont",False,194,322
6.54348E+17,2015-10-14 17:29:17+00:00,AM1Rsilva,@TommySandhu hi tommy wats ur premier league fantasy code? I heard you talking about it this morning.,,0,0,0,"<a href=""http://twitter.com/download/android"" rel=""nofollow"">Twitter for Android</a>",United Kingdom,False,155,585
6.5463E+17,2015-10-15 12:08:36+00:00,gdasfifa,FANTASY PREMIER LEAGUE GAMEWEEK 9 GUIDE IS LIVE!!!! CHECK IT OUT HERE https://t.co/g1k4nHW5k0 and GOOD LUCK :D,,0,0,0,"<a href=""http://twitter.com"" rel=""nofollow"">Twitter Web Client</a>",Poland,False,49,392
6.54973E+17,2015-10-16 10:51:36+00:00,NorwichDTeam,Barclays Premier League Fantasy Football: Tips to beat your mates in week nine http://t.co/hd23M8HAPv #ncfc #norwich,"['ncfc', 'norwich']",0,0,0,"<a href=""https://ifttt.com"" rel=""nofollow"">IFTTT</a>",Norwich,False,337,39
6.55066E+17,2015-10-16 16:59:50+00:00,Footy_Updatez,Fantasy Friday: Premier League week 9 http://t.co/sigDcrr4ro,,0,0,0,"<a href=""https://ifttt.com"" rel=""nofollow"">IFTTT</a>",,False,1698,979
6.5507E+17,2015-10-16 17:16:10+00:00,ChelseaFC_Fanly,Fantasy Friday: Premier League week 9 #Chelsea  http://t.co/cwMQ2BE79N,['Chelsea'],0,0,0,"<a href=""http://www.fanly.me/getapp"" rel=""nofollow"">ChelseaFC_Fanly</a>",England,False,11508,4155
6.5529E+17,2015-10-17 07:51:27+00:00,paultudor,Interesting discussion about the role of captains in team sports - analogy with Fantasy Premier League something hadn't thought of before,,0,0,0,"<a href=""http://twitter.com/download/iphone"" rel=""nofollow"">Twitter for iPhone</a>",Aotearoa,False,6581,6947
6.55292E+17,2015-10-17 08:01:09+00:00,RacingGamesGG,"Gameweek 9 of the Fantasy Premier League is upon us!

Check out our piece here!

http://t.co/83pHv8w2w7 http://t.co/r5jg6Gv9Xj",,0,0,0,"<a href=""http://www.hootsuite.com"" rel=""nofollow"">Hootsuite</a>","London, England",False,3388,113
6.55325E+17,2015-10-17 10:08:35+00:00,FPL_Mamun,@_fantasypremier Both Sagna &amp; Zabaleta can play at LB as Kolarov injured. Zouma &amp; Baba both can start today in place of Iva &amp; Terry imo.,,0,0,0,"<a href=""http://twitter.com"" rel=""nofollow"">Twitter Web Client</a>","Dhaka, Bangladesh.",False,483,856
6.55472E+17,2015-10-17 19:53:14+00:00,udwag_mills,Premier League fantasy football tips: Man City playmaker Kevin de Bruyne as … http://t.co/E9Bch5U5qu,,0,0,0,"<a href=""http://publicize.wp.com/"" rel=""nofollow"">Jetpack.com</a>",,False,32,102
6.55517E+17,2015-10-17 22:53:52+00:00,FarrisYusri,@faaiqasyraf @grimhunter17 mohon tgk fantasy premier league 😏😏,,0,0,0,"<a href=""http://twitter.com/download/android"" rel=""nofollow"">Twitter for Android</a>",,False,213,172
6.55746E+17,2015-10-18 14:03:19+00:00,Yousaf_S_1987,C'mon Janmaat! Get me some fantasy premier league points ☺,,0,0,0,"<a href=""http://twitter.com/download/android"" rel=""nofollow"">Twitter for Android</a>",West London,False,406,349
6.56468E+17,2015-10-20 13:53:01+00:00,abdellahsabrane,I scored 51 points in Gameweek 9 on Fantasy Premier League https://t.co/E7qf3cKHtt,,0,0,0,"<a href=""http://twitter.com"" rel=""nofollow"">Twitter Web Client</a>","Milano, Lombardia",False,166,340
6.57E+17,2015-10-22 01:04:32+00:00,johnhughestx,"@FanDuel needs to have a fantasy premier league. The largest sports market on earth, already embraces gambling, and its not available.",,0,0,0,"<a href=""http://twitter.com"" rel=""nofollow"">Twitter Web Client</a>","Houston, TX",False,234,231
6.57537E+17,2015-10-23 12:41:28+00:00,kucingasm,Previu Fantasy Premier League: Minggu 10 https://t.co/v5JA5JrjU4,,1,0,0,"<a href=""http://twitterfeed.com"" rel=""nofollow"">twitterfeed</a>",Malaysia,False,14334,94
6.57618E+17,2015-10-23 18:03:45+00:00,Habiodunn,"ESPN FC's Mark Donaldson presents his weekly Premier League fantasy side ahead of week 10, as he places a lot ... https://t.co/g7J8GC9keU",,0,0,0,"<a href=""http://twitterfeed.com"" rel=""nofollow"">twitterfeed</a>",Nigeria,False,1561,2075
6.57618E+17,2015-10-23 18:04:01+00:00,DavidRoze7,Fantasy Friday: Premier League Week 10 https://t.co/sPFvvBWeKX #Futbol,['Futbol'],0,0,0,"<a href=""http://twitterfeed.com"" rel=""nofollow"">twitterfeed</a>","Katy, TX",False,738,1345
6.57851E+17,2015-10-24 09:28:24+00:00,muhreddy,Tahun ini ga bikin team fantasy premier league :(,,0,0,0,"<a href=""http://twitter.com/#!/download/ipad"" rel=""nofollow"">Twitter for iPad</a>",Bantul - Subang,False,459,571
6.58205E+17,2015-10-25 08:55:50+00:00,FPL_TheSource,"@skitz247 @_fantasypremier Yes, there won't be any showing yet, FA Cup and postponements will bring DGW's. #TripleCaptain",['TripleCaptain'],0,0,0,"<a href=""http://twitter.com"" rel=""nofollow"">Twitter Web Client</a>",,False,1147,1691
6.58397E+17,2015-10-25 21:38:12+00:00,toydaboss,I scored 66 points in Gameweek 10 on Fantasy Premier League https://t.co/yq3R99sJ1F,,0,0,0,"<a href=""http://mobile.twitter.com"" rel=""nofollow"">Mobile Web</a>",Closer than you think,False,524,856
6.58538E+17,2015-10-26 06:59:15+00:00,OriginalAitchy,"Fantasy Premier League Manager Lies 10th After Using No Subs, Transfers or Chips | Bleacher Report https://t.co/2L7G9TPnej",,0,0,0,"<a href=""http://twitter.com/#!/download/ipad"" rel=""nofollow"">Twitter for iPad</a>","Wetherby, West Yorkshire",False,722,586
6.58657E+17,2015-10-26 14:49:25+00:00,Chu301,"I hate Fantasy Premier League.... My self esteem and confidence takes a knock, 9 weeks in a row now. Week 1 qha I was good now mxim :-(",,0,0,0,"<a href=""https://mobile.twitter.com"" rel=""nofollow"">Mobile Web (M2)</a>",Umtata-PE-Dreamville,False,184,221
6.58969E+17,2015-10-27 11:29:50+00:00,dave2801epic,I liked a @YouTube video from @mkmears23 https://t.co/Bie7JoogUw Fantasy Premier League 2015/16 - Gameweek 10 Review,,0,0,0,"<a href=""https://www.google.com/"" rel=""nofollow"">Google</a>","England, United Kingdom",False,390,1300
6.59031E+17,2015-10-27 15:38:46+00:00,Kurtyoy,Gameweek 10 Review Fantasy Premier League Tips with Kurtyoy: https://t.co/CcWhYHRrAE via @YouTube,,0,0,0,"<a href=""https://www.google.com/"" rel=""nofollow"">Google</a>",,False,748,649
6.59672E+17,2015-10-29 10:02:29+00:00,rowwdesign,"super cool la @TrashTalk_fr Fantasy League! Si je ne finis pas premier, j'aurais au moins trouvé le meilleur pseudo : Carlos Boozeux #ttfl",['ttfl'],0,0,0,"<a href=""http://twitter.com"" rel=""nofollow"">Twitter Web Client</a>",,False,232,401
6.60371E+17,2015-10-31 08:20:28+00:00,rishenkapoor,I scored 53 points in Gameweek 10 on Fantasy Premier League https://t.co/jABakBJWWO,,0,0,0,"<a href=""http://twitter.com"" rel=""nofollow"">Twitter Web Client</a>",☁️,False,2432,473
6.60399E+17,2015-10-31 10:13:34+00:00,HeadFlickVolley,Fantasy Premier League tips: The transfers you should make in Gameweek 11 including the best Walcott replacements! https://t.co/F8glW4FdF8,,0,0,0,"<a href=""http://twibble.io"" rel=""nofollow"">Twibble.io</a>",United Kingdom,False,2090,2081
6.60413E+17,2015-10-31 11:09:34+00:00,willpike8,Fantasy Premier League is the most stressful part of my weekend😩 #FPL ⚽️,['FPL'],0,0,1,"<a href=""http://twitter.com/download/iphone"" rel=""nofollow"">Twitter for iPhone</a>","Taffs Well, Wales",False,292,867
6.60439E+17,2015-10-31 12:53:05+00:00,rookspeaks14,My story of this premier league is not updating my fantasy. #rooktheory,['rooktheory'],0,0,0,"<a href=""http://twitter.com/download/iphone"" rel=""nofollow"">Twitter for iPhone</a>",,False,220,330
6.60484E+17,2015-10-31 15:50:32+00:00,imRizwanMulani,"With the form that he is in, I really doubt whether Rooney would be in his Fantasy Premier League team. 
#CRYMUN #MUFC #FPL","['CRYMUN', 'MUFC', 'FPL']",0,0,0,"<a href=""http://twitter.com/download/android"" rel=""nofollow"">Twitter for Android</a>","Toronto, Ontario",False,274,704
6.60492E+17,2015-10-31 16:21:52+00:00,jimisola,@doliversub13 Thrilled after Liverpool's great won over Chelski. Watching Gunners now. Next season you need to join Fantasy Premier League.,,0,0,0,"<a href=""http://twitter.com/download/android"" rel=""nofollow"">Twitter for Android</a>","Malmö, Sweden",False,315,235
6.60726E+17,2015-11-01 07:54:04+00:00,brnlncgllr,Premier League and NBA Fantasy teams holding well enough so far.,,0,0,0,"<a href=""http://twitter.com/download/android"" rel=""nofollow"">Twitter for Android</a>","Ville de Manille, Région Capit",False,677,1475
6.60858E+17,2015-11-01 16:35:25+00:00,vorlon1812,Fuck Fantasy Premier League! Got rid of Koné last week. Today he gets a hat trick and an assist,,0,0,0,"<a href=""http://www.twitter.com"" rel=""nofollow"">Twitter for Windows Phone</a>",,False,134,550
6.60911E+17,2015-11-01 20:05:50+00:00,GTunmore,"@NorfolkHaymaker I can't predict footy scores, not so sharp on fantasy premier league. Not quite as magical as yourself boyo.",,0,0,1,"<a href=""http://twitter.com/download/android"" rel=""nofollow"">Twitter for Android</a>",,False,502,539
6.60911E+17,2015-11-01 20:06:03+00:00,JustFPL,"Premier League Results: Sunday's EPL Week 11 Scores, Top Fantasy Points-Scorers https://t.co/mKEnaPyura",,0,0,0,"<a href=""https://dlvrit.com/"" rel=""nofollow"">dlvr.it</a>",Malaysia,False,835,71
6.60979E+17,2015-11-02 00:36:48+00:00,brnlncgllr,"Losing week for fantasy basketball, winning week for Premier League fantasy.",,0,1,1,"<a href=""http://twitter.com/download/android"" rel=""nofollow"">Twitter for Android</a>","Ville de Manille, Région Capit",False,677,1475
6.61685E+17,2015-11-03 23:22:19+00:00,Wanjala,I scored 55 points in Gameweek 11 on Fantasy Premier League https://t.co/NL1gdYntub,,0,0,0,"<a href=""http://twitter.com"" rel=""nofollow"">Twitter Web Client</a>","Nairobi, Kenya",False,1711,807
6.62511E+17,2015-11-06 06:05:28+00:00,BettingOdds_onl,Daily Fantasy Soccer Tips - English Premier League from https://t.co/Ke34RJZoMk - https://t.co/QP6xi0flHp,,0,0,0,"<a href=""http://www.mailchimp.com"" rel=""nofollow"">Mailchimp</a>","New Jersey, USA",False,38,42
6.62727E+17,2015-11-06 20:24:36+00:00,sportsfilter,"Fantasy Premier League, Gameweek 12: The Premier League weekend opens early Saturday with Bournemouth at Newca... https://t.co/wx7RmGXUwi",,0,0,0,"<a href=""http://twitterfeed.com"" rel=""nofollow"">twitterfeed</a>",,False,84,37
6.62752E+17,2015-11-06 22:01:23+00:00,eder_sirius,"Fantasy Premier League 
Os Surprises Team https://t.co/n63mo3kP74",,0,0,0,"<a href=""http://twitter.com/download/android"" rel=""nofollow"">Twitter for Android</a>",,False,54,256
6.63E+17,2015-11-07 14:28:23+00:00,mousawinufc,"@Yahellarock ana mbereh jebto :p 
bel fantasy premier league w fantasy ultimate team :p",,0,0,1,"<a href=""http://twitter.com"" rel=""nofollow"">Twitter Web Client</a>","London, England",False,1158,332
6.63032E+17,2015-11-07 16:34:14+00:00,oldmanlungu,"Judging from my Fantasy Premier League coaching, my squad would be very afraid of me...",,0,0,0,"<a href=""http://www.twitter.com"" rel=""nofollow"">Twitter for BlackBerry</a>","Lusaka, Zambia",False,224,322
6.63034E+17,2015-11-07 16:43:17+00:00,KevinMuragz,"Dear @premierleague footballers, there is something called fantasy premier league that depends on your performance. So PERFORM!! Nkt.",,0,0,0,"<a href=""http://twitter.com/download/android"" rel=""nofollow"">Twitter for Android</a>",,False,230,450
6.63588E+17,2015-11-09 05:24:47+00:00,didci_n_9_stars,I scored 69 points in Gameweek 12 on Fantasy Premier League https://t.co/6dj6X5CyPS,,0,0,0,"<a href=""http://twitter.com"" rel=""nofollow"">Twitter Web Client</a>",Nepal,False,307,98
6.63599E+17,2015-11-09 06:08:03+00:00,shaqibshahril,Fantasy premier league aku terumbang ambing,,0,0,0,"<a href=""http://twitter.com/download/android"" rel=""nofollow"">Twitter for Android</a>",,False,4582,1770
6.63715E+17,2015-11-09 13:49:16+00:00,priestley35,"I scored 59 points in Gameweek 12 on Fantasy Premier League https://t.co/AO36YSHjCc
Not bad at all and still top of all the family leagues!",,0,1,0,"<a href=""http://mobile.twitter.com"" rel=""nofollow"">Mobile Web</a>",Staines upon Thames,False,9152,7474
6.6416E+17,2015-11-10 19:17:07+00:00,GJMCyber,Official Premier League Fantasy Website Pushes Malvertising https://t.co/1vL0kBHGQV,,0,0,0,"<a href=""http://www.linkedin.com/"" rel=""nofollow"">LinkedIn</a>",London,False,1401,3556
6.64192E+17,2015-11-10 21:26:12+00:00,submoodle,Official Premier League Fantasy Website Pushes Malvertising https://t.co/arxbs1t2W6,,0,0,0,"<a href=""http://twitter.com"" rel=""nofollow"">Twitter Web Client</a>",,False,7172,7786
6.64405E+17,2015-11-11 11:30:50+00:00,PremierLeaque,[Telegraph] Premier League fantasy football website infected with malicious adverts https://t.co/YaweMmVQ1y,,0,0,0,"<a href=""https://ifttt.com"" rel=""nofollow"">IFTTT</a>",,False,1699,0
6.64417E+17,2015-11-11 12:17:52+00:00,NSSitsupport,Tech News - Premier League fantasy football website infected with malicious adverts https://t.co/dzSGD7WQVL,,0,0,0,"<a href=""http://www.hootsuite.com"" rel=""nofollow"">Hootsuite</a>",Milton Keynes,False,27,5
6.64552E+17,2015-11-11 21:17:04+00:00,Security_411,Malvertising on Barclays Premier League fantasy site exploits Flash vulnerabilities https://t.co/eaLHLAVEu3,,0,0,0,"<a href=""http://twitterfeed.com"" rel=""nofollow"">twitterfeed</a>",,False,32087,507
6.65145E+17,2015-11-13 12:30:28+00:00,roiontech,More malvertising: Barclays Premier League fantasy site exploits Flash vulnerabilities - https://t.co/E3vYCIoc8n,,0,0,0,"<a href=""http://www.hootsuite.com"" rel=""nofollow"">Hootsuite</a>","London, England",False,1227,2956
6.67387E+17,2015-11-19 17:00:51+00:00,SportJaw,#LFC #News #YNWA Premier League fantasy football tips for November 21-23 https://t.co/Vc1FlVxzj8,"['LFC', 'News', 'YNWA']",1,0,0,"<a href=""http://www.hootsuite.com"" rel=""nofollow"">Hootsuite</a>",England,False,1022,1630
6.67437E+17,2015-11-19 20:18:55+00:00,Fantasy_PredicT,Vardy almost unavailable this week. Perhaps? Anything can happen in barclays premier league,,0,0,0,"<a href=""http://twitter.com/download/android"" rel=""nofollow"">Twitter for Android</a>",,False,10,30
6.68009E+17,2015-11-21 10:11:42+00:00,the_sig55,Will Jamie Vardy start? Should be on the thoughts of all Fantasy Premier League managers right now.,,0,0,0,"<a href=""http://twitter.com/download/android"" rel=""nofollow"">Twitter for Android</a>","Etihad Stadium, Manchester",False,374,344
6.68266E+17,2015-11-22 03:12:42+00:00,lil_munky69,I'm currently 16th in the US and 243rd in the world in fantasy premier league fwm https://t.co/ziK90lb3rq,,0,0,0,"<a href=""http://twitter.com/download/android"" rel=""nofollow"">Twitter for Android</a>",North Carolina,False,578,308
6.68275E+17,2015-11-22 03:49:07+00:00,DormanLalatIjo,"Saya mencetak 48 poin dalam Gameweek 13 pada Fantasy Premier League https://t.co/ivm65VwgMc ..poin sementara pfft (``,)",,0,0,0,"<a href=""http://twitter.com"" rel=""nofollow"">Twitter Web Client</a>",Kp. Bahari / Tg. Priok / JAKUT,False,999,89
6.68344E+17,2015-11-22 08:21:31+00:00,mattygrieve5,I mean who only puts lukaku in their sky fantasy team and forget to change their premier league one??... 🙄 #badweek,['badweek'],0,0,0,"<a href=""http://twitter.com/download/iphone"" rel=""nofollow"">Twitter for iPhone</a>","Morpeth, Newcastle",False,963,520
6.68381E+17,2015-11-22 10:51:47+00:00,ashishsinghi89,Mine highest Fantasy Premier League score 87 points in Gameweek 13 on  https://t.co/RQC4DhAwWr #fantasyfootball,['fantasyfootball'],0,1,0,"<a href=""http://twitter.com"" rel=""nofollow"">Twitter Web Client</a>","Bengaluru, Karnataka",False,83,111
6.68477E+17,2015-11-22 17:10:10+00:00,sh0p4l3ss,Fantasy Premier League 2015/16 - Official App - $1.93 - https://t.co/1C2ukqSNdN - #PremierLeague #Wow https://t.co/k7OmCr2M2p,"['PremierLeague', 'Wow']",0,0,0,"<a href=""http://www.wiseguyapps.com"" rel=""nofollow"">Pat Macy</a>",,False,19,6
6.68482E+17,2015-11-22 17:31:42+00:00,muhammadabaqi,"I scored 76 points in Gameweek 13 on Fantasy Premier League https://t.co/ENI92Vdx26
@premierleague",,0,0,0,"<a href=""http://twitter.com"" rel=""nofollow"">Twitter Web Client</a>","Jeddah, Makkah Al Mukarrama",False,2,19
6.6853E+17,2015-11-22 20:40:34+00:00,mdanish303,"I scored 61 points in Gameweek 13 on Fantasy Premier League https://t.co/wSVj9dDlR5
@Sheiikhster ?",,0,0,2,"<a href=""http://twitter.com/download/android"" rel=""nofollow"">Twitter for Android</a>","Lahore, Pakistan ",False,185,1096
6.68776E+17,2015-11-23 13:01:06+00:00,MalekVsMalek,"I scored 65 points in Gameweek 13 on Fantasy Premier League https://t.co/W7RCAfUcfE
#FPL",['FPL'],0,2,0,"<a href=""http://twitter.com"" rel=""nofollow"">Twitter Web Client</a>",,False,139,99
6.68889E+17,2015-11-23 20:27:38+00:00,sansLeedschamps,I scored 74 points in Gameweek 13 on Fantasy Premier League https://t.co/L2vrkvoPW9,,0,1,0,"<a href=""http://twitter.com"" rel=""nofollow"">Twitter Web Client</a>",,False,364,1170
6.69909E+17,2015-11-26 16:02:43+00:00,azds_abeb,I scored 71 points in Gameweek 13 on Fantasy Premier League https://t.co/RI4KhjpT1A #Thebestweeklaaa,['Thebestweeklaaa'],0,0,0,"<a href=""http://twitter.com"" rel=""nofollow"">Twitter Web Client</a>","Jupiter, St.11/One1/zero9",False,598,1987
6.69959E+17,2015-11-26 19:21:11+00:00,TalkSportTV,Gameweek 14 Fantasy Premier League Football 2015/16 - Aguero or Kane &amp; Lukaku https://t.co/02o1mODCbw,,0,0,0,"<a href=""https://ifttt.com"" rel=""nofollow"">IFTTT</a>",UK,False,1271,1661
6.70233E+17,2015-11-27 13:30:38+00:00,talkSPORT,Sergio Aguero to score you more Fantasy Premier League points? https://t.co/o9j15tFVwa – #FPL transfer tips https://t.co/wD65qKhnSH,['FPL'],2,8,0,"<a href=""http://twitter.com"" rel=""nofollow"">Twitter Web Client</a>",United Kingdom,True,2189724,1971
6.70549E+17,2015-11-28 10:23:35+00:00,Ray_Addoz,Your Fantasy Premier league will pap if you've got Jamie Vardy and Harry Kane in there.,,0,0,0,"<a href=""http://erased4164228.com"" rel=""nofollow"">erased4164228</a>",Earth,False,1046,730
6.70813E+17,2015-11-29 03:54:02+00:00,iam_davinche,"Start &amp; Sit: Fantasy Football tips – Premier League Gameweek 14; Liverpool stars will shine, but Chelsea start... https://t.co/DwPAY8ttZz",,0,0,0,"<a href=""http://twitterfeed.com"" rel=""nofollow"">twitterfeed</a>",Las - Gidi,False,98,355
6.7099E+17,2015-11-29 15:39:17+00:00,rdjcindonesia,"Krn tingginya permintaan, kami baru buat FPL (Fantasy Premier League) utk teman2 di RDJC, kode join nya : 10300-765074  #FPLrdjc enjoy :)",['FPLrdjc'],0,0,0,"<a href=""http://www.twitter.com"" rel=""nofollow"">Twitter for BlackBerry</a>",Indonesia,False,1256,53
6.71002E+17,2015-11-29 16:25:38+00:00,davethebrave007,I scored 103 points in Gameweek 8 on Fantasy Premier League https://t.co/avsQwG67MD,,0,0,0,"<a href=""http://twitter.com/download/android"" rel=""nofollow"">Twitter for Android</a>",,False,3,38
6.71023E+17,2015-11-29 17:48:17+00:00,FPL_AT29,@_fantasypremier Moreno in Cedric out..,,0,0,0,"<a href=""http://www.twitter.com"" rel=""nofollow"">Twitter for Windows Phone</a>","Pune, India",False,172,1411
6.71028E+17,2015-11-29 18:08:38+00:00,iccyberger,I scored 78 points in Gameweek 14 on Fantasy Premier League https://t.co/PrFacU6ZeK,,0,0,0,"<a href=""http://twitter.com/download/android"" rel=""nofollow"">Twitter for Android</a>",Heaven,False,522,589
6.7107E+17,2015-11-29 20:53:56+00:00,FPL_Enthusiast,@_fantasypremier Shhhhh,,0,0,0,"<a href=""http://twitter.com/download/iphone"" rel=""nofollow"">Twitter for iPhone</a>",Australia,False,1943,227
6.71168E+17,2015-11-30 03:23:32+00:00,TengkuJackx,I scored 74 points in Gameweek 14 on Fantasy Premier League https://t.co/kbm5pVIGud,,0,0,0,"<a href=""http://mobile.twitter.com"" rel=""nofollow"">Mobile Web</a>",Always Somewhere,False,98,95
6.71307E+17,2015-11-30 12:35:19+00:00,FPL_TheSource,@RobbieSavage8 do you or have you ever played Fantasy Premier League?,,0,0,0,"<a href=""http://twitter.com/download/android"" rel=""nofollow"">Twitter for Android</a>",,False,1147,1691
6.71348E+17,2015-11-30 15:20:58+00:00,premierleague,Spare a thought for this Fantasy Premier League manager - 49 points on the bench in Gameweek 14! #FPL https://t.co/aZ9g5aXNAS,['FPL'],464,545,76,"<a href=""http://twitter.com"" rel=""nofollow"">Twitter Web Client</a>",,False,40007822,83
6.71391E+17,2015-11-30 18:10:16+00:00,3alaa3ali,"I scored 64 points in Gameweek 14 on Fantasy Premier League https://t.co/oonS715lT9
#PremierLeague #fantasypremierleague #barclays","['PremierLeague', 'fantasypremierleague', 'barclays']",0,0,1,"<a href=""http://twitter.com/download/android"" rel=""nofollow"">Twitter for Android</a>",,False,583,658
6.72788E+17,2015-12-04 14:41:32+00:00,AditiaPebrian,Saya mencetak 64 poin dalam Gameweek 14 pada Fantasy Premier League https://t.co/iNv6wo0Q69,,0,0,0,"<a href=""http://twitter.com"" rel=""nofollow"">Twitter Web Client</a>","Pekanbaru, London UK.",False,122,121
6.72922E+17,2015-12-04 23:33:02+00:00,frogbitcoin,"A Dream Team da Fantasy League da Premier League. 

Vardy é o primeiro a passar a barreira dos 100 pontos!

Tens... https://t.co/F8aoICfLM4",,0,0,0,"<a href=""http://www.facebook.com/twitter"" rel=""nofollow"">Facebook</a>",Earth,False,59334,717
6.72986E+17,2015-12-05 03:50:02+00:00,faizedzahar,"PREVIU FANTASY PREMIER LEAGUE: MINGGU 15: Minggu ini Arsenal, Chelsea dan Liverpool bakal bertemu dengan pihak... https://t.co/Y2pH6idtAq",,0,0,0,"<a href=""http://twitterfeed.com"" rel=""nofollow"">twitterfeed</a>",Malaysia,False,4853,780
6.73147E+17,2015-12-05 14:29:16+00:00,Car_list,@Car_list busuk kohong point Fantasy Premier League malam ni tgk line up. Huhu,,0,0,0,"<a href=""http://twitter.com/download/iphone"" rel=""nofollow"">Twitter for iPhone</a>","Kuala Nerus, Terengganu",False,2127,1213
6.73262E+17,2015-12-05 22:06:51+00:00,lekkyfun,I scored 69 points in Gameweek 15 on Fantasy Premier League https://t.co/902GzytH2S,,0,0,0,"<a href=""http://mobile.twitter.com"" rel=""nofollow"">Mobile Web</a>",Busy attending to patients,False,1436,1033
6.73465E+17,2015-12-06 11:31:59+00:00,Moustafa_0mar,I scored 49 points in Gameweek 15 on Fantasy Premier League https://t.co/YEOio4F9pG,,0,0,0,"<a href=""http://twitter.com"" rel=""nofollow"">Twitter Web Client</a>",zagazig,False,918,1668
6.73583E+17,2015-12-06 19:19:59+00:00,BeerandBoobs,The Scoreboard – Gameweek 15 – Sunday: The Scoreboard presents the Fantasy Premier League inform... https://t.co/sQDmpvaC7v #beerandboobs,['beerandboobs'],0,0,0,"<a href=""http://twitterfeed.com"" rel=""nofollow"">twitterfeed</a>","ÜT: 53.52767,-2.5735",False,86,40
6.73997E+17,2015-12-07 22:44:36+00:00,Lukedbest,I scored 65 points in Gameweek 15 on Fantasy Premier League https://t.co/auVAhPVsRg,,0,0,0,"<a href=""http://twitter.com"" rel=""nofollow"">Twitter Web Client</a>",Malta,False,613,3542
6.75281E+17,2015-12-11 11:50:12+00:00,faw_babs,I picked Jamie Vardy for Round 16 in @SuperBru English Premier League Fantasy Lite! What's your pick? #superbru,['superbru'],0,0,0,"<a href=""http://mobile.twitter.com"" rel=""nofollow"">Mobile Web</a>","Lagos, Nigeria",False,3482,3960
6.7541E+17,2015-12-11 20:22:01+00:00,Squawka,One for the fantasy football crowd. Stoke have kept a clean sheet in 6 of their last 8 Premier League games. Wall. https://t.co/YRkgjwMa7R,,25,40,5,"<a href=""https://about.twitter.com/products/tweetdeck"" rel=""nofollow"">TweetDeck</a>",Enter the Matrix 👉,False,1233764,911
6.75783E+17,2015-12-12 21:05:11+00:00,thousand_miless,Bournemouth won from United? Not good for my fantasy premier league team but well done Bournemouth!,,0,0,0,"<a href=""http://twitter.com/download/iphone"" rel=""nofollow"">Twitter for iPhone</a>",,False,222,184
6.76509E+17,2015-12-14 21:09:21+00:00,WafcSean,Major shoutout to Mahrez and Vardy for saving my fantasy premier league score on endless occasions this year ❤️,,0,0,0,"<a href=""http://twitter.com/download/iphone"" rel=""nofollow"">Twitter for iPhone</a>",Liverpool/Wigan,False,4084,3098
6.76514E+17,2015-12-14 21:29:18+00:00,AmoatenD,Fantasy Premier League is pure fantasy with @Mahrez22  n @vardy7,,0,0,1,"<a href=""http://twitter.com/download/android"" rel=""nofollow"">Twitter for Android</a>",,False,1155,830
6.76718E+17,2015-12-15 10:57:00+00:00,Sid_Ambetkar,I scored 63 points in Gameweek 16 on Fantasy Premier League https://t.co/MEhG2adl1N,,0,0,0,"<a href=""http://twitter.com"" rel=""nofollow"">Twitter Web Client</a>",,False,11,87
6.78142E+17,2015-12-19 09:16:53+00:00,fauxwight,Premier League fantasy football tips: Who to pick and who to avoid in gameweek 17 https://t.co/lxupVCRVMF,,0,0,0,"<a href=""https://ifttt.com"" rel=""nofollow"">IFTTT</a>",,False,482,221
6.78671E+17,2015-12-20 20:17:59+00:00,MAHMOUDMOOTAZ,I want Man United players to bury me when I die so they can let me down one last time as they do weekly in the fantasy premier league.,,0,0,0,"<a href=""http://twitter.com/download/android"" rel=""nofollow"">Twitter for Android</a>","Dunder Mifflin, Scranton, PA",False,356,356
6.79056E+17,2015-12-21 21:48:15+00:00,mOH___KHALED,I scored 83 points in Gameweek 17 on Fantasy Premier League https://t.co/vd3qNhgwg0,,0,0,0,"<a href=""http://twitter.com"" rel=""nofollow"">Twitter Web Client</a>",Egypt,False,1802,1017
6.7906E+17,2015-12-21 22:06:29+00:00,jorgenbergmann,I scored 105 points in Gameweek 17 on Fantasy Premier League https://t.co/cM96WZsaOa,,0,1,0,"<a href=""http://twitter.com"" rel=""nofollow"">Twitter Web Client</a>",,False,101,596
6.79102E+17,2015-12-22 00:51:34+00:00,mohamedsaleh969,I scored 88 points in Gameweek 17 on Fantasy Premier League https://t.co/P07e60yZj7,,0,0,0,"<a href=""http://mobile.twitter.com"" rel=""nofollow"">Mobile Web</a>",,False,643,174
6.79218E+17,2015-12-22 08:33:11+00:00,roshan_rp,I scored 100 points in Gameweek 17 on Fantasy Premier League https://t.co/2MonD6T0E0,,0,1,0,"<a href=""http://twitter.com"" rel=""nofollow"">Twitter Web Client</a>",Kathmandu,False,10,31
6.79283E+17,2015-12-22 12:49:26+00:00,Zweeler,"#football #PremierLeague #Fantasy 
Fantasy Premier League. At least 50 Euro in prizes
https://t.co/dZ13chMkAL https://t.co/zD7nhIfWNv","['football', 'PremierLeague', 'Fantasy']",2,0,0,"<a href=""http://twitter.com"" rel=""nofollow"">Twitter Web Client</a>",,False,628,2386
6.79528E+17,2015-12-23 05:04:20+00:00,kazinihal13,I scored 70 points in Gameweek 17 on Fantasy Premier League #FPL https://t.co/sRxqektSwb,['FPL'],0,0,0,"<a href=""http://mobile.twitter.com"" rel=""nofollow"">Mobile Web</a>",Parallel Universe,False,1857,129
6.79608E+17,2015-12-23 10:22:12+00:00,PadFul,"Fantasy Premier League: Team Update GW17, Red Arrows?: https://t.co/5LudHKaI01 via @YouTube",,0,0,0,"<a href=""https://www.google.com/"" rel=""nofollow"">Google</a>",Northern Irish,False,2117,355
6.79668E+17,2015-12-23 14:19:08+00:00,TheHardTackle,Fantasy Premier League Review: 4 Things We Learnt From Gameweek 17 https://t.co/jQMp6QBoQk  @thehardtackle https://t.co/HSUP28c2zg,,0,0,0,"<a href=""https://dlvrit.com/"" rel=""nofollow"">dlvr.it</a>",India,False,3011,1097
6.79836E+17,2015-12-24 01:28:42+00:00,Emmhannhuel,"Primed &amp; ready for the Fantasy Premier League Cup? Let The Scout get you up to speed: https://t.co/LsWVHz0tzu https://t.co/pMIEaoY2Re""",,0,0,0,"<a href=""http://blackberry.com/twitter"" rel=""nofollow"">Twitter for BlackBerry®</a>",Nigeria,False,514,1088
6.79975E+17,2015-12-24 10:40:09+00:00,Rageedyo,"Fantasy Premier League guide for Christmas and New Year: The transfers you should make in gameweeks 18, 19 and 20 https://t.co/twdFsf4rGq",,0,0,0,"<a href=""http://publicize.wp.com/"" rel=""nofollow"">Jetpack.com</a>",,False,55,8
6.79995E+17,2015-12-24 12:00:55+00:00,Toluakinboye,"Fantasy Premier League guide for Christmas and New Year: The transfers you should make in gameweeks 18, 19 and 20 https://t.co/vHz8UX39QQ",,0,0,0,"<a href=""http://twitter.com/download/android"" rel=""nofollow"">Twitter for Android</a>","Lagos, London ",False,280,376
6.80009E+17,2015-12-24 12:55:47+00:00,ArsenalNewsUK,Fantasy Premier League captain choices ahead of Gameweek 18 https://t.co/dIB0n2lHSh,,0,1,0,"<a href=""http://erased308360.com"" rel=""nofollow"">erased308360</a>",London,False,83995,8100
6.80023E+17,2015-12-24 13:52:34+00:00,24Sport365,Barclays Premier League Fantasy Football: Tips to beat your mates this week https://t.co/A6K9cqylBK #Football,['Football'],0,0,0,"<a href=""https://dlvrit.com/"" rel=""nofollow"">dlvr.it</a>",,False,11,53
6.80569E+17,2015-12-26 02:00:39+00:00,Future_OMONSTRO,Think I am going to sit Vardy this gameweek in Fantasy Premier League. Let's see...,,0,0,0,"<a href=""http://twitter.com/download/iphone"" rel=""nofollow"">Twitter for iPhone</a>",,False,75,723
6.80772E+17,2015-12-26 15:28:42+00:00,fpl_sauce,@_fantasypremier @FFPundits me too buddy. Me too,,0,0,0,"<a href=""http://twitter.com/download/android"" rel=""nofollow"">Twitter for Android</a>",,False,892,240
6.8079E+17,2015-12-26 16:38:18+00:00,FPL_Guru_,@_fantasypremier no he didn't,,0,0,0,"<a href=""http://twitter.com/download/iphone"" rel=""nofollow"">Twitter for iPhone</a>",,False,5702,528
6.80804E+17,2015-12-26 17:35:24+00:00,owenKlyons,Deulofeu dropped and I just put him in my fantasy premier league team 😢 #NEWvsEVE,['NEWvsEVE'],0,0,0,"<a href=""http://twitter.com/download/iphone"" rel=""nofollow"">Twitter for iPhone</a>",Premier League,False,86,185
6.80971E+17,2015-12-27 04:37:01+00:00,asadalijee78,Martina more angles Arsenal | Premier League Fantasy: https://t.co/JPzx4oXJ9B via @YouTube,,0,0,0,"<a href=""https://www.google.com/"" rel=""nofollow"">Google</a>","Washington, DC",False,108,823
6.81023E+17,2015-12-27 08:06:49+00:00,thfyl,I scored 77 points in Gameweek 18 on Fantasy Premier League https://t.co/PEkgmPQff2,,0,0,0,"<a href=""http://twitter.com/download/android"" rel=""nofollow"">Twitter for Android</a>",Kolaka~Barru~Makassar,False,187,162
6.81025E+17,2015-12-27 08:13:04+00:00,FPL365,The Scoreboard – Gameweek 18: The Scoreboard presents the Fantasy Premier League information you need from the… https://t.co/ckruFl8sAN #FPL,['FPL'],0,0,0,"<a href=""https://dlvrit.com/"" rel=""nofollow"">dlvr.it</a>","Not official, but better",False,610,0
6.81556E+17,2015-12-28 19:22:42+00:00,AlanMwendwa,Iwobi was brought on to give someone on Fantasy Premier League that precious point...,,0,1,0,"<a href=""http://twitter.com/download/iphone"" rel=""nofollow"">Twitter for iPhone</a>","Geneva, Switzerland",False,3987,2594
6.8158E+17,2015-12-28 21:00:25+00:00,MhmdMoheb74,"76 نقطه حتى الان 
#fantasy_premier_league",['fantasy_premier_league'],0,0,0,"<a href=""http://twitter.com/download/android"" rel=""nofollow"">Twitter for Android</a>",اى جيهه تخاف تجيها  ,False,895,265
6.81885E+17,2015-12-29 17:10:11+00:00,SemperFiMessi,@FPLPriceChanges @_fantasypremier FPL Managers would be tempted but post international break sounds like a plan isn't it !,,0,0,0,"<a href=""http://twitter.com/#!/download/ipad"" rel=""nofollow"">Twitter for iPad</a>","London, England",False,17047,1741
6.8215E+17,2015-12-30 10:41:58+00:00,FootballBurp,"Fantasy Premier League tips Gameweek 20: Captains 

https://t.co/9jyZRuF45l

#FPL #GW20","['FPL', 'GW20']",0,0,0,"<a href=""http://footballburp.com/"" rel=""nofollow"">FootballBurp.com</a>",England,False,3249,1145
6.82156E+17,2015-12-30 11:08:16+00:00,calum326,"I scored 92 points in Gameweek 19 on Fantasy Premier League https://t.co/4OE4NviHjR 

Ending Fantasy this year how I should've started it.",,0,0,0,"<a href=""http://twitter.com/download/iphone"" rel=""nofollow"">Twitter for iPhone</a>","London, England",False,488,3123
6.82252E+17,2015-12-30 17:29:44+00:00,PrimeroSpain,Si te encanta la #PremierLeague y/o la #FPL #FantasyPremier? En #Español: https://t.co/Bur7nELueO @PremierSpanish https://t.co/lSn5ZLuZZn,"['PremierLeague', 'FPL', 'FantasyPremier', 'Español']",0,1,0,"<a href=""http://twitter.com"" rel=""nofollow"">Twitter Web Client</a>","Valencia, España.",False,1284,1285
7.66563E+17,2016-08-19 09:10:34+00:00,DonegalSportHub,Fantasy Premier League Gameweek 2: Would you Hazard a punt on Eden? https://t.co/jG3tmItert https://t.co/A79CzfEFmC,,0,0,0,"<a href=""http://publicize.wp.com/"" rel=""nofollow"">Jetpack.com</a>",Letterkenny,False,7326,506
7.66644E+17,2016-08-19 14:31:18+00:00,lalamcpaul,Fantasy: Pick your side for Premier League gameweek 2!: Which players should be in your fantasy team? Our fan... https://t.co/XAPhN0tX0l,,0,0,0,"<a href=""http://twitterfeed.com"" rel=""nofollow"">twitterfeed</a>","Bradford, England",False,1094,5020
7.6666E+17,2016-08-19 15:36:15+00:00,Phinnex,When your man is playing Premier Fantasy League. Just know you losing,,0,0,0,"<a href=""http://twitter.com/download/android"" rel=""nofollow"">Twitter for Android</a>",Johannesburg,False,335,275
7.66693E+17,2016-08-19 17:48:09+00:00,messiah_ian,@FFPundits no it never crashes again ! this is the premier league fantasy,,0,0,0,"<a href=""http://twitter.com"" rel=""nofollow"">Twitter Web Client</a>",,False,86,917
7.66926E+17,2016-08-20 09:14:23+00:00,6ixbren,I liked a @YouTube video from @tomlfcheaven https://t.co/smlCH53QN6 PREMIER LEAGUE 2016-17 WEEK 1 REVIEW! + FANTASY PL SQUAD &amp;,,0,0,0,"<a href=""https://www.google.com/"" rel=""nofollow"">Google</a>",,False,2005,629
7.66947E+17,2016-08-20 10:38:25+00:00,bollywood_b,Join Bachchan Jr on Fantasy Premier League: Abhishek Bachchan has always been an ardent football fan and is o... https://t.co/OdoBLy5Axg,,0,0,0,"<a href=""http://twitterfeed.com"" rel=""nofollow"">twitterfeed</a>",Mumbai,False,9070,0
7.66965E+17,2016-08-20 11:47:24+00:00,Obxnna,"Good day everyone, except those that didn't captain Zlatan in their Fantasy Premier League🚶🏾",,0,0,0,"<a href=""http://twitter.com/download/iphone"" rel=""nofollow"">Twitter for iPhone</a>",,False,3539,930
7.66992E+17,2016-08-20 13:35:15+00:00,pati_suman,Join MARK-15 - my Fantasy Premier League private league. https://t.co/N28A8BLBgw,,1,9,0,"<a href=""http://twitter.com"" rel=""nofollow"">Twitter Web Client</a>",,False,11,60
7.67008E+17,2016-08-20 14:38:54+00:00,c_pdiaz,"Andre Gray with an assist and a goal, thank you fantasy premier league gods 🙌🏻",,0,2,0,"<a href=""http://twitter.com/download/iphone"" rel=""nofollow"">Twitter for iPhone</a>",Hampton Hill,False,754,1172
7.67351E+17,2016-08-21 13:22:16+00:00,Matty433,The fantasy premier league app is so broken never saves my subs,,0,1,0,"<a href=""http://twitter.com/download/iphone"" rel=""nofollow"">Twitter for iPhone</a>",,False,138,507
7.67656E+17,2016-08-22 09:31:50+00:00,CISCsamarinda,"Join Fantasy Premier League #CISCSMR , berhadiah di akhir GW 21. CISC SMR Member or non member only , 3503040-784797",['CISCSMR'],2,2,0,"<a href=""http://twitter.com/download/iphone"" rel=""nofollow"">Twitter for iPhone</a>","Samarinda, East Borneo",False,5090,315
7.67736E+17,2016-08-22 14:49:49+00:00,azimizda,Perlu sedikit perubahan dlm fantasy premier league aku ni,,0,0,0,"<a href=""http://twitter.com/download/android"" rel=""nofollow"">Twitter for Android</a>","usj,selangor",False,186,266
7.67775E+17,2016-08-22 17:25:29+00:00,bowalemi,"@101greatgoals mate, having problems joining your fantasy premier league",,0,0,0,"<a href=""http://twitter.com"" rel=""nofollow"">Twitter Web Client</a>",Utopia,False,2145,2449
7.67926E+17,2016-08-23 03:25:40+00:00,WhingingLefty,"Listening to ""Fantasy Premier League Podcast - Game Week 3"" at  https://t.co/djrLrjl9dw",,0,1,0,"<a href=""http://twitter.com"" rel=""nofollow"">Twitter Web Client</a>","Portland, OR",False,58,107
7.68025E+17,2016-08-23 10:00:19+00:00,JudeFelx,"Premier League Fantasy Bible: Time to cull Mourinho's castaways, Tom Heaton hits this heights vs ...: One pla... https://t.co/B7wQqyWWXN",,0,0,0,"<a href=""http://twitterfeed.com"" rel=""nofollow"">twitterfeed</a>",,False,391,303
7.68345E+17,2016-08-24 07:11:28+00:00,Udit_Sharma29,Join EPL_MahaMukabla - my Fantasy Premier League private league. https://t.co/6u2u66hARQ,,0,0,0,"<a href=""http://twitter.com"" rel=""nofollow"">Twitter Web Client</a>","indore, india",False,114,238
7.68438E+17,2016-08-24 13:19:53+00:00,itajsingh,"league code 3533969-785417
please join this league in Fantasy premier league...
#FPL #FantasyPremierLeague #PremierLeague","['FPL', 'FantasyPremierLeague', 'PremierLeague']",1,1,0,"<a href=""http://twitter.com/download/android"" rel=""nofollow"">Twitter for Android</a>","Pune, Maharashtra",False,668,661
7.68871E+17,2016-08-25 18:00:29+00:00,FanSidedSoccer,Need some Fantasy Premier League advice? We got you covered: https://t.co/xi8IbtJg4T,,0,0,0,"<a href=""https://about.twitter.com/products/tweetdeck"" rel=""nofollow"">TweetDeck</a>","Chicago, IL",True,2485,1037
7.68896E+17,2016-08-25 19:41:07+00:00,1x2se,Ny post! Av Emil Berggren på https://t.co/NvlCuudUPr - Fantasy Premier League: Inför Omgång 3,,0,0,0,"<a href=""https://1x2.se"" rel=""nofollow"">@1x2se Tweetbot</a>",,False,6802,689
7.69105E+17,2016-08-26 09:31:03+00:00,StrawberryNG,Fantasy: Pick your side for Premier League gameweek 3!: Which players should be in your fantasy team? Our fan... https://t.co/e1sNtq0dJQ,,0,0,0,"<a href=""http://twitterfeed.com"" rel=""nofollow"">twitterfeed</a>",Nigeria,False,2240,1678
7.69152E+17,2016-08-26 12:38:20+00:00,TalkSportTV,Fantasy Premier League 2016-17: Players to pick for gameweek 3 https://t.co/tHWLR6x7Mf,,0,0,0,"<a href=""https://ifttt.com"" rel=""nofollow"">IFTTT</a>",UK,False,1271,1661
7.69309E+17,2016-08-26 23:00:21+00:00,The_SportsRush,Fantasy premier league tips for game week 3 https://t.co/s0D40ycsTv #EPL #FantasyFootball #,"['EPL', 'FantasyFootball']",1,0,0,"<a href=""http://twitter.com/download/android"" rel=""nofollow"">Twitter for Android</a>",,False,232,372
7.69349E+17,2016-08-27 01:40:23+00:00,JamesLIoyd,@MattyAVFC_ thats 3 points on Fantasy Premier League,,0,1,1,"<a href=""http://twitter.com"" rel=""nofollow"">Twitter Web Client</a>","Willenhall, England",False,926,240
7.69439E+17,2016-08-27 07:40:17+00:00,carlosbuk,Premier League 3rd Week: Who do you want to have in your Fantasy team https://t.co/EpRxniykcT,,0,1,0,"<a href=""http://linkis.com"" rel=""nofollow"">Linkis: turn sharing into growth</a>","Reading, Berkshire, UK",False,1149,1707
7.69498E+17,2016-08-27 11:31:32+00:00,hdstreamlink,Hellow soccer fans.Welcome to world of soccer fantasy.Hear you can watch all live premier league in  https://t.co/vXBdf7SFGA,,0,0,0,"<a href=""http://twitter.com"" rel=""nofollow"">Twitter Web Client</a>",,False,258,1555
7.6955E+17,2016-08-27 14:58:02+00:00,ARabdi_,I hate fantasy premier league. I catch myself cheering on cunts like Costa the cunt 😂😂😂,,0,0,0,"<a href=""http://twitter.com/download/iphone"" rel=""nofollow"">Twitter for iPhone</a>",,False,669,857
7.69554E+17,2016-08-27 15:16:40+00:00,wuufeifei,Who knows Fantasy Premier League can be so exciting!,,0,0,0,"<a href=""http://twitter.com/download/iphone"" rel=""nofollow"">Twitter for iPhone</a>",,False,43,112
7.69871E+17,2016-08-28 12:14:00+00:00,SockCouncil,"My fantasy premier league team is 65th in the Sock Council league, showing what I know! How you getting on?",,0,0,6,"<a href=""https://about.twitter.com/products/tweetdeck"" rel=""nofollow"">TweetDeck</a>",Newcastle upon Tyne,True,13409,1750
7.69902E+17,2016-08-28 14:18:57+00:00,Hashoom7,Join oman league - my Fantasy Premier League private league. https://t.co/std1OcS77z,,1,0,0,"<a href=""http://twitter.com"" rel=""nofollow"">Twitter Web Client</a>",عُمان,False,210,189
7.69911E+17,2016-08-28 14:52:56+00:00,Rebel33Foghorn,Join Foghorn leghorn - my Fantasy Premier League private league. https://t.co/zzOJOJVjXd,,0,0,0,"<a href=""http://twitter.com/download/iphone"" rel=""nofollow"">Twitter for iPhone</a>",st ives cambridgeshire,False,352,268
7.69934E+17,2016-08-28 16:26:47+00:00,kwatson106,Third week and third nightmare on Fantasy Premier League!! Having a mare.,,0,0,0,"<a href=""http://twitter.com/download/android"" rel=""nofollow"">Twitter for Android</a>","Newcastle Upon Tyne, England",False,229,1145
7.70283E+17,2016-08-29 15:30:53+00:00,koko_mwila,Game week 3 Fantasy Premier League https://t.co/cq8U7JDa2e via @YouTube new video guys worth the watch #grindseason #sub #pleaseview #FPL,"['grindseason', 'sub', 'pleaseview', 'FPL']",0,4,0,"<a href=""http://twitter.com/download/android"" rel=""nofollow"">Twitter for Android</a>",,False,58,134
7.70675E+17,2016-08-30 17:28:55+00:00,Gapsy4all,Fantasy: Premier League Team of the Week https://t.co/Uy1GlCMjpL,,0,0,0,"<a href=""https://dlvrit.com/"" rel=""nofollow"">dlvr.it</a>","ÜT: 0.0,0.0",False,925,506
7.70749E+17,2016-08-30 22:25:18+00:00,Reugeft,Update klasemen #REUGEFPL Gameweek 3 - Join #REUGEFPL on Fantasy Premier League with code 502621-34401 https://t.co/Qtszl928zl,"['REUGEFPL', 'REUGEFPL']",1,0,0,"<a href=""http://twitter.com/download/android"" rel=""nofollow"">Twitter for Android</a>",Bandung,False,275,73
7.71968E+17,2016-09-03 07:08:11+00:00,CFCrss,EXPRESS Fantasy Premier League Tips: How much will each club's best new signings cost you?: EXPRESS SPORT rev... https://t.co/3DAOau3zzV,,0,3,0,"<a href=""http://twitterfeed.com"" rel=""nofollow"">twitterfeed</a>","51.481709,-0.190973",False,77819,65
7.71968E+17,2016-09-03 07:08:50+00:00,Twittyfooty,Fantasy Premier League Tips: How much will each club's best new signings cost you?: EXPRES... https://t.co/T0c2mcrTkC #express #football,"['express', 'football']",0,0,0,"<a href=""http://twitterfeed.com"" rel=""nofollow"">twitterfeed</a>",Dhaka,False,1407,184
7.71972E+17,2016-09-03 07:25:13+00:00,Achal09,Fantasy Premier League Tips: How much will each club's best new signings cost you? https://t.co/ZdHyK6nC9u #mufc,['mufc'],0,0,0,"<a href=""https://dlvrit.com/"" rel=""nofollow"">dlvr.it</a>",India,False,2091,615
7.72758E+17,2016-09-05 11:28:07+00:00,Shabbir381a,Football Fantasy Barclays Premier League 2016 2017 Squad tips: https://t.co/lqnkwQqqKj via @YouTube,,0,0,0,"<a href=""https://www.google.com/"" rel=""nofollow"">Google</a>",,False,13,85
7.73077E+17,2016-09-06 08:35:26+00:00,ozgameryt,I added a video to a @YouTube playlist https://t.co/pFC7FplAmW FANTASY PREMIER LEAGUE #4 - Defense and Midfield needs work!,,0,0,0,"<a href=""https://www.google.com/"" rel=""nofollow"">Google</a>",Australia,False,16,93
7.73437E+17,2016-09-07 08:23:48+00:00,FPL_Connect,@_fantasypremier costaaa,,0,0,0,"<a href=""http://twitter.com/download/android"" rel=""nofollow"">Twitter for Android</a>",Home of FPL Mini-Leagues 👉,False,33079,844
7.73804E+17,2016-09-08 08:43:57+00:00,mfcbuzztap,mfc​.co​.uk &gt;&gt; WATCH: Stewart Downing's Q&amp;A with Fantasy Premier League https://t.co/TJFcIeDNhp,,0,0,0,"<a href=""http://buzztap.com"" rel=""nofollow"">buzztap</a>","Middlesbrough, England",False,8,22
7.73844E+17,2016-09-08 11:23:52+00:00,Betting121com,WATCH: Stewart Downing’s Q&amp;A With Fantasy Premier League https://t.co/cE9t77dFg7,,0,0,0,"<a href=""http://publicize.wp.com/"" rel=""nofollow"">Jetpack.com</a>",,False,106,94
7.73887E+17,2016-09-08 14:14:42+00:00,HighlightStream,Fantasy Premier League Gameweek 3 comes to an end and  Congrats to Ismadi Ismail of Team Chelsea who top the table… https://t.co/PL24BAfRC6,,0,0,0,"<a href=""https://ifttt.com"" rel=""nofollow"">IFTTT</a>",,False,178,21
7.73891E+17,2016-09-08 14:31:00+00:00,Ovatheline,fantasy premier league wildcard – some thoughts on using the wildcard over the international break - https://t.co/CHAFZamiKz,,0,0,0,"<a href=""http://meetedgar.com"" rel=""nofollow"">MeetEdgar</a>",,False,1368,1261
7.73905E+17,2016-09-08 15:25:26+00:00,FanSidedSoccer,@Gallo_Calcio is here with your weekly Fantasy Premier League bargains and busts. West Brom FTW! https://t.co/n6rBPoLwCk,,0,1,0,"<a href=""https://about.twitter.com/products/tweetdeck"" rel=""nofollow"">TweetDeck</a>","Chicago, IL",True,2485,1037
7.73918E+17,2016-09-08 16:17:20+00:00,_JaimeV_,Join EHS BPL F League  - my Fantasy Premier League private league. https://t.co/rwkS06yLYR,,0,1,0,"<a href=""http://mobile.twitter.com"" rel=""nofollow"">Mobile Web</a>","California, USA",False,60,252
7.74147E+17,2016-09-09 07:28:11+00:00,sundayworld,"Five talking points ahead of Gameweek 4 Fantasy Premier League return #FPL
https://t.co/9UUtOeru8F https://t.co/mZZ5p9xU1i",['FPL'],1,0,0,"<a href=""https://about.twitter.com/products/tweetdeck"" rel=""nofollow"">TweetDeck</a>",Ireland,True,38290,608
7.7418E+17,2016-09-09 09:38:28+00:00,EastEndWalthamF,"Orient: Get your free entry into this week’s £20,000 Fantasy Football Contest: Premier League football ... https://t.co/vXDpMqD8cn #LOFC",['LOFC'],0,0,0,"<a href=""http://twitterfeed.com"" rel=""nofollow"">twitterfeed</a>",London,False,225,10
7.74197E+17,2016-09-09 10:45:53+00:00,PremierLeaque,[TalkSport] Fantasy Premier League tips: The transfers you should make in gameweek 4 https://t.co/ESEXyooD1l,,0,0,0,"<a href=""https://ifttt.com"" rel=""nofollow"">IFTTT</a>",,False,1699,0
7.74202E+17,2016-09-09 11:03:58+00:00,SolelyNews,Premier League fantasy football tips: Who to pick and who to avoid in gameweek four https://t.co/SWhyX5xMeL https://t.co/mUGXLgr7IQ,,0,0,0,"<a href=""http://publicize.wp.com/"" rel=""nofollow"">Jetpack.com</a>",,False,23,19
7.74203E+17,2016-09-09 11:07:37+00:00,MidlandFootball,"Get your free entry into this week’s £20,000 Fantasy Football Contest: Premier League football returns this weekend… https://t.co/ibVyx8fjWn",,0,0,0,"<a href=""https://dlvrit.com/"" rel=""nofollow"">dlvr.it</a>","Midlands, UK",False,652,0
7.74494E+17,2016-09-10 06:23:36+00:00,narwinder_singh,Closing ceremony D-League Fantasy Premier League 2015/2016. (at @hotelmuliajkt) — https://t.co/8ONWVrUIxo,,0,0,0,"<a href=""https://path.com/"" rel=""nofollow"">Path</a>","ÜT: 3.3132035,117.5804504",False,225,335
7.74553E+17,2016-09-10 10:19:57+00:00,eurekaxpress,@aavaas_412 Oh! The fantasy premier league. I guess I know this. 🤔,,0,1,0,"<a href=""http://twitter.com/download/iphone"" rel=""nofollow"">Twitter for iPhone</a>","Corvallis, OR",False,4463,613
7.74635E+17,2016-09-10 15:46:32+00:00,boturbotrader,Fantasy Premier League tips: The transfers you should make in gameweek 27… https://t.co/NUeqsUsks0 #FantasyPremierLeague,['FantasyPremierLeague'],3,0,0,"<a href=""https://dlvrit.com/"" rel=""nofollow"">dlvr.it</a>",,False,14691,30
7.74649E+17,2016-09-10 16:42:34+00:00,malshaw_,@WannTooThree Aku install apps kt play store. Ada tulis fantasy premier league. Layan gak wan. Tp dia cuma manage team jelah. Best haahaha,,0,0,0,"<a href=""http://twitter.com/download/android"" rel=""nofollow"">Twitter for Android</a>","Penang, Malaysia",False,557,386
7.74679E+17,2016-09-10 18:41:44+00:00,taylerhe,Fantasy Premier League tips: The transfers you should make in Gameweek 33… https://t.co/oVAFtVPt2s #FantasyPremierLeague,['FantasyPremierLeague'],0,0,0,"<a href=""https://dlvrit.com/"" rel=""nofollow"">dlvr.it</a>",Australia,False,11799,13487
7.74749E+17,2016-09-10 23:17:15+00:00,joyceecoo,The Herald's top 3 tips for week 34 of Premier League Fantasy Football… https://t.co/BB3MpI6hL8,,0,0,0,"<a href=""https://www.google.com/"" rel=""nofollow"">Google</a>",Melbourne,False,15081,18316
7.7499E+17,2016-09-11 15:15:08+00:00,kingzkid10,@olisa141 pls how do i join u guys on femi &amp; d gang fantasy premier league,,0,0,0,"<a href=""https://mobile.twitter.com"" rel=""nofollow"">Mobile Web (M2)</a>",,False,283,404
7.75439E+17,2016-09-12 21:00:08+00:00,Collier17,Lukaku hattrick 😁 tops off a fantastic weekend full of fantasy premier league points 🙌🎉,,0,0,0,"<a href=""http://twitter.com/download/iphone"" rel=""nofollow"">Twitter for iPhone</a>",From Nottingham,False,618,1025
7.75512E+17,2016-09-13 01:51:04+00:00,koko_mwila,Game Week 4 Fantasy Premier League Review:S01 Ep3 https://t.co/yFWKCefM8Q via @YouTube,,2,4,0,"<a href=""http://twitter.com/download/android"" rel=""nofollow"">Twitter for Android</a>",,False,58,134
7.75663E+17,2016-09-13 11:49:01+00:00,TayakenTony,I must say fantasy NFL is way more enjoyable than fantasy premier league,,0,1,3,"<a href=""http://twitter.com/download/iphone"" rel=""nofollow"">Twitter for iPhone</a>",California/Cork,False,185,484
7.75678E+17,2016-09-13 12:51:19+00:00,geniuschromatic,117 Gw4 points: The best &amp; worst Fantasy Premier League wildcards https://t.co/umXxZ2BmwX,,0,0,0,"<a href=""https://dlvrit.com/"" rel=""nofollow"">dlvr.it</a>",afrikka,False,2476,1750
7.75719E+17,2016-09-13 15:33:04+00:00,ThePisstakerr,Fantasy Premier League app trolling me. I don't want to see Man Utd 6 - 1 Arsenal,,0,0,0,"<a href=""http://twitter.com/download/iphone"" rel=""nofollow"">Twitter for iPhone</a>",,False,655,527
7.76047E+17,2016-09-14 13:16:51+00:00,gdasfifa,Brand New Fantasy Premier League is live!!!! https://t.co/eUh1ilOgYt,,0,1,0,"<a href=""http://twitter.com"" rel=""nofollow"">Twitter Web Client</a>",Poland,False,49,392
7.76148E+17,2016-09-14 19:58:27+00:00,Soulp10069,Mam nowy film na playliście w @YouTube: Fantasy Premier League + BONUS!! #3 – https://t.co/PgHKnru00L,,0,0,0,"<a href=""https://www.google.com/"" rel=""nofollow"">Google</a>",,False,3,134
7.76305E+17,2016-09-15 06:22:02+00:00,AIS_GTO,Premier League Fantasy Football: Include Everton and Arsenal players: Spurs midfielder Son Heun-min was the t... https://t.co/iKNbvGB3Ap,,0,0,0,"<a href=""http://twitterfeed.com"" rel=""nofollow"">twitterfeed</a>",G-Town,False,260,155
7.76306E+17,2016-09-15 06:25:43+00:00,Victoradebayo_,Premier League Fantasy Football: Include Everton and Arsenal players https://t.co/qPQGO1S4VW,,0,0,0,"<a href=""https://dlvrit.com/"" rel=""nofollow"">dlvr.it</a>",Nigeria,False,339,391
7.76468E+17,2016-09-15 17:10:13+00:00,secretsoccerfc,Fantasy Premier League: Iheanacho good value https://t.co/TjbEf0uhnK #soccer https://t.co/TjfaxbahfK,['soccer'],0,0,0,"<a href=""https://dlvrit.com/"" rel=""nofollow"">dlvr.it</a>",United States,False,226,1344
7.7647E+17,2016-09-15 17:18:11+00:00,GoalAustralia,Fantasy: Premier League Players to pick https://t.co/ne89AsQinP https://t.co/aWG3lLMl9h,,0,0,0,"<a href=""https://dlvrit.com/"" rel=""nofollow"">dlvr.it</a>",Australia,False,4172,549
7.7647E+17,2016-09-15 17:19:12+00:00,GOALAfrica,Fantasy: Premier League players to pick https://t.co/thasjKxQU6 https://t.co/IXcSNj5AMX,,0,0,0,"<a href=""https://dlvrit.com/"" rel=""nofollow"">dlvr.it</a>",Africa,True,172023,435
7.76474E+17,2016-09-15 17:32:47+00:00,StrawberryNG,Fantasy: Premier League players to pick: Our fantasy football scout picks three players you should consider t... https://t.co/uUVyGf6hQY,,0,0,0,"<a href=""http://twitterfeed.com"" rel=""nofollow"">twitterfeed</a>",Nigeria,False,2240,1678
7.76481E+17,2016-09-15 17:59:58+00:00,fortunefilmzng,fortunefilmz Fantasy: Premier League players to pick: Our fantasy football scout picks three players you shou... https://t.co/YLsdRq9xdw,,0,0,0,"<a href=""http://twitterfeed.com"" rel=""nofollow"">twitterfeed</a>","Lagos, Nigeria",False,1098,1467
7.76661E+17,2016-09-16 05:57:08+00:00,kingwise01,I picked Eden Hazard for Round 5 in @SuperBru English Premier League 5-a-side Fantasy! What's your pick? #superbru,['superbru'],0,0,0,"<a href=""http://mobile.twitter.com"" rel=""nofollow"">Mobile Web</a>",Wuse 2 abuja nigeria,False,3,49
7.76764E+17,2016-09-16 12:46:32+00:00,WorldFootieChat,#epl Premier League Fantasy Football tips 2016/17: The most bought and dropped players ahead of ... https://t.co/wXbLZ8NHuV,['epl'],0,0,0,"<a href=""http://www.hootsuite.com"" rel=""nofollow"">Hootsuite</a>",United Kingdom,False,149,70
7.76796E+17,2016-09-16 14:53:35+00:00,DraftBomb,Daily Fantasy Soccer: DFS Premier League Week 5: Galin Dragiev provides his weekly daily f... https://t.co/z34Q94ZiKi #DraftBombBPL #BPL,"['DraftBombBPL', 'BPL']",0,0,0,"<a href=""http://twitterfeed.com"" rel=""nofollow"">twitterfeed</a>",United States,False,2084,154
7.76806E+17,2016-09-16 15:31:45+00:00,NewcastleUtd247,Premier League Fantasy Football week 5: Why ex Newcastle United man is a must pick https://t.co/yZb3yTrwMD #nufc #toonarmy,"['nufc', 'toonarmy']",0,0,0,"<a href=""https://ifttt.com"" rel=""nofollow"">IFTTT</a>",Newcastle,False,5591,4398
7.76832E+17,2016-09-16 17:16:25+00:00,sumanzdunia,#Sumanz #Sports Premier League: Top five fantasy football options this week https://t.co/hvby7BB4um,"['Sumanz', 'Sports']",0,0,0,"<a href=""http://www.hootsuite.com"" rel=""nofollow"">Hootsuite</a>","Noida, India",False,286,933
7.76845E+17,2016-09-16 18:08:36+00:00,Daling10,"Put Coutinho on the bench for Firmino for my fantasy premier league team

See Liverpool's starting 11... https://t.co/HQL56WIWFs",,0,2,0,"<a href=""http://twitter.com/download/android"" rel=""nofollow"">Twitter for Android</a>",18 Area,False,324,307
7.76989E+17,2016-09-17 03:39:09+00:00,Kwanxy,Damn my premier league fantasy..,,0,0,0,"<a href=""http://twitter.com/download/iphone"" rel=""nofollow"">Twitter for iPhone</a>",,False,237,231
7.77153E+17,2016-09-17 14:29:34+00:00,HayfronEric,When u plan to buy De Bruyne in fantasy premier league but you dont and he scores in his next match,,0,1,0,"<a href=""http://twitter.com/download/android"" rel=""nofollow"">Twitter for Android</a>",,False,102,266
7.77173E+17,2016-09-17 15:50:19+00:00,papita_rota,"@H_ElSakka @AliHesham22 Fantasy premier league #هندسة_حلوان 
2489-3709 H2H league
2489-1220 classic league",['هندسة_حلوان'],0,0,1,"<a href=""http://twitter.com/download/android"" rel=""nofollow"">Twitter for Android</a>",Somewhere ,False,403,170
7.7743E+17,2016-09-18 08:50:22+00:00,_Sakhe_N,The weakest owe on the Fantasy Premier League has to be @91Broo,,0,0,1,"<a href=""http://blackberry.com/twitter"" rel=""nofollow"">Twitter for BlackBerry®</a>",South Africa,False,257,597
7.77474E+17,2016-09-18 11:48:16+00:00,manlikestiiz,Join Kings Premier League  - my Fantasy Premier League private league. https://t.co/JaY4WlX03o,,0,0,0,"<a href=""http://mobile.twitter.com"" rel=""nofollow"">Mobile Web</a>","Lagos, Nigeria",False,1754,1943
7.77476E+17,2016-09-18 11:56:40+00:00,Abdirisan08,Join Gaza Premier League - my Fantasy Premier League private league. https://t.co/Z9QXHwMt2O,,0,0,0,"<a href=""http://twitter.com/download/android"" rel=""nofollow"">Twitter for Android</a>","Nairobi, Garissa,Kenya",False,16153,15675
7.77808E+17,2016-09-19 09:53:52+00:00,FootballBurp,Fantasy Premier League tips Gameweek 6: Midfielders https://t.co/iA7vPsGc7G #fpl,['fpl'],0,0,0,"<a href=""http://footballburp.com/"" rel=""nofollow"">FootballBurp.com</a>",England,False,3249,1145
7.78578E+17,2016-09-21 12:53:23+00:00,Lines_Man,Join LINESMAN - my Fantasy Premier League private league. https://t.co/rW3dDXJROl #fpl,['fpl'],0,0,0,"<a href=""http://twitter.com"" rel=""nofollow"">Twitter Web Client</a>",Nairobi,False,771,516
7.7893E+17,2016-09-22 12:13:18+00:00,countyrecords1,Fantasy Premier League Nightmares – Etienne Capoue https://t.co/4SfMFAkEEh Via @olofofounited https://t.co/I8apSQNE2Z,,0,0,0,"<a href=""https://dlvrit.com/"" rel=""nofollow"">dlvr.it</a>","CALABAR,NIGERIA.",False,116,205
7.79281E+17,2016-09-23 11:28:24+00:00,ONTV_NIGERIA,Fantasy Premier League tips: 10 players you should consider naming your captain in gameweek 6 #football,['football'],0,0,0,"<a href=""https://www.google.com/"" rel=""nofollow"">Google</a>","Lagos, Nigeria",True,24048,74
7.79335E+17,2016-09-23 15:02:04+00:00,drgntr23,Join PANGSUD PREMIER LEAGUE - my Fantasy Premier League private league. https://t.co/mYdlgVxRcS,,0,0,0,"<a href=""http://twitter.com"" rel=""nofollow"">Twitter Web Client</a>",,False,111,320
7.79358E+17,2016-09-23 16:32:12+00:00,First_sports,Fantasy: Premier League Players to pick https://t.co/YCbcEosSOt,,0,0,0,"<a href=""https://dlvrit.com/"" rel=""nofollow"">dlvr.it</a>",Anywhere the ball goes,False,506,623
7.79358E+17,2016-09-23 16:33:15+00:00,CallMeOlalekan,Fantasy: Premier League Players to pick https://t.co/gpeLf9RQUk,,0,0,0,"<a href=""https://dlvrit.com/"" rel=""nofollow"">dlvr.it</a>","Lagos, Nigeria",False,1114,888
7.79607E+17,2016-09-24 09:01:00+00:00,LefaPhalatsi,Just just saved my starting 11 for Fantasy Premier League😥🙏,,0,0,0,"<a href=""http://twitter.com/download/android"" rel=""nofollow"">Twitter for Android</a>",186,False,195,213
7.79616E+17,2016-09-24 09:38:37+00:00,gema_networks,Fantasy: Premier League Players to pick https://t.co/yFTCPTmBx4,,0,0,0,"<a href=""https://dlvrit.com/"" rel=""nofollow"">dlvr.it</a>","Lagos, Nigeria",False,2094,3939
7.79617E+17,2016-09-24 09:41:12+00:00,Mz_Yinkqueen,Fantasy: Premier League Players to pick https://t.co/2Ah9aousGE,,0,0,0,"<a href=""https://dlvrit.com/"" rel=""nofollow"">dlvr.it</a>",Lagos ,False,1161,785
7.79618E+17,2016-09-24 09:45:06+00:00,lanremilan,Fantasy: Premier League Players to pick https://t.co/xKyYb4Im6G,,0,0,0,"<a href=""https://dlvrit.com/"" rel=""nofollow"">dlvr.it</a>","Lagos, Nigeria",False,3083,3191
7.79656E+17,2016-09-24 12:17:42+00:00,sharonfx_trade,@FATGofficial @Emiearth #Fatglive Fantasy premier League should give anyone who has pogba on deir team should be giving 50 point @FemiCoolfm,['Fatglive'],0,0,1,"<a href=""http://twitter.com/download/android"" rel=""nofollow"">Twitter for Android</a>","South Carolina, USA",False,5994,1981
7.79689E+17,2016-09-24 14:29:17+00:00,chiefhairyman,"So if the Fantasy Premier League page tells you a player is injured and unlikely to play, they will def score #droppedAgueroforIheanacho",['droppedAgueroforIheanacho'],0,0,0,"<a href=""http://twitter.com/download/android"" rel=""nofollow"">Twitter for Android</a>",,False,542,1939
7.80432E+17,2016-09-26 15:40:36+00:00,S__Sparks,Join Fifa from a distance  - my Fantasy Premier League private league. https://t.co/aR9Jcltg0A @Vho_Pocket,,0,0,0,"<a href=""http://twitter.com/download/android"" rel=""nofollow"">Twitter for Android</a>",BFN/PLK,False,573,351
7.8052E+17,2016-09-26 21:30:41+00:00,Ovatheline,FANTASY PREMIER LEAGUE GW6 TIPS – ANALYSING 10 TOP MANAGERS – UPDATED - https://t.co/Qzb2dWF4mJ,,0,0,0,"<a href=""http://meetedgar.com"" rel=""nofollow"">MeetEdgar</a>",,False,1368,1261
7.81019E+17,2016-09-28 06:33:33+00:00,MCFC_headlines,MCFC_headlines. Fantasy Premier League tips: 5 midfielders to  - SK Manchester City https://t.co/DUPTk6o0ds,,0,0,0,"<a href=""http://aggbot.com"" rel=""nofollow"">aggbot_poster</a>",UK,False,28324,31395
7.81117E+17,2016-09-28 13:03:34+00:00,GutsNorge,"GAMEWEEK 7! Odds på H2H Fantasy Premier League er ute! Zlatan vs Aguero. Kjør debatt!
https://t.co/SIF5y8PTKi https://t.co/qvIdXUCVQT",,3,0,1,"<a href=""http://twitter.com"" rel=""nofollow"">Twitter Web Client</a>",,False,1674,1066
7.81211E+17,2016-09-28 19:15:51+00:00,_Ouby,@ShatiPaul Join Twittersphere Clash - my Fantasy Premier League private league. https://t.co/25enLtmHVy,,0,1,0,"<a href=""http://www.twitter.com"" rel=""nofollow"">Twitter for Windows</a>",Okahandja,False,2346,790
7.81597E+17,2016-09-29 20:52:03+00:00,TotalFootballEU,EXPRESS SPORT takes a look at which Fantasy Premier League players have been dropped and selected the most ah... https://t.co/1mke5qtmqE,,0,0,0,"<a href=""http://twitterfeed.com"" rel=""nofollow"">twitterfeed</a>",,False,198,88
7.81644E+17,2016-09-29 23:58:37+00:00,dailyfantasysh,https://t.co/CZ88Ggoupt Zlatan Ibrahimovic or Alexis Sanchez? | Fantasy Premier League:  https://t.co/S5LZeamb7Z #FantasyTips,['FantasyTips'],0,0,0,"<a href=""http://twitterfeed.com"" rel=""nofollow"">twitterfeed</a>",,False,326,1070
7.81732E+17,2016-09-30 05:46:16+00:00,Betting121com,Fantasy Premier League Week 7 bargains and busts https://t.co/1IfpvGN0Xk,,0,0,0,"<a href=""http://publicize.wp.com/"" rel=""nofollow"">Jetpack.com</a>",,False,106,94
7.81824E+17,2016-09-30 11:53:02+00:00,AllthingsFPL,"Fantasy Premier League picks - Our Gameweek seven squad

https://t.co/C1Rc61Jwif

#FPL Made Easy",['FPL'],1,3,0,"<a href=""http://twitter.com"" rel=""nofollow"">Twitter Web Client</a>",FPL League Code: 54-496,False,8424,350
7.81826E+17,2016-09-30 12:00:33+00:00,MarkusIversen,FANTASY PREMIER LEAGUE 2016/17 - Runde 7: https://t.co/5wGEcc5oRB via @YouTube,,0,0,0,"<a href=""https://www.google.com/"" rel=""nofollow"">Google</a>",Norway,False,738,281
7.81877E+17,2016-09-30 15:24:38+00:00,Malowbar,@ellkandy Join UOT Fantasy Premier League NOW. https://t.co/7kTadpKNMj…,,0,0,2,"<a href=""http://twitter.com/download/iphone"" rel=""nofollow"">Twitter for iPhone</a>",Busia,False,18360,1002
7.82255E+17,2016-10-01 16:25:56+00:00,kofijack10,Gameweek 7 | FANTASY PREMIER LEAGUE FOOTBALL https://t.co/1dhZJLVP9y,,0,1,0,"<a href=""http://twitter.com/download/iphone"" rel=""nofollow"">Twitter for iPhone</a>","Paignton, United Kingdom",False,1378,290
7.82547E+17,2016-10-02 11:46:34+00:00,MurraysWhoTweet,Here's our fantasy premier league private league as it stands. Room for plenty more @MurraysWhoTweet https://t.co/DGbESzvhyZ,,0,0,0,"<a href=""http://twitter.com"" rel=""nofollow"">Twitter Web Client</a>",Murrays globally,False,4595,5040
7.82972E+17,2016-10-03 15:54:23+00:00,attaullah_habib,my points in fantasy premier league gw6 https://t.co/allTP1vzLg,,0,11,0,"<a href=""http://twitter.com/download/android"" rel=""nofollow"">Twitter for Android</a>","Karachi, Pakistan",False,33,389
7.82994E+17,2016-10-03 17:20:19+00:00,shizoftheday,Fantasy Premier League Player Analysis https://t.co/09DCvbSXXw,,0,0,0,"<a href=""https://ifttt.com"" rel=""nofollow"">IFTTT</a>",,False,4,0
7.83088E+17,2016-10-03 23:36:54+00:00,Betting121com,Fantasy Premier League Player Analysis https://t.co/ibFk2y8mUT,,0,0,0,"<a href=""http://publicize.wp.com/"" rel=""nofollow"">Jetpack.com</a>",,False,106,94
7.83419E+17,2016-10-04 21:31:49+00:00,Ovatheline,FANTASY PREMIER LEAGUE GW6 TIPS – ANALYSING 10 TOP MANAGERS - https://t.co/Emcpy5DVra,,0,0,0,"<a href=""http://meetedgar.com"" rel=""nofollow"">MeetEdgar</a>",,False,1368,1261
7.84448E+17,2016-10-07 17:38:45+00:00,Thato_Phil,The year where I don't play Fantasy Premier League they have a whole program about it and shit #FPL😒😒😒😒,['FPL'],0,1,0,"<a href=""http://www.twitter.com"" rel=""nofollow"">Twitter for Windows Phone</a>","Pretoria/Brits, letlhabile",False,457,540
7.84818E+17,2016-10-08 18:10:31+00:00,megaclang,Look how horrible my fantasy Premier League team was last year. https://t.co/plST6IvZrm,,0,0,0,"<a href=""http://twitter.com"" rel=""nofollow"">Twitter Web Client</a>","Greenpoint, Brooklyn",False,477,697
7.85876E+17,2016-10-11 16:12:26+00:00,NickSeddon_,My Fantasy Premier League side is getting worse by the week. It's looking bleak already for the Boyce XI #FPL,['FPL'],0,0,0,"<a href=""http://twitter.com"" rel=""nofollow"">Twitter Web Client</a>",West Midlands,True,1313,740
7.85907E+17,2016-10-11 18:15:30+00:00,RotoWireSoccer,Fantasy Premier League Rankings: Gameweek 8 - https://t.co/4hqXPW84rv,,0,1,0,"<a href=""http://www.rotowire.com/soccer"" rel=""nofollow"">Breaking News Soccer</a>",,False,3790,437
7.86236E+17,2016-10-12 16:05:32+00:00,fotballblogg1_,Premier League Fantasy:  Disse 5 spillerne må du kvitte deg med! https://t.co/bhWn8l7wbe #fpl #fplnorge https://t.co/XdeUIWiSBz,"['fpl', 'fplnorge']",0,0,0,"<a href=""http://www.fotballblogg1.com"" rel=""nofollow"">Fotballblogg1-auto</a>",,False,5204,2064
7.86322E+17,2016-10-12 21:46:41+00:00,internatinalnew,Fplbet :: Gameweek 8 Captain Tips For Fantasy Premier League https://t.co/7AELsYMv0D,,0,0,0,"<a href=""https://ifttt.com"" rel=""nofollow"">IFTTT</a>",United States ,False,7,1
7.86397E+17,2016-10-13 02:42:26+00:00,SembadaFPL,#FPL Captaincy Analysis – Gameweek 8 FPL Tips – Fantasy Premier League Tips: Gameweek 7 seems like a long tim... https://t.co/23X4dgev8k,['FPL'],0,0,0,"<a href=""http://twitterfeed.com"" rel=""nofollow"">twitterfeed</a>","East Nusa Tenggara, Indonesia",False,4405,191
7.86439E+17,2016-10-13 05:31:08+00:00,Redarmy_Carl,Join D-Ultimatum League - my Fantasy Premier League league. https://t.co/vp1UdRVTko #fpl https://t.co/VybqWfVRUV https://t.co/G4Z0TRIHFE,['fpl'],0,0,0,"<a href=""http://twitter.com/download/android"" rel=""nofollow"">Twitter for Android</a>",Based,False,2039,2324
7.86597E+17,2016-10-13 15:59:01+00:00,GreenStHammers,Fantasy Premier League is back! @Gallo_Calcio is here with your weekly tips: https://t.co/Qh6PiDRqcH,,0,1,0,"<a href=""https://about.twitter.com/products/tweetdeck"" rel=""nofollow"">TweetDeck</a>",East London,True,4804,1010
7.86927E+17,2016-10-14 13:49:01+00:00,fotballblogg1_,Premier League Fantasy: De 10 mest kjøpte spillerne denne uken https://t.co/aUPhoObyYH #fpl #fplnor https://t.co/SpvaKevsak,"['fpl', 'fplnor']",0,1,0,"<a href=""http://www.fotballblogg1.com"" rel=""nofollow"">Fotballblogg1-auto</a>",,False,5204,2064
7.86934E+17,2016-10-14 14:17:53+00:00,SAFCliveupdates,Premier League Fantasy Football week 8: Stoke keeper a bargain with Sunderland in town https://t.co/9YCqKjOTWr #SAFC #HawayTheLads #Sunder…,"['SAFC', 'HawayTheLads', 'Sunder']",0,0,0,"<a href=""https://ifttt.com"" rel=""nofollow"">IFTTT</a>",Sunderland,False,3903,2546
7.86944E+17,2016-10-14 14:55:37+00:00,SoccerFlow,Watch the Fantasy Premier League Show for the latest tips https://t.co/QdpDfKzrhV,,0,0,0,"<a href=""https://dlvrit.com/"" rel=""nofollow"">dlvr.it</a>",,False,1132,886
7.8697E+17,2016-10-14 16:40:27+00:00,MurraysWhoTweet,Last time we'll mention it - promise! Anyone want to join the Murrays who Tweet fantasy premier league private league? Message us for code,,0,0,0,"<a href=""http://twitter.com"" rel=""nofollow"">Twitter Web Client</a>",Murrays globally,False,4595,5040
7.87016E+17,2016-10-14 19:43:35+00:00,TheHardTackle,Fantasy Premier League Tips for Gameweek 8: Avoid Chelsea and Manchester United players; Splash the cash on Aguero https://t.co/cvtSOopzxL https://t.co/Awq5j5rEDL,,0,0,0,"<a href=""https://dlvrit.com/"" rel=""nofollow"">dlvr.it</a>",India,False,3011,1097
7.87182E+17,2016-10-15 06:41:56+00:00,FPLUpdates_Tips,Premier League Fantasy Football: Who's Hot and Who's Not in Gameweek 8 https://t.co/DWxSiO984x,,0,0,1,"<a href=""http://www.facebook.com/twitter"" rel=""nofollow"">Facebook</a>",,False,54246,13880
7.87434E+17,2016-10-15 23:24:08+00:00,j3n11f,Barclays Premier League Fantasy Football tips as Manchester United face Arsenal #Fantasyfootball https://t.co/MlQNl3H63K,['Fantasyfootball'],0,0,0,"<a href=""https://dlvrit.com/"" rel=""nofollow"">dlvr.it</a>",USA,False,9324,10781
7.87595E+17,2016-10-16 10:02:24+00:00,kofijack10,I added a video to a @YouTube playlist https://t.co/c3kXdckV0L Gameweek 8 | FANTASY PREMIER LEAGUE FOOTBALL,,0,0,0,"<a href=""https://www.google.com/"" rel=""nofollow"">Google</a>","Paignton, United Kingdom",False,1378,290
7.87625E+17,2016-10-16 12:04:08+00:00,joysonoro,just got 10points in fantasy premier league,,0,0,0,"<a href=""http://twitter.com/download/android"" rel=""nofollow"">Twitter for Android</a>","London, England",False,20,108
7.87858E+17,2016-10-17 03:30:16+00:00,Ovatheline,FANTASY PREMIER LEAGUE BONUS POINTS – RELATING BONUS POINTS TO EVENTS - https://t.co/bgzkJ4kmHK,,0,0,0,"<a href=""http://meetedgar.com"" rel=""nofollow"">MeetEdgar</a>",,False,1368,1261
7.88364E+17,2016-10-18 13:01:49+00:00,internatinalnew,Fplbet :: A Satirical Review Of Fantasy Premier League Gameweek 8 https://t.co/yb6547tzXZ,,0,0,0,"<a href=""https://ifttt.com"" rel=""nofollow"">IFTTT</a>",United States ,False,7,1
7.88456E+17,2016-10-18 19:07:13+00:00,gdhgdhgdhgdh,Express Fantasy Premier League Dream Team: Bournemouth trio rack up the points in Gameweek 8 https://t.co/q8DthTUbGR,,0,0,0,"<a href=""https://dlvrit.com/"" rel=""nofollow"">dlvr.it</a>",,False,0,0
7.88671E+17,2016-10-19 09:21:13+00:00,JVanFM,Express: Fantasy Premier League tips: Bargain strikers and solid defenders you need for Gameweek 9 https://t.co/pUpm4aIMgM,,0,0,0,"<a href=""https://ifttt.com"" rel=""nofollow"">IFTTT</a>",,False,29,7
7.88773E+17,2016-10-19 16:04:15+00:00,Atch_Media,"FanDuel Adds English Premier League Soccer To Its Daily Fantasy Sports Roster: That changed on Wednesday, whe... https://t.co/3Mz3DdKtJd",,0,0,0,"<a href=""http://twitterfeed.com"" rel=""nofollow"">twitterfeed</a>",,False,41,69
7.89123E+17,2016-10-20 15:15:08+00:00,FPLNym,Fantasy Premier League GW8 | Tale Of Two Teams by Nymfria https://t.co/gS2tCE3m0M via @YouTube,,1,4,0,"<a href=""http://twitter.com"" rel=""nofollow"">Twitter Web Client</a>",United Kingdom,False,17192,2371
7.89405E+17,2016-10-21 09:54:43+00:00,rajaaja_r,Premier League fantasy football tips: Who to pick and who to avoid in gameweek 9 https://t.co/7fFB8sqR6F,,0,0,0,"<a href=""http://publicize.wp.com/"" rel=""nofollow"">Jetpack.com</a>",,False,58,381
7.89477E+17,2016-10-21 14:44:31+00:00,zirsalem2,Join Ligue de masters - my Fantasy Premier League private league. https://t.co/nAS3Cc64Ge,,0,0,0,"<a href=""http://twitter.com/download/android"" rel=""nofollow"">Twitter for Android</a>",              ,False,5,67
7.89777E+17,2016-10-22 10:36:10+00:00,MattRead66,Fantasy Premier League is such big business that (I suspect) clubs have been told to delay releasing team news until after the GW deadline.,,0,1,0,"<a href=""http://twitter.com"" rel=""nofollow"">Twitter Web Client</a>","Leicester, Liverpool, London & Lynn",False,728,789
7.89872E+17,2016-10-22 16:52:15+00:00,olfle_9,Great goal!!!! Fantasy premier league points for me!! :),,0,0,0,"<a href=""http://twitter.com/download/iphone"" rel=""nofollow"">Twitter for iPhone</a>",,False,394,226
7.89877E+17,2016-10-22 17:12:41+00:00,tunde_young,@SteveKomedy @ejeolomoskeendy Please.....which league are we talking about here.....fantasy premier league??,,0,0,0,"<a href=""http://twitter.com/download/android"" rel=""nofollow"">Twitter for Android</a>","lagos,Nigeria",False,1247,1540
7.90194E+17,2016-10-23 14:13:27+00:00,Mrkimani_brian,Fantasy premier league is a fraud. I transfer out a player they score. #fraud,['fraud'],0,0,0,"<a href=""http://twitter.com/download/android"" rel=""nofollow"">Twitter for Android</a>",,False,638,1625
7.90269E+17,2016-10-23 19:09:39+00:00,FutmondoPremier,"La Premier League vuelve el día 29 de Octubre #PL #EPL 

Premier League returns on October 29 to @futmondo #Fantasy https://t.co/YC42vbNEqV","['PL', 'EPL', 'Fantasy']",2,1,0,"<a href=""http://twitter.com"" rel=""nofollow"">Twitter Web Client</a>",,False,1533,2526
7.90304E+17,2016-10-23 21:28:21+00:00,stop_da_cap,What is your overall points haul so far Mr @JohnDykesUK in fantasy premier league? I secretly play against you...,,0,0,1,"<a href=""https://mobile.twitter.com"" rel=""nofollow"">Mobile Web (M2)</a>",#WINNING,False,61,18
7.9047E+17,2016-10-24 08:30:22+00:00,Ovatheline,FANTASY PREMIER LEAGUE CAPTAIN CHOICE GW9 - https://t.co/rqXW3jOYhy,,0,0,0,"<a href=""http://meetedgar.com"" rel=""nofollow"">MeetEdgar</a>",,False,1368,1261
7.90552E+17,2016-10-24 13:55:03+00:00,LFCinfinite,#LFC Express https://t.co/Fo0HNba18K Fantasy Premier League Dream Team: Which stars racked up the most points in Gameweek 9?,['LFC'],0,0,0,"<a href=""https://ifttt.com"" rel=""nofollow"">IFTTT</a>",,False,12736,8707
7.90571E+17,2016-10-24 15:10:17+00:00,Betting121com,Fantasy Premier League Dream Team: Which stars racked up the most points in Gameweek 9? https://t.co/2BTxWNc0cs,,0,0,0,"<a href=""http://publicize.wp.com/"" rel=""nofollow"">Jetpack.com</a>",,False,106,94
7.90916E+17,2016-10-25 13:59:48+00:00,TalkSportTV,FPL Show Daily Update : GW10 # 2 | Fantasy Premier League Show https://t.co/oC9MQtsZtI,,0,1,0,"<a href=""https://ifttt.com"" rel=""nofollow"">IFTTT</a>",UK,False,1271,1661
7.91014E+17,2016-10-25 20:31:40+00:00,SembadaFPL,#FPL FANTASY PREMIER LEAGUE GAMEWEEK 10 TIPS – THE BANDWAGONS AND SINKING SHIPS: Here’s our fantasy premier l... https://t.co/C6oIyOOXB5,['FPL'],0,0,0,"<a href=""http://twitterfeed.com"" rel=""nofollow"">twitterfeed</a>","East Nusa Tenggara, Indonesia",False,4405,191
7.91246E+17,2016-10-26 11:51:31+00:00,Fri9jaCom,FPL Gameweek 10 Preview – Fantasy Premier League Tips - https://t.co/9HdxHzURik https://t.co/BtJkQDFyhZ,,0,0,0,"<a href=""http://fri9ja.com"" rel=""nofollow"">fri9ja.com</a>",,False,16,173
7.91314E+17,2016-10-26 16:20:58+00:00,Kurtyoy,I liked a @YouTube video from @kurtyoy https://t.co/3pOzpNv9GL Gameweek 10 Preview! Fantasy Premier League 2016/17 Tips!,,0,0,0,"<a href=""https://www.google.com/"" rel=""nofollow"">Google</a>",,False,748,649
7.9151E+17,2016-10-27 05:20:04+00:00,MarketMobsterUK,News: Fantasy Premier League tips: Top transfers and bargain buys ... https://t.co/O0H4ryiuX4 #News #LFC #Football https://t.co/YxlV5YPyAT,"['News', 'LFC', 'Football']",0,0,0,"<a href=""http://twibble.io"" rel=""nofollow"">Twibble.io</a>",United Kingdom,False,38984,251
7.9151E+17,2016-10-27 05:22:54+00:00,thus_spake,Fantasy Premier League tips: Top transfers and bargain buys for FPL Gameweek 10: EXPRESS SPORT brings y... https://t.co/QyA48K0JHP (Exp),,0,0,0,"<a href=""http://twitterfeed.com"" rel=""nofollow"">twitterfeed</a>","England, Great Britain.",False,2174,675
7.91512E+17,2016-10-27 05:27:26+00:00,Ykid19,Fantasy Premier League tips: Top transfers and bargain buys for FPL Gameweek 10: EXPRESS SPORT brings you the... https://t.co/yuknmBRBeL,,0,0,0,"<a href=""http://twitterfeed.com"" rel=""nofollow"">twitterfeed</a>",Nigeria,False,480,770
7.91645E+17,2016-10-27 14:18:29+00:00,TalkSportTV,Captain Tips For Fantasy Premier League Gameweek 10 https://t.co/FLaEBHgPcN,,0,0,0,"<a href=""https://ifttt.com"" rel=""nofollow"">IFTTT</a>",UK,False,1271,1661
7.91891E+17,2016-10-28 06:35:42+00:00,agrlatestnews,Fantasy Premier League tips: Biggest transfer ins and outs ahead of FPL Gameweek 10 - https://t.co/60ASusWPMB - ... https://t.co/PTvCJloBjw,,0,0,0,"<a href=""http://www.latestnewshome.com/"" rel=""nofollow"">agrlatestnews</a>",,False,72,453
7.91941E+17,2016-10-28 09:55:09+00:00,NjuruArapSamuel,Join NJURU FANTASY LEAGUE  - my Fantasy Premier League private league. https://t.co/oiMHMP3kK2 @carolradull,,0,0,0,"<a href=""http://twitter.com"" rel=""nofollow"">Twitter Web Client</a>",kitale kenya,False,3875,377
7.9198E+17,2016-10-28 12:27:08+00:00,FootsAppAndroid,Premier League Fantasy Football: Who's Hot and Who's Not in Gameweek 10 https://t.co/nnSKXk19E5,,0,0,0,"<a href=""http://twitterfeed.com"" rel=""nofollow"">twitterfeed</a>",,False,236,1128
7.92029E+17,2016-10-28 15:44:51+00:00,FantasyFPundit,Fantasy Premier League Gameweek 10 team news is now live: https://t.co/5LYvuNSDXb,,0,0,0,"<a href=""http://twitter.com"" rel=""nofollow"">Twitter Web Client</a>",facebook.com/FantasyFPundit,False,11766,75
7.92052E+17,2016-10-28 17:15:06+00:00,UnofficialPL,Fantasy: Premier League Preview week 10 https://t.co/xyhGAq29fP,,0,0,0,"<a href=""https://dlvrit.com/"" rel=""nofollow"">dlvr.it</a>","London, UK.",False,3829,1650
7.92054E+17,2016-10-28 17:22:09+00:00,Londonboyer,Fantasy: Premier League Preview week 10 https://t.co/DuWw1n45eT,,0,0,0,"<a href=""https://dlvrit.com/"" rel=""nofollow"">dlvr.it</a>",,False,1642,1497
7.92071E+17,2016-10-28 18:29:33+00:00,SembadaFPL,#FPL FPL Updates XI – Gameweek 10 Tips – Fantasy Premier League Tips: The FPL Updates XI achieved a third con... https://t.co/I6PVp12tMz,['FPL'],0,1,0,"<a href=""http://twitterfeed.com"" rel=""nofollow"">twitterfeed</a>","East Nusa Tenggara, Indonesia",False,4405,191
7.92166E+17,2016-10-29 00:49:33+00:00,LFCFansWW,"NewLFCNews: Fantasy Premier League : Injury updates, tips and suggestions before Gameweek 10 https://t.co/UlG3QgJuAT #LFC",['LFC'],0,0,0,"<a href=""https://ifttt.com"" rel=""nofollow"">IFTTT</a>","Liverpool, England",False,306,302
7.92809E+17,2016-10-30 19:24:35+00:00,ReinaldoAllDay,@CTowersCBS converting my league to fantasy Premier League next year. I am done.,,0,0,0,"<a href=""http://twitter.com/download/iphone"" rel=""nofollow"">Twitter for iPhone</a>",,False,73,235
7.92841E+17,2016-10-30 21:28:21+00:00,FantasyFPundit,Alexis Sanchez is currently the highest scorer in Fantasy Premier League with 70 points. Lukaku (67) is just behind in second. #FPL https://t.co/MGZCErJlhF,['FPL'],0,0,0,"<a href=""http://twitter.com"" rel=""nofollow"">Twitter Web Client</a>",facebook.com/FantasyFPundit,False,11766,75
7.92931E+17,2016-10-31 03:28:17+00:00,FootballBurp,Fantasy Premier League tips Gameweek 11: Midfielders https://t.co/tRVeRjM7j8 #fpl,['fpl'],0,0,0,"<a href=""http://footballburp.com/"" rel=""nofollow"">FootballBurp.com</a>",England,False,3249,1145
7.93009E+17,2016-10-31 08:38:43+00:00,Kakaroach,Team kun da ready tuk fantasy premier league bulan Nov. Team anda bagaimana??,,0,0,1,"<a href=""http://twitter.com/download/iphone"" rel=""nofollow"">Twitter for iPhone</a>",Bangi | KL | Arizona,False,7826,8131
7.93213E+17,2016-10-31 22:07:14+00:00,iTimiFrost,Join Ego - my Fantasy Premier League private league. https://t.co/whULr5Y1kl,,0,0,0,"<a href=""http://twitter.com/download/android"" rel=""nofollow"">Twitter for Android</a>",Nigeria,False,1197,529
7.93487E+17,2016-11-01 16:15:54+00:00,fotballblogg1_,Premier League Fantasy: Rundens lag runde 10 https://t.co/0FuVtsSbTv #fotballblogg1 #fpl #fplnor https://t.co/pz7y6fi98b,"['fotballblogg1', 'fpl', 'fplnor']",0,0,1,"<a href=""http://www.fotballblogg1.com"" rel=""nofollow"">Fotballblogg1-auto</a>",,False,5204,2064
7.93497E+17,2016-11-01 16:58:23+00:00,1996maidana,"@pelpuo313  fantasy premier league code: 1910395-908807
Unete comienza la proxima jornada https://t.co/eZKAsrvwwx",,0,0,0,"<a href=""http://twitter.com/download/android"" rel=""nofollow"">Twitter for Android</a>",caaguazu,False,871,1104
7.93529E+17,2016-11-01 19:04:43+00:00,SembadaFPL,#FPL FPL Gameweek 10 Review – Fantasy Premier League Tips: Gameweek 10 would see a high-scoring weekend in te... https://t.co/QPHqyLGyQi,['FPL'],0,0,0,"<a href=""http://twitterfeed.com"" rel=""nofollow"">twitterfeed</a>","East Nusa Tenggara, Indonesia",False,4405,191
7.93738E+17,2016-11-02 08:52:22+00:00,NewsLiverpool,Fantasy Premier League: Recap each Gameweek's best players (Liverpool stars feature twice) https://t.co/WBI7xSrs0p #lfc,['lfc'],0,0,0,"<a href=""http://www.liverpoolfcnews.net/"" rel=""nofollow"">Liverpool News RSS</a>",Liverpool,False,119674,23484
7.93746E+17,2016-11-02 09:25:38+00:00,FootyPremier,Fantasy Premier League: Recap each Gameweek's best players (Liverpool stars feature twice) -  https://t.co/JFzrkjlgMN,,0,0,0,"<a href=""http://plnews.co.uk"" rel=""nofollow"">Premier League News Updates</a>",England,False,132,19
7.94233E+17,2016-11-03 17:42:34+00:00,Nexmedia_Sports,Fantasy Premier League Gameweek 11: Stacking with Manchester City https://t.co/W13vuSBIeW,,0,0,0,"<a href=""https://dlvrit.com/"" rel=""nofollow"">dlvr.it</a>","Jakarta, Indonesia",False,972,11
7.94561E+17,2016-11-04 15:22:55+00:00,FootballNDaily,Premier League fantasy football tips: Who to pick and who to avoid in gameweek 11 - https://t.co/oDQ7C1FYZ6,,0,0,0,"<a href=""https://ifttt.com"" rel=""nofollow"">IFTTT</a>",,False,656,21
7.94986E+17,2016-11-05 19:34:39+00:00,efandaniel1997,@hazimnajmihamka ape nie tek.. Orang main fantasy premier league la,,0,0,0,"<a href=""http://twitter.com/download/android"" rel=""nofollow"">Twitter for Android</a>","Tebrau, Johor",False,299,244
7.95294E+17,2016-11-06 15:57:05+00:00,HutchieGlee,Have hazard Costa firmino and coutinho in my fantasy premier league 👌🏻,,0,0,0,"<a href=""http://twitter.com/download/iphone"" rel=""nofollow"">Twitter for iPhone</a>",,False,384,360
7.95336E+17,2016-11-06 18:45:10+00:00,Abi_odun,Join Potters league - my Fantasy Premier League private league. https://t.co/5DGm31we9l,,0,0,0,"<a href=""http://twitter.com"" rel=""nofollow"">Twitter Web Client</a>","Lagos, Nigeria ",False,823,2392
7.96267E+17,2016-11-09 08:22:02+00:00,audunhjort,"Tror jeg skal ta noen måneder nå, og konse 100% på Tottenham og Fantasy Premier League. Og hundevideos. Masse hundevideos.",,0,1,0,"<a href=""http://twitter.com"" rel=""nofollow"">Twitter Web Client</a>",St. Hanshaugen,False,1011,4525
7.97873E+17,2016-11-13 18:47:14+00:00,iamHENRYCARTER,Join kxngs  - my Fantasy Premier League private league. https://t.co/usy4zgXf5j,,0,0,0,"<a href=""http://twitter.com"" rel=""nofollow"">Twitter Web Client</a>",,False,3521,2250
7.98836E+17,2016-11-16 10:33:15+00:00,aogastelum,Here's my @Fantrax column celebrating no more international breaks until March...and fantasy Premier League https://t.co/uli24oAuaw,,1,1,0,"<a href=""http://twitter.com/download/iphone"" rel=""nofollow"">Twitter for iPhone</a>",,False,688,253
7.98858E+17,2016-11-16 12:01:21+00:00,HAPPENINGS1NOW,#celebrity #gossip #Kardashian La Liga XI vs Premier League XI: Football Manager 2017 reveals which fantasy tea... https://t.co/jlgvOBFMhs,"['celebrity', 'gossip', 'Kardashian']",0,0,0,"<a href=""http://www.hootsuite.com"" rel=""nofollow"">Hootsuite</a>","Miami, FL",False,2160,46
7.99499E+17,2016-11-18 06:26:13+00:00,IndoTheGunners,#ArsenalNews Fantasy Premier League tips: Biggest transfer ins and outs ahead of FPL Gameweek 12 https://t.co/xUar3kz19P,['ArsenalNews'],0,0,0,"<a href=""https://dlvrit.com/"" rel=""nofollow"">dlvr.it</a>",At Emirates Stadium,False,868,209
7.9964E+17,2016-11-18 15:46:54+00:00,WorldFootieChat,#epl Premier League Fantasy Football week 12: Why Sunderland duo will exploit struggling Hull https://t.co/vA95WAn0Ep,['epl'],0,0,0,"<a href=""http://www.hootsuite.com"" rel=""nofollow"">Hootsuite</a>",United Kingdom,False,149,70
7.99688E+17,2016-11-18 18:57:19+00:00,El_CapitanC,So happy premier league is back. Now back to fantasy football #PremierLeague,['PremierLeague'],0,1,0,"<a href=""http://twitter.com/download/android"" rel=""nofollow"">Twitter for Android</a>","Birmingham, England",False,29,138
7.99897E+17,2016-11-19 08:47:54+00:00,RedRevolution95,Fantasy premier league - Who should I transfer in for Coutinho for this gameweek? Only £8.9 million !,,0,0,1,"<a href=""http://twitter.com/download/iphone"" rel=""nofollow"">Twitter for iPhone</a>",,False,3282,4306
7.99993E+17,2016-11-19 15:09:22+00:00,MichFal,"Oczywiście Capoue siedzi u mnie na ławce.... Dobrze, że chociaż postawiłem na Matę #WATLEI #MUNARS #FPL @_fantasypremier","['WATLEI', 'MUNARS', 'FPL']",0,0,0,"<a href=""https://about.twitter.com/products/tweetdeck"" rel=""nofollow"">TweetDeck</a>","Włocławek, Poland",False,4572,202
8.00727E+17,2016-11-21 15:46:32+00:00,Enad_Haddad,@scott_pianowski is there a Premier fantasy league? Who offers that? ⚽,,0,0,0,"<a href=""http://twitter.com/download/android"" rel=""nofollow"">Twitter for Android</a>","Greensboro, NC",False,787,4995
8.01023E+17,2016-11-22 11:23:25+00:00,Manunews247,Fantasy Premier League team of the week: The incredible side that got 129 points https://t.co/esL7OThCcD,,0,0,0,"<a href=""http://publicize.wp.com/"" rel=""nofollow"">Jetpack.com</a>",,False,57,110
8.01033E+17,2016-11-22 12:00:40+00:00,fotballblogg1_,Premier League Fantasy: Rundes lag runde 12 https://t.co/W9hkTEt3Bv #fotballblogg1 #fpl #fplnorge https://t.co/4CSU11Xi9g,"['fotballblogg1', 'fpl', 'fplnorge']",0,0,0,"<a href=""http://www.fotballblogg1.com"" rel=""nofollow"">Fotballblogg1-auto</a>",,False,5204,2064
8.01436E+17,2016-11-23 14:42:13+00:00,fotballblogg1_,Premier League Fantasy: Topp 10 spillere https://t.co/0eKmJd432C #fotballblogg1 #fpl #fplnor https://t.co/X5DZ394l0H,"['fotballblogg1', 'fpl', 'fplnor']",0,0,0,"<a href=""http://www.fotballblogg1.com"" rel=""nofollow"">Fotballblogg1-auto</a>",,False,5204,2064
8.01754E+17,2016-11-24 11:47:23+00:00,fotballblogg1_,Premier League Fantasy: Topp 10 mest populære https://t.co/g8x4TXQ5Tk #fotballblogg1 #fpl #fplnor https://t.co/R6i1mGDmUy,"['fotballblogg1', 'fpl', 'fplnor']",0,0,0,"<a href=""http://www.fotballblogg1.com"" rel=""nofollow"">Fotballblogg1-auto</a>",,False,5204,2064
8.01788E+17,2016-11-24 14:03:16+00:00,ThePuntersPage,"🆕 Fantasy Premier League preview, hints and tips for gameweek 13. | @fpl_updates

🔗 https://t.co/f4xAQkPELb.",,0,1,0,"<a href=""https://buffer.com"" rel=""nofollow"">Buffer</a>",United Kingdom,False,115665,507
8.02032E+17,2016-11-25 06:11:06+00:00,ArsenalNewsUK,Fantasy Premier League tips: Biggest transfer ins and outs ahead of FPL Gameweek 13 https://t.co/H6wkQ1uhqs,,0,0,0,"<a href=""http://erased308360.com"" rel=""nofollow"">erased308360</a>",London,False,83995,8100
8.02054E+17,2016-11-25 07:40:11+00:00,coventryjournal,Premier League Fantasy Football tips for this weekend as Chelsea take on Tottenham: Top flight treating us to ten… https://t.co/AbYatAQfh8,,0,0,0,"<a href=""https://dlvrit.com/"" rel=""nofollow"">dlvr.it</a>","Coventry, UK",False,1246,99
8.02125E+17,2016-11-25 12:20:01+00:00,safcbuzztap,chroniclelive​.co​.uk &gt;&gt; Premier League Fantasy Football week 13: Why Sunderland man could prove to be a https://t.co/0QKOBcPQug,,0,0,0,"<a href=""http://buzztap.com"" rel=""nofollow"">buzztap</a>",Sunderland,False,8905,27
8.02184E+17,2016-11-25 16:16:03+00:00,talkSPORT,"Bellerin out, Jenkinson in? 

Fantasy Premier League transfer tips for gameweek 13 https://t.co/Jx7VGoZ8CW #FPL https://t.co/YnNiodlwrF",['FPL'],0,4,0,"<a href=""http://twitter.com"" rel=""nofollow"">Twitter Web Client</a>",United Kingdom,True,2189732,1971
8.02546E+17,2016-11-26 16:12:43+00:00,pragsteraj,@sharmeeee_ haha kesian. You should play the fantasy premier league 🙂,,0,1,1,"<a href=""http://twitter.com/download/iphone"" rel=""nofollow"">Twitter for iPhone</a>","Rawang,Selangor",False,635,411
8.02882E+17,2016-11-27 14:29:18+00:00,John_McDermott_,Did I sell Sanchez in Fantasy Premier League and bring Coutinho in this weekend? Of course I did... #FPL,['FPL'],0,1,1,"<a href=""http://mvilla.it/fenix"" rel=""nofollow"">Fenix for Android</a>","Liverpool, England",False,925,3171
8.03325E+17,2016-11-28 19:48:02+00:00,goalz24,"Premier League Fantasy Football We pick our team of the week for round
https://t.co/emtyD1RLbr
#bpl
#lcfc
#premierleague https://t.co/OGVFj0Uv6Q","['bpl', 'lcfc', 'premierleague']",0,0,0,"<a href=""http://goalz24.com"" rel=""nofollow"">goalz24</a>",,False,2824,4076
8.04598E+17,2016-12-02 08:09:05+00:00,Razzball,"Fantasy Premier League – Start ‘Em, Sit ‘Em, Week 14 - https://t.co/xEH2zKT5LD",,0,0,0,"<a href=""https://razzball.com"" rel=""nofollow"">Next ScriptsRazz</a>","Los Angeles, CA",True,25278,1045
8.04715E+17,2016-12-02 15:54:48+00:00,notghostyyyy,I liked a @YouTube video https://t.co/zj7bsKyYB8 FPL Show Episode 17 p.2 (GW14 p.12) | Fantasy Premier League Show 2016,,0,0,0,"<a href=""https://www.google.com/"" rel=""nofollow"">Google</a>","London, England",False,269,304
8.05098E+17,2016-12-03 17:15:20+00:00,MaxSttzp,"Jonny Evans was the best West Bromwich Albion player vs Watford (3-1), collecting 15.15 fantasy points. #WBA #WATFORDFC #Premier_League https://t.co/v67u2hchMH","['WBA', 'WATFORDFC', 'Premier_League']",0,0,0,"<a href=""https://TODO.to.do"" rel=""nofollow"">DFS Test</a>",,False,2,29
8.05099E+17,2016-12-03 17:19:20+00:00,MaxSttzp,"Marc Albrighton was the best Leicester City player vs Sunderland (2-1), collecting 12.45 fantasy points. #SAFC #LCFC #Premier_League https://t.co/aN4KIaNWp9","['SAFC', 'LCFC', 'Premier_League']",0,0,0,"<a href=""https://TODO.to.do"" rel=""nofollow"">DFS Test</a>",,False,2,29
8.05134E+17,2016-12-03 19:37:40+00:00,dishanovic,"انا من الشرفاء اللي كانوا عاملين سانشيز كابتن :-D 

#fantasy_premier_league",['fantasy_premier_league'],0,0,0,"<a href=""http://www.facebook.com/twitter"" rel=""nofollow"">Facebook</a>","Hurghada, Egypt",False,93,243
8.05201E+17,2016-12-04 00:05:25+00:00,Welshyy21,I'm 5th in Fantasy Premier League https://t.co/GrxRdworDn,,1,0,0,"<a href=""http://twitter.com/download/iphone"" rel=""nofollow"">Twitter for iPhone</a>","Cardiff, Wales",False,2206,2422
8.05821E+17,2016-12-05 17:07:36+00:00,PremierLeaque,"[Daily Mail] 
Bournemouth hero Ryan Fraser was picked by NOBODY in Premier League Fantasy Football
       
https://t.co/u9ctxI0i15",,0,0,0,"<a href=""https://ifttt.com"" rel=""nofollow"">IFTTT</a>",,False,1699,0
8.06276E+17,2016-12-06 23:14:24+00:00,MaxSttzp,"Taulant Xhaka was the best FC Basel player vs Arsenal (1-4), collecting 13.55 fantasy points. #FC_Basel #ARSENAL #Premier_League https://t.co/QqWSS9qHis","['FC_Basel', 'ARSENAL', 'Premier_League']",0,0,0,"<a href=""https://TODO.to.do"" rel=""nofollow"">DFS Test</a>",,False,2,29
8.06277E+17,2016-12-06 23:18:24+00:00,MaxSttzp,"José Callejón was the best Napoli player vs Benfica (1-2), collecting 20.4 fantasy points. #Benfica #Napoli #Premier_League https://t.co/v0Qwzfc7Wd","['Benfica', 'Napoli', 'Premier_League']",0,0,0,"<a href=""https://TODO.to.do"" rel=""nofollow"">DFS Test</a>",,False,2,29
8.06525E+17,2016-12-07 15:44:18+00:00,haywhai007,Join THE MEN IN THE GAME - my Fantasy Premier League private league. https://t.co/A2Jl0g4Nwd,,0,0,1,"<a href=""http://twitter.com"" rel=""nofollow"">Twitter Web Client</a>","ÜT: 6.66518,3.31858",False,5599,5750
8.06995E+17,2016-12-08 22:53:51+00:00,Capkin_FPL,Gameweek 15 - Average Score - Fantasy Premier League 2016/17: https://t.co/vChM2Qt9cy via @YouTube,,0,0,0,"<a href=""https://www.google.com/"" rel=""nofollow"">Google</a>",London,False,6298,324
8.07109E+17,2016-12-09 06:25:07+00:00,arsenalfootnews,Fantasy Premier League tips: Biggest transfer ins and outs ahead of FPL Gameweek 15 https://t.co/Oi6BiXsXGH https://t.co/nXrvctuF0t,,0,0,0,"<a href=""https://dlvrit.com/"" rel=""nofollow"">dlvr.it</a>",,False,5036,1
8.0725E+17,2016-12-09 15:46:57+00:00,WorldFootieChat,#epl Premier League fantasy football tips: Who to pick and who to avoid in gameweek 15 https://t.co/vZwYXn9a5H,['epl'],0,0,0,"<a href=""http://www.hootsuite.com"" rel=""nofollow"">Hootsuite</a>",United Kingdom,False,149,70
8.07645E+17,2016-12-10 17:54:17+00:00,1988droid,Lupa ganti fantasy premier league. Ada 3 pemain City disana. Ntot! -_-,,0,0,0,"<a href=""http://twitter.com/download/android"" rel=""nofollow"">Twitter for Android</a>",bookshelf,False,466,617
8.07929E+17,2016-12-11 12:43:02+00:00,FlenLFoulene,@footnem Hell. Fuckin. No. I just wanna get some fantasy premier League points lmao. I have a weak spot for Liverpool and Arsenal in EPL.,,0,0,0,"<a href=""http://twitter.com/download/android"" rel=""nofollow"">Twitter for Android</a>",أخرا محل,False,2312,832
8.0796E+17,2016-12-11 14:47:11+00:00,DrTuukka,"@SartamaV Miki! Toivottavasti tulis voitto, pisteitä tarvitaan. Luotan myös Pooliin, koska fantasy premier League.",,0,1,0,"<a href=""http://twitter.com/download/android"" rel=""nofollow"">Twitter for Android</a>","Hyvinkää, Finland",False,1973,810
8.08346E+17,2016-12-12 16:19:37+00:00,somchai_ko,[FoxSport] Fantasy Premier League Gameweek 16: Stack Spurs for midweek fixtures https://t.co/VNF7BN4pPb,,0,0,0,"<a href=""https://ifttt.com"" rel=""nofollow"">IFTTT</a>",,False,1528,82
8.08377E+17,2016-12-12 18:23:37+00:00,GoalAustralia,"Fantasy Football: Premier League Preview, Week 16 https://t.co/ydSnsMXmVC https://t.co/QsQpyzbMbq",,0,0,0,"<a href=""https://dlvrit.com/"" rel=""nofollow"">dlvr.it</a>",Australia,False,4172,549
8.08378E+17,2016-12-12 18:27:33+00:00,AnttonioElias,"goal: Fantasy Football: Premier League Preview, Week 16 https://t.co/hLPdmYxcrx",,0,0,0,"<a href=""https://ifttt.com"" rel=""nofollow"">IFTTT</a>","São Paulo, Brasil",False,3679,1739
8.0838E+17,2016-12-12 18:37:15+00:00,Bot_Football,"Fantasy Football: Premier League Preview, Week 16: Our fantasy football scout previews the big games ahead of game… https://t.co/2seTSXSqYl",,0,0,0,"<a href=""https://dlvrit.com/"" rel=""nofollow"">dlvr.it</a>",,False,15139,13782
8.08635E+17,2016-12-13 11:29:58+00:00,Bot_Football,Premier League fantasy football tips: Who to pick and who to avoid in gameweek 16: Don't let the fact there's a… https://t.co/SawqxtpT3d,,0,0,0,"<a href=""https://dlvrit.com/"" rel=""nofollow"">dlvr.it</a>",,False,15139,13782
8.08635E+17,2016-12-13 11:30:03+00:00,premnewsuk,Premier League fantasy football tips: Who to pick and who to avoid in gameweek 16 https://t.co/Omy8GZZ02H,,0,0,0,"<a href=""http://premnews.com"" rel=""nofollow"">PremNews</a>",UK,False,2465,1282
8.08649E+17,2016-12-13 12:24:30+00:00,fotballblogg1_,Premier League Fantasy: Rundens lag fra helgen som gikk https://t.co/iG6OoCw7rr #fotballblogg1 #fpl #fplnor https://t.co/F3zSXQgtRp,"['fotballblogg1', 'fpl', 'fplnor']",0,0,0,"<a href=""http://www.fotballblogg1.com"" rel=""nofollow"">Fotballblogg1-auto</a>",,False,5204,2064
8.09154E+17,2016-12-14 21:51:30+00:00,scottfmackay,Cant catch a break in Fantasy Premier League.,,0,1,0,"<a href=""http://twitter.com/download/android"" rel=""nofollow"">Twitter for Android</a>",United Kingdom,False,734,1819
8.09185E+17,2016-12-14 23:55:09+00:00,yusufforsucess,Join Yusuf Egbunu - my Fantasy Premier League private league. https://t.co/DTMSFzNQ6J,,0,0,0,"<a href=""http://twitter.com"" rel=""nofollow"">Twitter Web Client</a>",Lokoja,False,6,94
8.09482E+17,2016-12-15 19:37:13+00:00,LiveNews24x7,#BreakingNews Fantasy Premier League 2016-17: 5 Players to pick for Gameweek 17 https://t.co/10CBD3mfTO,['BreakingNews'],0,0,0,"<a href=""https://dlvrit.com/"" rel=""nofollow"">dlvr.it</a>",India,False,2369,28
8.09769E+17,2016-12-16 14:34:09+00:00,UnofficialPL,Premier League fantasy football tips: Who to pick and who to avoid in gameweek 16 https://t.co/xqg0LyRDOD,,0,0,0,"<a href=""https://dlvrit.com/"" rel=""nofollow"">dlvr.it</a>","London, UK.",False,3829,1650
8.09804E+17,2016-12-16 16:54:19+00:00,aguhnaija,Fantasy Premier League tips: Biggest transfer ins and outs ahead of FPL Gameweek 17 https://t.co/hIMjHsOef3 #Chelsea #CFC https://t.co/oIrEF0MTHC,"['Chelsea', 'CFC']",0,0,0,"<a href=""https://dlvrit.com/"" rel=""nofollow"">dlvr.it</a>",,False,3575,2064
8.09809E+17,2016-12-16 17:16:17+00:00,seigetsu,Premier League fantasy football tips: Who to pick and who to avoid in gameweek 17 - https://t.co/r1GZZPzcrD https://t.co/eUiFaEYz2A,,1,0,0,"<a href=""https://ifttt.com"" rel=""nofollow"">IFTTT</a>",,False,2741,1950
8.10197E+17,2016-12-17 18:57:19+00:00,nishrt,"I almost selected Rondon for my fantasy premier league, so glad I did not save. #WBAMUN #MUFC","['WBAMUN', 'MUFC']",0,0,0,"<a href=""http://www.twitter.com"" rel=""nofollow"">Twitter for BlackBerry</a>","New Delhi, India",False,246,145
8.10262E+17,2016-12-17 23:15:43+00:00,NomoTurner,On the weekends I always check fantasy premier league before anything else #priorities,['priorities'],0,3,1,"<a href=""http://twitter.com/download/iphone"" rel=""nofollow"">Twitter for iPhone</a>",Las Vegas ,False,103,84
8.10271E+17,2016-12-17 23:51:53+00:00,Vic11Bach,Join FPL Kings v4.0 - my Fantasy Premier League private league. https://t.co/3UrzekXw30 #FPL #CFC #AFC #MUFC #MCFC,"['FPL', 'CFC', 'AFC', 'MUFC', 'MCFC']",0,0,0,"<a href=""http://twitter.com"" rel=""nofollow"">Twitter Web Client</a>","Kampala, Uganda",False,332,1005
8.10757E+17,2016-12-19 08:02:56+00:00,Trends_Zone,Premier League Fantasy Football: Who's Hot and Who's Not in Gameweek 17 #premier #league #fantasy #football… https://t.co/vxrWajl4IR https://t.co/5VS43tHLp6,"['premier', 'league', 'fantasy', 'football']",0,0,0,"<a href=""https://dlvrit.com/"" rel=""nofollow"">dlvr.it</a>",,False,216,11
8.11165E+17,2016-12-20 11:04:35+00:00,SquawkaBet,"@AyoT_ @Chukxoo MatchBoss is our fantasy football game, pick your 10 MOTMs for each premier league game to win cash prizes. (18+ only)",,0,0,0,"<a href=""http://twitter.com"" rel=""nofollow"">Twitter Web Client</a>",,False,8111,89
8.11618E+17,2016-12-21 17:02:34+00:00,bpfootball,Fantasy Premier League - Four players to target ahead of the festive fixtures (via @neilsherwin) https://t.co/hN9mCJT8Yv,,0,0,0,"<a href=""https://backpagefootball.com"" rel=""nofollow"">Back Page Football</a>",Ireland,False,27436,816
8.12441E+17,2016-12-23 23:31:41+00:00,Vitor_com_C,"@Vitor_com_C 39- sou viciado em fantasy: cartola, premier league, nba e NFL e geralmente vou bem em todos",,0,0,1,"<a href=""http://twitter.com/download/iphone"" rel=""nofollow"">Twitter for iPhone</a>","São Paulo, Brasil",False,507,1021
8.13428E+17,2016-12-26 16:56:42+00:00,NaidyPeters,That moment after game day and you disappointed that you made the wrong transfers on fantasy premier league 😂,,0,0,0,"<a href=""http://twitter.com/download/android"" rel=""nofollow"">Twitter for Android</a>",,False,570,367
8.14198E+17,2016-12-28 19:56:00+00:00,gbelovai,"Kösz, van Dijk! - kiáltott fel a belső Fantasy Premier League hangom. #plhu",['plhu'],0,0,0,"<a href=""http://erased972529_fzyRVGtcON.com"" rel=""nofollow"">erased972529_fzyRVGtcON</a>","Magyarország, Hódmezővásárhely",False,531,435
8.14348E+17,2016-12-29 05:51:51+00:00,ArsenalNewsUK,Fantasy Premier League tips: Top transfers you need to make in FPL Gameweek 19 https://t.co/eXJvajKjsQ,,0,0,0,"<a href=""http://erased308360.com"" rel=""nofollow"">erased308360</a>",London,False,83995,8100
8.14348E+17,2016-12-29 05:52:05+00:00,arsenalfootnews,Fantasy Premier League tips: Top transfers you need to make in FPL Gameweek 19 https://t.co/ZE0IjEPgxA https://t.co/Vr54U7LGj0,,0,0,0,"<a href=""https://dlvrit.com/"" rel=""nofollow"">dlvr.it</a>",,False,5036,1
8.1435E+17,2016-12-29 05:59:42+00:00,EdwardHumphries,Fantasy Premier League tips: Top transfers you need to make in FPL Gameweek 19 https://t.co/lrAR3qtLPD,,0,0,0,"<a href=""http://publicize.wp.com/"" rel=""nofollow"">Jetpack.com</a>",,False,737,480
8.14746E+17,2016-12-30 08:12:18+00:00,aguhnaija,Fantasy Premier League tips: Biggest transfer ins and outs ahead of FPL Gameweek 19 https://t.co/HY3RVINqCd #AFC #Arsenal https://t.co/mCyQqwpDEt,"['AFC', 'Arsenal']",0,0,0,"<a href=""https://dlvrit.com/"" rel=""nofollow"">dlvr.it</a>",,False,3575,2064
8.14844E+17,2016-12-30 14:40:53+00:00,Dannypdidy,I picked César Azpilicueta for Round 19 in @SuperBru English Premier League 5-a-side Fantasy! What's your pick? #superbru,['superbru'],0,0,0,"<a href=""http://twitter.com"" rel=""nofollow"">Twitter Web Client</a>","Cape Town, South Africa",False,1557,2806
8.14918E+17,2016-12-30 19:34:34+00:00,yusufogunleye14,I picked Juan Mata for Round 19 in @SuperBru English Premier League 5-a-side Fantasy! What's your pick? #superbru,['superbru'],0,0,0,"<a href=""http://twitter.com"" rel=""nofollow"">Twitter Web Client</a>","Ojo, Nigeria",False,577,3629
8.14921E+17,2016-12-30 19:48:06+00:00,MrTinnion,"If you play Fantasy Premier League, click this link to auto join the @FantasyFootyPod £300 Cash League for free https://t.co/JpJkQRZRIP",,0,1,0,"<a href=""http://twitter.com/download/android"" rel=""nofollow"">Twitter for Android</a>","Margate, England",False,3306,3391
8.14945E+17,2016-12-30 21:21:39+00:00,Mwakabanga_jr,Marshall should be in every fantasy premier league team.,,0,0,0,"<a href=""https://mobile.twitter.com"" rel=""nofollow"">Mobile Web (M2)</a>", 🇿🇲 ,False,160,160
8.14954E+17,2016-12-30 21:59:06+00:00,Pingulanim,Ma points akupenga these days Ku Fantasy Premier League,,0,0,0,"<a href=""http://twitter.com/download/android"" rel=""nofollow"">Twitter for Android</a>",In Christ Jesus ,False,799,880
8.14975E+17,2016-12-30 23:21:57+00:00,lukaszlaszczak,@GrosickiKamil muszę zastąpić Sterlinga w Fantasy Premier League jakimś doświadczonym skrzydłowym na pełnej p....:),,0,2,0,"<a href=""http://twitter.com/download/iphone"" rel=""nofollow"">Twitter for iPhone</a>","London, England",False,62,556
9.02426E+17,2017-08-29 07:00:38+00:00,fplcloud,New from FFFirst: Rate my Fantasy Premier League team for game week 4 via https://t.co/ruXuDGtCen #FPL,['FPL'],0,0,0,"<a href=""http://www.fantasyfootballcloud.com/"" rel=""nofollow"">FFCloud</a>","Kendal, England",False,1649,135
9.0276E+17,2017-08-30 05:08:18+00:00,mmm_chaudhary,Fantasy Premier League tips: Bargain Fantasy Football price falls ahead of Gameweek 4 https://t.co/U1r6XPBIRc https://t.co/w0PWeYasLJ,,0,0,0,"<a href=""http://publicize.wp.com/"" rel=""nofollow"">Jetpack.com</a>",,False,243,1315
9.03357E+17,2017-08-31 20:42:31+00:00,iamjisaacs,@FATGofficial What's the code to join your fantasy Premier League?,,0,0,0,"<a href=""http://www.twitter.com"" rel=""nofollow"">Twitter for BlackBerry</a>","Lagos, Nigeria",False,231,513
9.0357E+17,2017-09-01 10:47:50+00:00,randone16,Join Martial league - my Fantasy Premier League private league. https://t.co/RfH2KEHqHD,,0,0,0,"<a href=""http://twitter.com"" rel=""nofollow"">Twitter Web Client</a>",Kasoa,False,68,1334
9.04028E+17,2017-09-02 17:05:44+00:00,KazamiShun27,@kuba_karpinski Czy za trzy lata będę mógł użyć jego karty w Fantasy Premier League?,,0,1,1,"<a href=""http://twitter.com"" rel=""nofollow"">Twitter Web Client</a>",,False,54,262
9.04373E+17,2017-09-03 15:56:22+00:00,shahidsenga,Master fantasy premier league code 2560838-1055203 #epl #fpl #GoonerFamily,"['epl', 'fpl', 'GoonerFamily']",0,0,0,"<a href=""http://twitter.com/download/iphone"" rel=""nofollow"">Twitter for iPhone</a>","Nairobi, Kenya",False,1284,2461
9.04373E+17,2017-09-03 16:00:04+00:00,fplcloud,New from FFGeek: Rob Reid (the FPL Vet) with his review of August in fantasy premier league via https://t.co/ruXuDGtCen #FPL,['FPL'],0,0,0,"<a href=""http://www.fantasyfootballcloud.com/"" rel=""nofollow"">FFCloud</a>","Kendal, England",False,1649,135
9.04451E+17,2017-09-03 21:07:26+00:00,DybalaOnTarget,I liked a @YouTube video https://t.co/mgMDC3rdyx THE WILDCARD STREAM | Let's Talk Fantasy Premier League 2017/18 | #47,,0,0,0,"<a href=""https://www.google.com/"" rel=""nofollow"">Google</a>",,False,832,691
9.04789E+17,2017-09-04 19:29:40+00:00,TheGameofFooty,Fantasy Premier League Podcast ‘Gameweek 4 Preview and The New Kids on the Block’ by @thegameoffooty on #SoundCloud https://t.co/3wlq3stsB4,['SoundCloud'],1,1,0,"<a href=""http://twitter.com"" rel=""nofollow"">Twitter Web Client</a>","England, United Kingdom",False,1003,306
9.0493E+17,2017-09-05 04:50:57+00:00,SkImran49579378,NS vs BT 4th Match Fantasy Cricket dream11 team | Karnataka Premier League https://t.co/Z2UwLMXpU0 via,,0,0,0,"<a href=""http://twitter.com/download/android"" rel=""nofollow"">Twitter for Android</a>",,False,0,93
9.05004E+17,2017-09-05 09:44:28+00:00,Zakaa_Boutique,"ONLY 4 DAYS TO GAME WEEK 4
TagHeuer Nigeria Fantasy Premier League

JOIN THE CHALLENGE
Get a… https://t.co/wELSxnSHr5",,0,0,0,"<a href=""http://instagram.com"" rel=""nofollow"">Instagram</a>","53 Gana Street, Maitama, Abuja",False,231,93
9.05119E+17,2017-09-05 17:21:26+00:00,GenDiscussion,Fantasy Premier League... https://t.co/jpy4WqDtyg | 🚀 by https://t.co/jMJBWZKhqm https://t.co/MsfDKKylLH,,0,0,0,"<a href=""http://twibble.io"" rel=""nofollow"">Twibble.io</a>",,False,1174,1904
9.053E+17,2017-09-06 05:20:12+00:00,theCFCboard,EXPRESS Fantasy Premier League tips: Biggest transfer ins and outs ahead of FPL Gameweek 4 https://t.co/gJyMLRVtvy,,0,0,0,"<a href=""https://ifttt.com"" rel=""nofollow"">IFTTT</a>",Cobham/Stamford Bridge/Moscow,False,519,355
9.05461E+17,2017-09-06 16:02:16+00:00,Everton_Footy,Fantasy Premier League tips: Transfers you should make for gameweek four https://t.co/scSRubk0Cj https://t.co/SEfOdoB2na,,0,0,0,"<a href=""http://publicize.wp.com/"" rel=""nofollow"">Jetpack.com</a>","Liverpool, England",False,47,99
9.05765E+17,2017-09-07 12:08:10+00:00,DeccanChronicle,"Fantasy Premier League: 5 bargain players you must have for Gameweek 4, suggests @vishybms
#FPL
Read: https://t.co/8dsSAOlKEx https://t.co/Rd8wJdK5gJ",['FPL'],0,0,0,"<a href=""https://about.twitter.com/products/tweetdeck"" rel=""nofollow"">TweetDeck</a>","Hyderabad, India",True,108327,244
9.0578E+17,2017-09-07 13:09:55+00:00,Trapbiird,It’s TagHeuer Nigeria Fantasy Premier League Competition – Join the Challenge &amp; Win Great… https://t.co/lgVbieNoul https://t.co/v3OZLK7J2b,,0,0,0,"<a href=""http://publicize.wp.com/"" rel=""nofollow"">Jetpack.com</a>",,False,724,923
9.05806E+17,2017-09-07 14:52:10+00:00,bongdatoday,"Tham gia vòng 4 gameshow “Chơi Fantasy Premier League, dự đoán trúng thưởng” https://t.co/X5eFgcxjXb",,0,0,0,"<a href=""http://publicize.wp.com/"" rel=""nofollow"">Jetpack.com</a>",Việt Nam,False,76,156
9.05826E+17,2017-09-07 16:10:05+00:00,pbates1,@borisachen do u have a clustering list for a premier league fantasy draft?,,0,0,0,"<a href=""http://twitter.com/download/iphone"" rel=""nofollow"">Twitter for iPhone</a>",N 30°25' 0'' / W 91°10' 0'',False,238,968
9.06022E+17,2017-09-08 05:09:20+00:00,mmm_chaudhary,Fantasy Premier League tips: Captain options for GW4 – West Ham and Liverpool wildcards https://t.co/O9pSYuK4ie https://t.co/hxrFE1dK59,,0,0,0,"<a href=""http://publicize.wp.com/"" rel=""nofollow"">Jetpack.com</a>",,False,243,1315
9.06247E+17,2017-09-08 20:03:16+00:00,PakistanNewsCA,Fantasy Premier League tips: 10 bargain Fantasy Football price drops so far this season https://t.co/XyhlBkIwaF https://t.co/e9Km7m9xav,,0,0,0,"<a href=""http://publicize.wp.com/"" rel=""nofollow"">Jetpack.com</a>","Toronto, Ontario",False,1146,94
9.06257E+17,2017-09-08 20:43:11+00:00,Romeryto10,Fantasy da Premier League escalado. Agora bora escalar o Cartola!,,0,0,0,"<a href=""https://mobile.twitter.com"" rel=""nofollow"">Twitter Web App</a>",João Pessoa ,False,1216,2914
9.06394E+17,2017-09-09 05:49:07+00:00,Eng___Football,Fantasy Premier League tips: Last-minute Fantasy #Football transfers ... https://t.co/X3kPt3BLVm via @Eng___Football #FIFA #englandfootball,"['Football', 'FIFA', 'englandfootball']",0,0,0,"<a href=""http://twibble.io"" rel=""nofollow"">Twibble.io</a>","London, England",False,621,4399
9.06413E+17,2017-09-09 07:04:30+00:00,Liliomos,"#FPL #Football #Everton #Spurs #ManUtd #Arsenal #ManCity 
Fantasy Premier League. At least 1,000 Euro in prizes
https://t.co/ezSKzsE9UQ https://t.co/7yu5k2f2o2","['FPL', 'Football', 'Everton', 'Spurs', 'ManUtd', 'Arsenal', 'ManCity']",0,0,0,"<a href=""http://twitter.com"" rel=""nofollow"">Twitter Web Client</a>","Zaanstad, Nederland",False,644,3452
9.06479E+17,2017-09-09 11:27:06+00:00,dbbmonica,Fantasy Premier League Gameweek 24 Buy and Sell Analysis: Ayew and Dier in #fantasyfootball https://t.co/SGrH2O35ye,['fantasyfootball'],0,0,0,"<a href=""https://dlvrit.com/"" rel=""nofollow"">dlvr.it</a>",Maryland,False,17509,21757
9.06496E+17,2017-09-09 12:33:09+00:00,amandsst,Premier League fantasy football tips: Who to pick and who to avoid in gameweek 33 #FantasyPremierLeague https://t.co/ZIzVKN4BPf,['FantasyPremierLeague'],0,0,0,"<a href=""https://www.google.com/"" rel=""nofollow"">Google</a>",Utah,False,21997,21630
9.06499E+17,2017-09-09 12:45:22+00:00,BabuBiko,A moment of silence for every Fantasy Premier League player who captained Sadio Mané,,0,1,0,"<a href=""http://twitter.com/download/android"" rel=""nofollow"">Twitter for Android</a>",Where GOD takes me,False,2268,1168
9.06505E+17,2017-09-09 13:08:11+00:00,Pr_ana_V,I swear if i see another tweet whining about ur fantasy premier league side u're getting removed. 😎,,0,1,0,"<a href=""http://twitter.com/download/android"" rel=""nofollow"">Twitter for Android</a>","Dubai, United Arab Emirates",False,1049,998
9.06656E+17,2017-09-09 23:08:15+00:00,amandsst,"Premier League fantasy football tips: Who to pick, captain and avoid in #FantasyFootball #fantasyfootball… https://t.co/F97CKnLWJr","['FantasyFootball', 'fantasyfootball']",0,0,0,"<a href=""https://www.google.com/"" rel=""nofollow"">Google</a>",Utah,False,21997,21630
9.06657E+17,2017-09-09 23:14:58+00:00,amandsst,REVEALED: The greatest Premier League fantasy football team of all-time #fantasyfootball https://t.co/z7VEUsXucT #fantasyfootball,"['fantasyfootball', 'fantasyfootball']",0,0,0,"<a href=""https://www.google.com/"" rel=""nofollow"">Google</a>",Utah,False,21997,21630
9.06923E+17,2017-09-10 16:51:56+00:00,Chris_Oreos,A dream fantasy Premier League performance from Jamaal Lascelles.,,0,0,0,"<a href=""http://twitter.com/download/iphone"" rel=""nofollow"">Twitter for iPhone</a>",England,False,131,1005
9.06967E+17,2017-09-10 19:46:48+00:00,Ja_Re_Re,Good start.. Consistent..  #FPL #GGMU #COYS — bermain FANTASY PREMIER LEAGUE,"['FPL', 'GGMU', 'COYS']",0,0,0,"<a href=""http://www.facebook.com/twitter"" rel=""nofollow"">Facebook</a>",Indonesia,False,1435,1581
9.07012E+17,2017-09-10 22:44:16+00:00,vgcoleman22,"Fantasy Premier League, Official Fantasy Football Game of the Premier League https://t.co/TTGejoBvkN",,0,0,0,"<a href=""http://www.facebook.com/twitter"" rel=""nofollow"">Facebook</a>","Accra, Ghana",False,281,261
9.0729E+17,2017-09-11 17:07:50+00:00,neokotelo,Join BATTLE IT OUT - my Fantasy Premier League private league. https://t.co/pC3Pm1mLo2,,0,0,0,"<a href=""http://twitter.com"" rel=""nofollow"">Twitter Web Client</a>",Sasolburg ,False,779,2600
9.07408E+17,2017-09-12 01:00:04+00:00,gamingg_,#Sportito Fantasy Premier League GW4 - Weekend Review. Read Blog: https://t.co/xsltooNGh5,['Sportito'],0,0,0,"<a href=""https://www.owler.com"" rel=""nofollow""> Gaming</a>","San Mateo, CA",False,44,3
9.07541E+17,2017-09-12 09:46:36+00:00,john_siracusa,"⚡️ “Ben Davies is a Fantasy Premier League points machine”

https://t.co/xJNiPPLKyT",,0,0,0,"<a href=""http://twitter.com"" rel=""nofollow"">Twitter Web Client</a>","Staten Island, NY",False,17098,11659
9.07959E+17,2017-09-13 13:26:12+00:00,SpreadexSport,"Jumping The Gun: 27,640 Fantasy Premier League managers replaced Sadio Mane with Paul Pogba before his injury...#FPL https://t.co/SxbRSu9rLl",['FPL'],0,0,0,"<a href=""http://twitter.com"" rel=""nofollow"">Twitter Web Client</a>",United Kingdom,False,8924,1017
9.08235E+17,2017-09-14 07:44:56+00:00,RunRideDive,Do you agree with our Fantasy Football predictions for Premier League #Head2Head https://t.co/2FEhaHLTdR https://t.co/L2WucLdEU8,['Head2Head'],0,1,0,"<a href=""http://publicize.wp.com/"" rel=""nofollow"">Jetpack.com</a>",South Africa,False,10073,4796
9.08258E+17,2017-09-14 09:16:32+00:00,PremierLeaque,[TalkSport] Fantasy Premier League tips: Transfers you should make for gameweek five https://t.co/04SzztrwKB,,0,0,0,"<a href=""https://ifttt.com"" rel=""nofollow"">IFTTT</a>",,False,1699,0
9.08259E+17,2017-09-14 09:19:16+00:00,TheUkBulletin,Fantasy Premier League tips: Transfers you should make for gameweek five https://t.co/VbkqwzFNI9,,0,0,0,"<a href=""http://publicize.wp.com/"" rel=""nofollow"">Jetpack.com</a>","London, England",False,1185,1222
9.08277E+17,2017-09-14 10:29:39+00:00,Kayricouk,Join Too Much Class League - my Fantasy Premier League private league. https://t.co/ZrZV0O15Iq,,0,1,0,"<a href=""http://twitter.com"" rel=""nofollow"">Twitter Web Client</a>","Manchester, England",False,1751,163
9.08444E+17,2017-09-14 21:35:31+00:00,DybalaOnTarget,I liked a @YouTube video https://t.co/k5sCR8yWh3 LUKAKU OUT?!| Let's Talk Fantasy Premier League 2017/18 | #50,,0,0,0,"<a href=""https://www.google.com/"" rel=""nofollow"">Google</a>",,False,832,691
9.08507E+17,2017-09-15 01:45:36+00:00,JVanFM,ExamIE: The week in Fantasy Premier League: Is it really time to ditch Romelu Lukaku? https://t.co/2JIYTjT2PS,,0,0,0,"<a href=""https://ifttt.com"" rel=""nofollow"">IFTTT</a>",,False,29,7
9.08604E+17,2017-09-15 08:12:23+00:00,M_Newsinfo,"Fantasy Premier League Tips: Harry Kane on everyone’s lips for GW5

With the International break over and ...
 https://t.co/XmMRdAbKsM https://t.co/Fzx3eiwghn",,0,0,0,"<a href=""https://www.m-news.info/"" rel=""nofollow"">m-news.info</a>",,False,45,1
9.08624E+17,2017-09-15 09:31:18+00:00,empire_mu,"Fantasy Premier LEague Managers , Watch This Video :D &gt;&gt;  https://t.co/qUOVWRV3hu https://t.co/dYjsILTrCU",,0,0,0,"<a href=""http://www.facebook.com/twitter"" rel=""nofollow"">Facebook</a>",,False,68394,13888
9.08663E+17,2017-09-15 12:07:06+00:00,dehpvn,Những dự đoán vàng cho vòng 5 Fantasy Premier League https://t.co/rK1OzeEaQh,,0,0,0,"<a href=""https://ifttt.com"" rel=""nofollow"">IFTTT</a>",,False,8,25
9.08698E+17,2017-09-15 14:24:00+00:00,breakingnewsie,The week in Fantasy Premier League: Is it really time to ditch Romelu Lukaku? https://t.co/tqczlwLJaC https://t.co/T4ekSCpxoz,,0,0,0,"<a href=""https://ifttt.com"" rel=""nofollow"">IFTTT</a>",Ireland,True,92859,754
9.08705E+17,2017-09-15 14:52:53+00:00,SportitoDFS,Five 'Must have' Players for Fantasy Premier League Gameweek 5 #FPL #Sportito #FantasyFootball #PremierLeague https://t.co/Dv3mspsCtK,"['FPL', 'Sportito', 'FantasyFootball', 'PremierLeague']",0,0,0,"<a href=""http://twitter.com"" rel=""nofollow"">Twitter Web Client</a>",United Kingdom,False,1409,935
9.08998E+17,2017-09-16 10:15:47+00:00,Zaywayne10,"Retweeted Fantasy iTeam (@fantasyiteam):

Who do you think will win the early Premier League kick off today?",,0,0,0,"<a href=""http://www.facebook.com/twitter"" rel=""nofollow"">Facebook</a>","Indonesia,Accheness #World",False,781,1300
9.09159E+17,2017-09-16 20:55:41+00:00,PaulEllis727,Fantasy Premier League manager profits big time from Sergio Aguero's Man City hat-trick https://t.co/HBHKMe4ZNv,,0,0,0,"<a href=""https://dlvrit.com/"" rel=""nofollow"">dlvr.it</a>",London,False,22,9
9.09842E+17,2017-09-18 18:09:29+00:00,KCrispee,FANTASY PREMIER LEAGUE | GAME WEEK 5 ⚽: https://t.co/iLQBerF7tz via @YouTube,,0,0,0,"<a href=""https://www.google.com/"" rel=""nofollow"">Google</a>",Noitacol,False,207,269
9.10008E+17,2017-09-19 05:11:33+00:00,CFCrss,EXPRESS Fantasy Premier League tips: Top in-form Fantasy Football stars ahead of Gameweek 6 https://t.co/705NVF1WxZ,,0,3,0,"<a href=""https://ifttt.com"" rel=""nofollow"">IFTTT</a>","51.481709,-0.190973",False,77819,65
9.10479E+17,2017-09-20 12:21:02+00:00,cricketgeekhere,"Fantasy Cricket Tips for BP vs HT SF-1 (Karnataka Premier League) https://t.co/W3uRXHSAHz via @cricketgeekhere

#Dream11",['Dream11'],0,9,2,"<a href=""http://twitter.com/download/android"" rel=""nofollow"">Twitter for Android</a>","Jaipur, India",False,18453,1
9.10534E+17,2017-09-20 16:00:55+00:00,HandRShow,Fantasy Premier League tips: Transfers you should make for gameweek six https://t.co/YVcWbQwVtm,,0,0,0,"<a href=""http://www.hootsuite.com"" rel=""nofollow"">Hootsuite</a>",Wirral ,False,68,89
9.10815E+17,2017-09-21 10:37:48+00:00,mr_beurself,@olywal Olawale please how do I register for sport cafe premier league fantasy?,,0,0,0,"<a href=""http://twitter.com/download/android"" rel=""nofollow"">Twitter for Android</a>","Lagos, Nigeria",False,268,2963
9.10864E+17,2017-09-21 13:51:26+00:00,WookBox,Fantasy Premier League tips: 10 players you should consider as captain for gameweek six https://t.co/OHPDR5hhC1,,0,0,0,"<a href=""http://publicize.wp.com/"" rel=""nofollow"">Jetpack.com</a>",,False,21,80
9.111E+17,2017-09-22 05:30:32+00:00,EPLSL,EPLSL Fantasy Premier League Gameweek 5. Congrats to Hammaad Hisham who tops the table.  If you want to join use the code 603937-143038 https://t.co/qHPLeXRF9Q,,1,0,0,"<a href=""https://buffer.com"" rel=""nofollow"">Buffer</a>",Sri Lanka,False,836,33
9.11127E+17,2017-09-22 07:15:42+00:00,detikcom,Para Pemain yang Bisa Jadi Kapten Fantasy Premier League Pekan Ini https://t.co/vQt5rYkHk9 https://t.co/Vpuns9DIUN,,3,8,0,"<a href=""http://www.detik.com/"" rel=""nofollow"">detikcommunity</a>","Jakarta, Indonesia",True,20149412,36
9.11127E+17,2017-09-22 07:17:36+00:00,kebenaran_21,Para Pemain yang Bisa Dipilih Jadi Kapten Fantasy Premier League https://t.co/1k4gbmnzQQ,,0,0,0,"<a href=""https://www.google.com/"" rel=""nofollow"">Google</a>",,False,156,55
9.11293E+17,2017-09-22 18:15:03+00:00,alexander0GR,"If u play the Official Fantasy Premier League game then please join our Premier League Our Premier League Code is 1284182-308105
#FPL #PL https://t.co/dEWm33HCvN","['FPL', 'PL']",1,0,0,"<a href=""https://social.zoho.com"" rel=""nofollow"">Zoho Social</a>",,False,1,2
9.1152E+17,2017-09-23 09:17:30+00:00,maaverix,@Jhiggins3 @VictoriaMcAvoy1 Thanks. It seems he still seems injured on fantasy premier league,,0,0,1,"<a href=""http://twitter.com/download/android"" rel=""nofollow"">Twitter for Android</a>",,False,274,886
9.12343E+17,2017-09-25 15:46:33+00:00,josu_jm,"Substitui o Phil Jagielka ❌, Wayne Rooney , Pogba ❌ , pelo Richarlison &amp; Firmino &amp; Aké ... 
Premier League Fantasy.. 😏",,0,0,0,"<a href=""http://twitter.com"" rel=""nofollow"">Twitter Web Client</a>","Belo Horizonte, Brasil",False,1240,1491
9.12433E+17,2017-09-25 21:46:41+00:00,zagraniecom,"Klasycznie, jak co tydzień czas na podsumowanie weekendowych występów pod kątem Fantasy Premier League. #FPL

https://t.co/b36C4sCyAC",['FPL'],0,0,0,"<a href=""http://twitter.com"" rel=""nofollow"">Twitter Web Client</a>",Polska,False,2070,260
9.12439E+17,2017-09-25 22:10:24+00:00,DybalaOnTarget,I liked a @YouTube video https://t.co/9TkzNv5svb IS MORATA MUST HAVE? | Let's Talk Fantasy Premier League 2017/18 | #53,,0,0,0,"<a href=""https://www.google.com/"" rel=""nofollow"">Google</a>",,False,832,691
9.12512E+17,2017-09-26 02:59:21+00:00,BlueBlaze_13,Gameweek 6 - Team Result - 83 POINTS! - Fantasy Premier League 2017/18 - بالعربى https://t.co/GXQ0WXJxUj,,0,0,0,"<a href=""https://www.google.com/"" rel=""nofollow"">Google</a>",,False,116,22
9.12618E+17,2017-09-26 10:00:04+00:00,fplcloud,fantasy premier league GW7 tips – analysing the teams of 10 top FPL managers https://t.co/eEboDJpyT6 #FPL,['FPL'],0,0,0,"<a href=""http://www.fantasyfootballcloud.com/"" rel=""nofollow"">FFCloud</a>","Kendal, England",False,1649,135
9.12908E+17,2017-09-27 05:14:31+00:00,cfcgate_rss,EXPRESS Fantasy Premier League tips: Bargain price falls ahead of Fantasy Football Gameweek 7 https://t.co/5418MVOKPd,,0,0,0,"<a href=""https://ifttt.com"" rel=""nofollow"">IFTTT</a>","London, England",False,693,131
9.12933E+17,2017-09-27 06:53:53+00:00,Eng___Football,Fantasy Premier League tips: Bargain price falls ahead of Fantasy #Football G... https://t.co/bkGJrAXawV via @Eng___Football #News #England,"['Football', 'News', 'England']",0,0,0,"<a href=""http://twibble.io"" rel=""nofollow"">Twibble.io</a>","London, England",False,621,4399
9.13356E+17,2017-09-28 10:53:34+00:00,Amin55ali33,Join دوري النجوم - my Fantasy Premier League private league. https://t.co/9fj2Q0edOc,,0,1,0,"<a href=""http://twitter.com/download/android"" rel=""nofollow"">Twitter for Android</a>",ود مدني,False,1,42
9.134E+17,2017-09-28 13:48:34+00:00,LFCinfinite,#LFC Talksport https://t.co/rgJvbLSWV9 Fantasy Premier League tips: Transfers you should make for gameweek seven,['LFC'],0,0,0,"<a href=""https://ifttt.com"" rel=""nofollow"">IFTTT</a>",,False,12736,8707
9.13447E+17,2017-09-28 16:54:18+00:00,ILoveUShopping,Best fantasy football defenders in the Premier League 2017-18 season | Soccer https://t.co/dmC2HLwuyt https://t.co/3K9qLkGAL8,,0,0,0,"<a href=""http://publicize.wp.com/"" rel=""nofollow"">Jetpack.com</a>",United States,False,185,82
9.13448E+17,2017-09-28 16:58:14+00:00,sn_footballclub,Best fantasy football defenders in the Premier League 2017-18 season https://t.co/BoT9AlNx2f https://t.co/BdYaX3JGvz,,0,2,0,"<a href=""https://dlvrit.com/"" rel=""nofollow"">dlvr.it</a>",,True,3135,58
9.13505E+17,2017-09-28 20:44:07+00:00,RotoWireSoccer,DraftKings Fantasy Soccer: Saturday Premier League Breakdown https://t.co/7zDZ3AHBjU,,1,0,0,"<a href=""https://about.twitter.com/products/tweetdeck"" rel=""nofollow"">TweetDeck</a>",,False,3790,437
9.13652E+17,2017-09-29 06:31:22+00:00,AnfieldIndex,Fantasy Premier League Insight: GW7 - Strikers Paradise -  https://t.co/vNbhdwD55M - By @GumGumPistol https://t.co/DkcnB6sGZe,,1,1,0,"<a href=""http://itunes.apple.com/us/app/twitter/id409789998?mt=12"" rel=""nofollow"">Twitter for Mac</a>",Liverpool,True,128066,1191
9.13949E+17,2017-09-30 02:11:48+00:00,PremierLeaque,"[Goal] Fantasy Football: Sergio Aguero, N'Golo Kante and more Premier League players owned by too many managers https://t.co/V3orlgG8HW",,0,0,0,"<a href=""https://ifttt.com"" rel=""nofollow"">IFTTT</a>",,False,1699,0
9.14625E+17,2017-10-01 22:55:11+00:00,eder_sirius,Join Bando de Bando - my Fantasy Premier League private league. https://t.co/yjAobdq081,,0,0,0,"<a href=""http://twitter.com"" rel=""nofollow"">Twitter Web Client</a>",,False,54,256
9.14785E+17,2017-10-02 09:30:07+00:00,goalz24_news,Fantasy Football Five Premier League players you need https://t.co/647ioos2jj #Rumours #Mercato #Transfer https://t.co/bpeCVckz3j,"['Rumours', 'Mercato', 'Transfer']",0,0,0,"<a href=""http://goalz24.com"" rel=""nofollow"">goalz24</a>","Munich, Bavaria",False,854,3496
9.15556E+17,2017-10-04 12:36:10+00:00,SirTomFinneyWay,Fantasy Premier League tips – Six replacements for the injured Sergio Aguero and Alvaro Morata https://t.co/mPXqsjOrXg,,0,0,0,"<a href=""https://www.socialoomph.com"" rel=""nofollow"">SocialOomph</a>","Preston, England",False,564,475
9.1617E+17,2017-10-06 05:15:44+00:00,CFCrss,EXPRESS Fantasy Premier League tips: Captain options for GW8 – Liverpool ace or Burnley wildcard? https://t.co/sxvYYPmOKD,,0,2,0,"<a href=""https://ifttt.com"" rel=""nofollow"">IFTTT</a>","51.481709,-0.190973",False,77819,65
9.16308E+17,2017-10-06 14:22:05+00:00,Twelfthmantimes,Fantasy Premier League – Budget Midfielders – Statistical Analysis https://t.co/2KHQhwBci4 https://t.co/SO3RK54jHP,,1,3,0,"<a href=""https://dlvrit.com/"" rel=""nofollow"">dlvr.it</a>","New Delhi, India",False,778,4181
9.17056E+17,2017-10-08 15:54:45+00:00,ibad48121259,"Fantasy Premier League: Which club&amp;#8217;s fans are best at Fantasy Football so far this season?
https://t.co/AGIRRT0hk9",,0,0,0,"<a href=""https://ai-newz.com"" rel=""nofollow"">freenews4u4ever</a>",Uganda,False,16,72
9.17257E+17,2017-10-09 05:14:59+00:00,Eng___Football,Fantasy Premier League tips: Top Fantasy #Football transfers to make in... https://t.co/dIqXpQlaAg via @Eng___Football #premierleague #FIFA https://t.co/gVPGF4zSG4,"['Football', 'premierleague', 'FIFA']",0,0,0,"<a href=""http://twibble.io"" rel=""nofollow"">Twibble.io</a>","London, England",False,621,4399
9.17775E+17,2017-10-10 15:33:07+00:00,mmm_chaudhary,Fantasy Premier League tips: Sadio Mane injured – seven best Fantasy Football replacements https://t.co/tV9Y0dSCBG https://t.co/wqtQhrSfA6,,0,0,0,"<a href=""http://publicize.wp.com/"" rel=""nofollow"">Jetpack.com</a>",,False,243,1315
9.17777E+17,2017-10-10 15:39:56+00:00,LFCinfinite,#LFC Express https://t.co/IFprZuwrEH Fantasy Premier League tips: Sadio Mane injured – seven best Fantasy Football replacements,['LFC'],0,0,0,"<a href=""https://ifttt.com"" rel=""nofollow"">IFTTT</a>",,False,12736,8707
9.17816E+17,2017-10-10 18:16:18+00:00,Premiercaracc,CFC Luxury Limited Edition Collection. On sale now. Fantasy Premier League tips: The transfers you should make ... https://t.co/ptnuiazVDt,,0,0,0,"<a href=""http://www.hootsuite.com"" rel=""nofollow"">Hootsuite</a>",United Kingdom,False,2987,4353
9.17915E+17,2017-10-11 00:48:11+00:00,Premiercaracc,Chelsea car accessories from https://t.co/EMVBW3dhC0. Fantasy Premier League tips: The transfers you should mak... https://t.co/zkfzQUkZH1,,0,0,0,"<a href=""http://www.hootsuite.com"" rel=""nofollow"">Hootsuite</a>",United Kingdom,False,2987,4353
9.18093E+17,2017-10-11 12:35:13+00:00,SirTomFinneyWay,Fantasy Premier League tips – Seven replacements for the injured Sadio Mane https://t.co/SlPN26IZRe,,0,0,0,"<a href=""https://www.socialoomph.com"" rel=""nofollow"">SocialOomph</a>","Preston, England",False,564,475
9.18347E+17,2017-10-12 05:27:46+00:00,PakistanNewsCA,Fantasy Premier League tips: Biggest transfer ins and outs for FPL Gameweek 8 https://t.co/HoT5rm04BN https://t.co/V5NwKeRg4N,,0,0,0,"<a href=""http://publicize.wp.com/"" rel=""nofollow"">Jetpack.com</a>","Toronto, Ontario",False,1146,94
9.18418E+17,2017-10-12 10:06:20+00:00,mmm_chaudhary,Fantasy Premier League tips: Best value Fantasy Football XI ahead of FPL GW8 https://t.co/BfsKlN0I2w https://t.co/oe23j3ce7h,,0,0,0,"<a href=""http://publicize.wp.com/"" rel=""nofollow"">Jetpack.com</a>",,False,243,1315
9.18469E+17,2017-10-12 13:32:13+00:00,velimtsweni,@betcoza Salah and lukaku seem like they will both score @betcoza why don't you start a fantasy league for premier South African. Like a mini league,,0,0,0,"<a href=""http://twitter.com/download/android"" rel=""nofollow"">Twitter for Android</a>","Secunda, South Africa",False,3386,3396
9.18582E+17,2017-10-12 21:01:21+00:00,HoopVideos_NET,"Fantasy Soccer: Premier League Gameweek 8 Preview
Click link to view and comment
https://t.co/3FoKQB7QJ6 https://t.co/pt3NNj1vvo",,0,0,0,"<a href=""http://www.hoopvideos.net"" rel=""nofollow"">HVN Posts</a>",,False,498,4082
9.18753E+17,2017-10-13 08:18:13+00:00,TradeOverProfit,Premier League Fantasy Football: Who’s Hot and Who’s Not in Gameweek 8 https://t.co/5FIjaLoxps,,0,0,0,"<a href=""http://www.betsandstats.com"" rel=""nofollow"">BandSBlogToTwit</a>",UK,False,1084,901
9.19002E+17,2017-10-14 00:50:34+00:00,FPLUpdates_Tips,Premier League Fantasy Football: Who's Hot and Who's Not in Gameweek 8 &gt;&gt; https://t.co/eeHHuU8ANH https://t.co/g0umrP8HQo,,0,1,0,"<a href=""http://www.facebook.com/twitter"" rel=""nofollow"">Facebook</a>",,False,54246,13880
9.19106E+17,2017-10-14 07:40:31+00:00,PublicAccessPod,RT @nodangs: RT @uknewse: Fantasy Premier League Player Picks: Week 24 #FantasyFootball https://t.co/YuGEe7vKgT https://t.co/m4zPM9hVqm,['FantasyFootball'],0,0,0,"<a href=""https://ifttt.com"" rel=""nofollow"">IFTTT</a>",D(1) Florida,False,4630,4475
9.19109E+17,2017-10-14 07:54:25+00:00,FPLaddicts,Fantasy Premier League Preview - GW8 https://t.co/OcuwYHcrrT My tips and predictions ahead of the return of PL action tonight! #FPL,['FPL'],0,0,0,"<a href=""http://twitter.com"" rel=""nofollow"">Twitter Web Client</a>",Australia,False,10472,275
9.19133E+17,2017-10-14 09:28:01+00:00,AllOutFootball_,"Fantasy Premier League: The AOF View Gameweek 8!

5 players to make the difference for you today! #FPL

https://t.co/fkLUprPhuy",['FPL'],0,0,1,"<a href=""http://twitter.com"" rel=""nofollow"">Twitter Web Client</a>",United Kingdom,False,17601,723
9.19174E+17,2017-10-14 12:11:53+00:00,RushTheKop,United forgot to fill in their kit on the Fantasy Premier League site: https://t.co/eEFgkOhXDa,,0,3,0,"<a href=""https://about.twitter.com/products/tweetdeck"" rel=""nofollow"">TweetDeck</a>",Anfield Road,True,6956,875
9.19245E+17,2017-10-14 16:53:51+00:00,amandsst,FANTASY PREMIER LEAGUE: Double gameweek strategies and plans #1 #FantasyPremierLeague #FantasyPremierLeague https://t.co/CuW5lBCd7V,"['FantasyPremierLeague', 'FantasyPremierLeague']",0,0,0,"<a href=""https://www.google.com/"" rel=""nofollow"">Google</a>",Utah,False,21997,21630
9.19249E+17,2017-10-14 17:09:21+00:00,ju0dy,The Herald's top 3 tips for week 34 of Premier League Fantasy Football #FantasyPremierLeague #FantasyPremierLeague https://t.co/ljISxiVvQ8,"['FantasyPremierLeague', 'FantasyPremierLeague']",0,0,0,"<a href=""https://dlvrit.com/"" rel=""nofollow"">dlvr.it</a>",,False,9794,11250
9.19326E+17,2017-10-14 22:14:56+00:00,amandsst,The Herald's top 3 tips for week 34 of Premier League Fantasy Football #FantasyPremierLeague #FantasyPremierLeague https://t.co/1Dg0MbufdJ,"['FantasyPremierLeague', 'FantasyPremierLeague']",0,0,0,"<a href=""https://www.google.com/"" rel=""nofollow"">Google</a>",Utah,False,21997,21630
9.1936E+17,2017-10-15 00:29:27+00:00,amandsst,Fantasy Premier League differentials ahead of Gameweek 33 #FantasyPremierLeague https://t.co/Y5mywVFJY8 #fantasypremierleague,"['FantasyPremierLeague', 'fantasypremierleague']",0,0,0,"<a href=""https://www.google.com/"" rel=""nofollow"">Google</a>",Utah,False,21997,21630
9.19402E+17,2017-10-15 03:17:13+00:00,s1ntab,Fantasy Premier League Gameweek 34: Forecasting Bad Fixtures... https://t.co/uvvpJ47bqt #FantasyPremierLeague https://t.co/oIA9DEUTN1,['FantasyPremierLeague'],0,0,0,"<a href=""https://dlvrit.com/"" rel=""nofollow"">dlvr.it</a>",Utah,False,13191,14928
9.1942E+17,2017-10-15 04:28:30+00:00,amandsst,Barclays Premier League Fantasy Football tips as Leicester City look to edge closer to history… https://t.co/0cBxSLZ769,,0,0,0,"<a href=""https://www.google.com/"" rel=""nofollow"">Google</a>",Utah,False,21997,21630
9.19792E+17,2017-10-16 05:08:03+00:00,ManUtdAction,Fantasy Premier League tips: Top Fantasy Football transfers ahead of FPL GW9 #mufc,['mufc'],1,1,0,"<a href=""https://dlvrit.com/"" rel=""nofollow"">dlvr.it</a>",#mufc,False,35208,23619
9.20226E+17,2017-10-17 09:54:10+00:00,TheEspressoCat,@GustenDahlin Gusten vad tycks om mitt fantasy Premier League lag? Deeney ut - In med Vardy. Kolasinac på bänk för Gibbs. https://t.co/xJhMWmzdcT,,0,0,1,"<a href=""http://twitter.com"" rel=""nofollow"">Twitter Web Client</a>",Sweden,False,177,432
9.20393E+17,2017-10-17 20:56:41+00:00,louaialy,Ma3amaltahash fel premier league leeh w fashakteni fel fantasy?!! @… https://t.co/b6UPcppmYE,,0,0,0,"<a href=""http://instagram.com"" rel=""nofollow"">Instagram</a>","Dubai, UAE",False,230,569
9.20623E+17,2017-10-18 12:09:14+00:00,BestVideospk,Fantasy Football News-Premier League Top 25 Goals 2017 https://t.co/6O6Unc8Zc6 https://t.co/CM1E5Cnkwh,,0,0,0,"<a href=""https://dlvrit.com/"" rel=""nofollow"">dlvr.it</a>","Lahore, Pakistan",False,899,676
9.21001E+17,2017-10-19 13:11:03+00:00,mmm_chaudhary,Fantasy Premier League tips: Captain options for GW9 – Man City stars or Chelsea gamble? https://t.co/Ph385VtkcE https://t.co/u7tgkIQmDQ,,0,0,0,"<a href=""http://publicize.wp.com/"" rel=""nofollow"">Jetpack.com</a>",,False,243,1315
9.21257E+17,2017-10-20 06:09:10+00:00,dehpvn,Tham gia vòng 9 dự đoán game Fantasy Premier League https://t.co/wM1XMyr4Zi,,0,0,0,"<a href=""https://ifttt.com"" rel=""nofollow"">IFTTT</a>",,False,8,25
9.21276E+17,2017-10-20 07:25:08+00:00,SembadaFPL,Daily Fantasy Premier League Football Tips – Gameweek 9: Manchester City’s star picks look set to dominate… https://t.co/1GkYb05ATO #FPL https://t.co/YI0WSw1rJt,['FPL'],0,0,0,"<a href=""https://dlvrit.com/"" rel=""nofollow"">dlvr.it</a>","East Nusa Tenggara, Indonesia",False,4405,191
9.21291E+17,2017-10-20 08:23:04+00:00,90min_plus3,"Gameweek 9 FPL Preview – Fantasy Premier League Tips

STAR MAN: Alexis Sanchez (11.9m)

PREDICTION: Everton 1-3 Arsenal https://t.co/TsabzQMJ9b",,0,0,0,"<a href=""http://twitter.com"" rel=""nofollow"">Twitter Web Client</a>",,False,1611,1329
9.21383E+17,2017-10-20 14:30:03+00:00,BetssonInt,"⚽Bli med i Betssons Fantasy-liga og vinn premier hver måned!

Kjør Fantasy Premier League👉 https://t.co/2DpEh1rpwc

#2pl #nrksport #oddsprat https://t.co/8JP6l1JaWm","['2pl', 'nrksport', 'oddsprat']",0,0,0,"<a href=""https://about.twitter.com/products/tweetdeck"" rel=""nofollow"">TweetDeck</a>",Europe,False,3796,2520
9.21395E+17,2017-10-20 15:15:48+00:00,ArsenalNewsUK,Fantasy Premier League tips: Most bonus points so far this season https://t.co/jVYhNApw9m,,0,1,0,"<a href=""http://erased308360.com"" rel=""nofollow"">erased308360</a>",London,False,83995,8100
9.21408E+17,2017-10-20 16:09:39+00:00,Talented_Mr_Lee,Fantasy Premier League - Premier League https://t.co/v4IKnSYwiS #NowPlaying,['NowPlaying'],0,0,0,"<a href=""http://twitter.com"" rel=""nofollow"">Twitter Web Client</a>","Lusaka, Zambia",False,6732,1233
9.2146E+17,2017-10-20 19:34:38+00:00,cfss08,Esqueci q tinha jogo da Premier League hj e meu fantasy foi pra casa do... #puto,['puto'],0,0,0,"<a href=""http://twitter.com/download/android"" rel=""nofollow"">Twitter for Android</a>",Brasil,False,979,972
9.21732E+17,2017-10-21 13:37:38+00:00,YestoInsane,"@rogeriovaughan Contigo Rogério! Pro G33, Saneh e David Silva me fazerem feliz no fantasy da Premier League hahahah",,0,0,0,"<a href=""http://twitter.com/download/android"" rel=""nofollow"">Twitter for Android</a>",Rívia,False,156,278
9.21753E+17,2017-10-21 15:01:38+00:00,Hisyam_Mirallas,Lindelof emang defender terbaik dah. Tadi gua masukin ke Line Up Fantasy Premier League gua ya 😂. #Goodjoblindelof #weloveyou,"['Goodjoblindelof', 'weloveyou']",0,0,0,"<a href=""http://www.facebook.com/twitter"" rel=""nofollow"">Facebook</a>",Jakarta,False,239,122
9.21794E+17,2017-10-21 17:41:49+00:00,IamSibaZ,"*United lose*
Me: it's can't get any worse
*Checks Fantasy Premier league *
Me: https://t.co/b9zv5k5nqg",,1,1,0,"<a href=""http://twitter.com/download/android"" rel=""nofollow"">Twitter for Android</a>",South Africa,False,373,978
9.22178E+17,2017-10-22 19:10:13+00:00,LiltengSamuel,Join Super league  - my Fantasy Premier League private league. https://t.co/vthQShPWfT,,0,0,0,"<a href=""http://twitter.com/download/android"" rel=""nofollow"">Twitter for Android</a>",kumasi,False,177,635
9.22183E+17,2017-10-22 19:28:50+00:00,G_Skev,"@nealos6 @OfficialFPL @AUSFPL Rule of thumb:
Never follow my fantasy premier league tips. I know nothing.",,0,0,0,"<a href=""http://twitter.com/download/android"" rel=""nofollow"">Twitter for Android</a>",Durban,False,1334,1042
9.22372E+17,2017-10-23 08:00:03+00:00,fplcloud,FANTASY PREMIER LEAGUE GW9 REVIEW – PART 1 https://t.co/dg3id2mCWn #FPL,['FPL'],0,0,0,"<a href=""http://www.fantasyfootballcloud.com/"" rel=""nofollow"">FFCloud</a>","Kendal, England",False,1649,135
9.22707E+17,2017-10-24 06:12:49+00:00,TechJokers,Fantasy Premier League tips: In-form Fantasy Football stars ahead of Gameweek 10 | Football… https://t.co/KLnEDWUT5I https://t.co/zx9Nm75GBZ,,0,0,0,"<a href=""http://publicize.wp.com/"" rel=""nofollow"">Jetpack.com</a>",,False,13,5
9.2274E+17,2017-10-24 08:24:07+00:00,SportitoDFS,Fantasy Premier League - Gameweek 9 Review #FPL #FantasyFootball #PremierLeague #EPL #DFS #DFF #PL https://t.co/gSbdfvwHIR,"['FPL', 'FantasyFootball', 'PremierLeague', 'EPL', 'DFS', 'DFF', 'PL']",0,0,0,"<a href=""http://twitter.com"" rel=""nofollow"">Twitter Web Client</a>",United Kingdom,False,1409,935
9.22849E+17,2017-10-24 15:33:43+00:00,BainesOnToast22,"@OfficialFPL join my fantasy premier league draft.

starts 5pm today (23 minutes left.)
name= fpl draft",,0,0,0,"<a href=""http://twitter.com"" rel=""nofollow"">Twitter Web Client</a>",,False,4,65
9.22968E+17,2017-10-24 23:30:01+00:00,WhoScored,.@YahooFantasy_UK Fantasy Football: The Premier League's top performers from gameweek 9 - article by @BenMcAleer1 https://t.co/S2KFsnQf9T,,0,2,0,"<a href=""https://about.twitter.com/products/tweetdeck"" rel=""nofollow"">TweetDeck</a>",London,True,907590,188
9.23393E+17,2017-10-26 03:35:52+00:00,PodcastFCshow,"196: Premier League Fantasy Soccer Talk is up! If you’re struggling, then definitely check out this episode. https://t.co/mBtaKIxOMq",,0,0,0,"<a href=""https://www.libsyn.com/"" rel=""nofollow"">Libsyn On-Publish</a>","Boston, MA",False,99,366
9.23393E+17,2017-10-26 03:35:52+00:00,CLNSMedia,"196: Premier League Fantasy Soccer Talk is up! If you’re struggling, then definitely check out this episode. https://t.co/9X1LLg7RcO",,0,0,0,"<a href=""https://www.libsyn.com/"" rel=""nofollow"">Libsyn On-Publish</a>","Boston, MA",False,12092,399
9.23474E+17,2017-10-26 08:58:30+00:00,DheerajDhee13,I liked a @YouTube video https://t.co/0JaJ7HO2GT POINT PREDICTOR GAMEWEEK 10 | FANTASY PREMIER LEAGUE | FPL,,0,0,0,"<a href=""https://www.google.com/"" rel=""nofollow"">Google</a>","Frankfurt am Main, Germany",False,576,1592
9.2367E+17,2017-10-26 21:57:43+00:00,FCELiverpool,Fantasy Premier League Game Week 10: 3 Players You Should Sign Including This Burnley.. https://t.co/RrLwroIlKL (Source: The 4th Official),,0,0,0,"<a href=""http://www.fcexclusive.com/teams/liverpool/"" rel=""nofollow"">FCE Liverpool</a>",,False,16,46
9.23952E+17,2017-10-27 16:39:33+00:00,W0RLDSOCCERNEWS,Best fantasy football defenders in the Premier League 2017-18 season: With the new season… https://t.co/IJTmcCtddv,,0,0,0,"<a href=""https://www.google.com/"" rel=""nofollow"">Google</a>",,False,433,50
9.23988E+17,2017-10-27 19:00:01+00:00,talkSPORT,"Fantasy Premier League tips: The transfers you
should make in gameweek ten https://t.co/jbhLclYsWj   #FPL https://t.co/osvIIebZY7",['FPL'],2,5,0,"<a href=""https://about.twitter.com/products/tweetdeck"" rel=""nofollow"">TweetDeck</a>",United Kingdom,True,2189748,1971
9.24098E+17,2017-10-28 02:18:32+00:00,magbolacom,Fantasy Premier League Pekan ke-10: Siapa Pengganti Kane? https://t.co/rEZ7vbNCuB,,0,0,0,"<a href=""https://dlvrit.com/"" rel=""nofollow"">dlvr.it</a>",jakarta,False,1564,262
9.25054E+17,2017-10-30 17:37:41+00:00,FootballBurp,Fantasy Premier League tips Gameweek 11: Midfielders https://t.co/XE017GQiWu #FPL,['FPL'],0,1,0,"<a href=""http://footballburp.com/"" rel=""nofollow"">FootballBurp.com</a>",England,False,3249,1145
9.25141E+17,2017-10-30 23:23:17+00:00,FPLBoss1,GW10 REVIEW! | ANOTHER TOUGH WEEK! | Fantasy Premier League 2017/18: https://t.co/mTzjFeNDYW via @YouTube,,0,2,0,"<a href=""https://www.google.com/"" rel=""nofollow"">Google</a>",,False,491,213
9.25362E+17,2017-10-31 14:00:05+00:00,fplcloud,New from FFGeek: Fantasy premier league gameweek 11 – some early thoughts on the FFGeek team via https://t.co/ruXuDGtCen #FPL,['FPL'],0,0,0,"<a href=""http://www.fantasyfootballcloud.com/"" rel=""nofollow"">FFCloud</a>","Kendal, England",False,1649,135
9.25422E+17,2017-10-31 18:00:31+00:00,LetsTalk_FPL,JAMIE VARDY FINALLY SCORES | Gameweek 10 Review | Fantasy Premier League 2017/18: https://t.co/e6SexebC1y via @YouTube,,0,3,1,"<a href=""https://www.google.com/"" rel=""nofollow"">Google</a>",,True,252525,1595
9.2615E+17,2017-11-02 18:14:15+00:00,sportalaw,Fantasy Premier League: Players to add and drop from your squad https://t.co/c9DVVYFAep,,0,0,0,"<a href=""https://ifttt.com"" rel=""nofollow"">IFTTT</a>","New York, USA",False,7810,259
9.26397E+17,2017-11-03 10:35:05+00:00,thedextazlab,Best fantasy football defenders in the Premier League 2017-18 season https://t.co/MxXQoPe75Q,,0,0,0,"<a href=""https://bots.thedextazlab.com"" rel=""nofollow"">@thedextazlab</a>",Tanzania,False,2197,2546
9.26419E+17,2017-11-03 12:00:04+00:00,fplcloud,fantasy premier league – 5 things to check on in GW11 https://t.co/a4BDlC875f #FPL,['FPL'],0,0,0,"<a href=""http://www.fantasyfootballcloud.com/"" rel=""nofollow"">FFCloud</a>","Kendal, England",False,1649,135
9.2645E+17,2017-11-03 14:03:51+00:00,Trends_Zone,Fantasy Premier League: Players to add and drop from your squad #fantasy #premier #league #players #squad https://t.co/XLg0bKg4D1 https://t.co/LYyBXZqtLY,"['fantasy', 'premier', 'league', 'players', 'squad']",0,0,0,"<a href=""https://dlvrit.com/"" rel=""nofollow"">dlvr.it</a>",,False,216,11
9.26453E+17,2017-11-03 14:15:19+00:00,seigetsu,Premier League Fantasy Football: Who's Hot and Who's Not in Gameweek 11 https://t.co/QjhVDPxvzq,,0,0,0,"<a href=""https://ifttt.com"" rel=""nofollow"">IFTTT</a>",,False,2741,1950
9.26465E+17,2017-11-03 15:04:36+00:00,breakingnewsie,"The week in Fantasy Premier League: The Harry Kane debacle, Steady Eddies and Sané concerns https://t.co/2cxN471SQR https://t.co/EqfCgxMg85",,0,0,0,"<a href=""https://ifttt.com"" rel=""nofollow"">IFTTT</a>",Ireland,True,92859,754
9.2676E+17,2017-11-04 10:35:48+00:00,SportitoDFS,Must have Players for Fantasy Premier League Gameweek 11 #FPL #GW11 #PremierLeague #EPL #Fantasy #Football #DFS #DFF https://t.co/9f1hRLl5HU,"['FPL', 'GW11', 'PremierLeague', 'EPL', 'Fantasy', 'Football', 'DFS', 'DFF']",0,0,0,"<a href=""http://twitter.com"" rel=""nofollow"">Twitter Web Client</a>",United Kingdom,False,1409,935
9.26826E+17,2017-11-04 14:59:09+00:00,Naylor_Swift,Fantasy Premier League : Crouch Injured. *takes him out of team* Crouch Scores.,,0,0,0,"<a href=""http://twitter.com/download/iphone"" rel=""nofollow"">Twitter for iPhone</a>","Middlesbrough, England",False,364,969
9.27574E+17,2017-11-06 16:30:51+00:00,zagraniecom,"Klasycznie, jak co tydzień czas na podsumowanie weekendowych występów pod kątem Fantasy Premier League.
https://t.co/PydGVJfGR7",,0,0,0,"<a href=""http://twitter.com"" rel=""nofollow"">Twitter Web Client</a>",Polska,False,2070,260
9.27599E+17,2017-11-06 18:08:47+00:00,wantaem,Ke dira go menaganye mogo tsa Fantasy Premier League gale mphe competition @Kitso_Morekisi @LBH_kobe,,0,1,0,"<a href=""http://twitter.com/download/android"" rel=""nofollow"">Twitter for Android</a>",Gaborone ,False,6056,4136
9.28173E+17,2017-11-08 08:11:20+00:00,wcup20142,Fantasy Premier League tips: Bargain Fantasy #Footbal price falls ahead of FPL GW12 - #soccer #Fifa #football... https://t.co/mQhbXYR7Ws,"['Footbal', 'soccer', 'Fifa', 'football']",0,1,0,"<a href=""http://www.facebook.com/twitter"" rel=""nofollow"">Facebook</a>",,False,351,22
9.30313E+17,2017-11-14 05:53:08+00:00,CFCrss,EXPRESS Fantasy Premier League tips: In-form Fantasy Football stars before Gameweek 12 https://t.co/ZwbU9QJYXc,,0,2,0,"<a href=""https://ifttt.com"" rel=""nofollow"">IFTTT</a>","51.481709,-0.190973",False,77819,65
9.30313E+17,2017-11-14 05:55:26+00:00,mmm_chaudhary,Fantasy Premier League tips: In-form Fantasy Football stars before Gameweek 12 https://t.co/2JJrjMQgSP https://t.co/3m2yXf7twD,,0,0,0,"<a href=""http://publicize.wp.com/"" rel=""nofollow"">Jetpack.com</a>",,False,243,1315
9.3039E+17,2017-11-14 11:00:03+00:00,fplcloud,fantasy premier league defender player rankings GW12 https://t.co/IXJelOWCdc #FPL,['FPL'],0,0,0,"<a href=""http://www.fantasyfootballcloud.com/"" rel=""nofollow"">FFCloud</a>","Kendal, England",False,1649,135
9.30474E+17,2017-11-14 16:36:12+00:00,halftimewinner,Fantasy Premier League tips: The transfers you should make in gameweek 12 https://t.co/RcAdw6i9I4,,0,0,0,"<a href=""https://www.socialoomph.com"" rel=""nofollow"">SocialOomph</a>",United Kingdom,False,243,373
9.30475E+17,2017-11-14 16:39:11+00:00,ONTV_NIGERIA,Fantasy Premier League tips: The transfers you should make in gameweek 12  | https://t.co/z8bhyRWtvy,,0,0,0,"<a href=""https://www.google.com/"" rel=""nofollow"">Google</a>","Lagos, Nigeria",True,24048,74
9.30598E+17,2017-11-15 00:48:26+00:00,Premiercaracc,Chelsea car accessories from https://t.co/EMVBW3dhC0. Fantasy Premier League tips: The transfers you should mak... https://t.co/zmwILakFIl,,0,0,0,"<a href=""http://www.hootsuite.com"" rel=""nofollow"">Hootsuite</a>",United Kingdom,False,2987,4353
9.30721E+17,2017-11-15 08:54:23+00:00,SwansBlog,Fantasy Premier League tips: Who could replace doubtful Sergio Aguero in Fantasy Football? https://t.co/ZzKVXvxMhr #swans,['swans'],0,0,0,"<a href=""https://ifttt.com"" rel=""nofollow"">IFTTT</a>",Swansea,False,6528,1662
9.30733E+17,2017-11-15 09:41:35+00:00,talkSPORT,"#FPL

OUT: Phil Jones
IN: Alberto Moreno

Fantasy Premier League transfer tips https://t.co/WOCcHeTjCo #GW12 https://t.co/0qmemjcFK6","['FPL', 'GW12']",3,14,2,"<a href=""http://twitter.com"" rel=""nofollow"">Twitter Web Client</a>",United Kingdom,True,2189747,1971
9.30734E+17,2017-11-15 09:49:27+00:00,cfcgate_rss,EXPRESS Fantasy Premier League tips: Bargain Fantasy Football price falls in FPL GW12 https://t.co/woawH7DARr,,0,0,0,"<a href=""https://ifttt.com"" rel=""nofollow"">IFTTT</a>","London, England",False,693,131
9.3111E+17,2017-11-16 10:41:22+00:00,kim__Robin,Er det kl 12:00 fantasy premier league prodcasten starter?@olemsynnes,,0,0,0,"<a href=""http://twitter.com/download/iphone"" rel=""nofollow"">Twitter for iPhone</a>",,False,117,544
9.31126E+17,2017-11-16 11:44:18+00:00,seigetsu,"Fantasy Football: Son, Moreno and other Premier League players who start more than you think https://t.co/lq7EkMLI2e",,0,0,0,"<a href=""https://ifttt.com"" rel=""nofollow"">IFTTT</a>",,False,2741,1950
9.31217E+17,2017-11-16 17:48:18+00:00,mmm_chaudhary,Fantasy Premier League tips: Nine players you should consider as captain for gameweek twelve https://t.co/y09F9zENuI https://t.co/r2r5LE41ge,,0,0,0,"<a href=""http://publicize.wp.com/"" rel=""nofollow"">Jetpack.com</a>",,False,243,1315
9.31235E+17,2017-11-16 19:00:02+00:00,SportitoDFS,"Five must-have players for Fantasy Premier League #GW12 #FPL  

https://t.co/wWqBGw6ejo","['GW12', 'FPL']",0,0,0,"<a href=""https://about.twitter.com/products/tweetdeck"" rel=""nofollow"">TweetDeck</a>",United Kingdom,False,1409,935
9.31271E+17,2017-11-16 21:19:25+00:00,TheUkBulletin,Fantasy Premier League tips: Nine players you should consider as captain for gameweek twelve https://t.co/Duz7FrI6xk,,0,0,0,"<a href=""http://publicize.wp.com/"" rel=""nofollow"">Jetpack.com</a>","London, England",False,1185,1222
9.31405E+17,2017-11-17 06:12:00+00:00,imnurislam6,"@IndSuperLeague horrible fantasy league you prepared this time around. last year FL was better.please see fantasy premier league first, then try to make one...",,0,0,0,"<a href=""http://twitter.com/download/android"" rel=""nofollow"">Twitter for Android</a>",India,False,28,803
9.31434E+17,2017-11-17 08:07:33+00:00,FPL365,"Liverpool, Chelsea and Stoke for Gameweek 12: Gameweek 12 Preview: Fantasy Premier League #FPL Written by Niall Hawthorne @NiallHawthorne As this is my first preview piece for FantasyYIRMA (and a literal gauntlet being thrown at the feet of… https://t.co/w7LOcv2Evi #FPL","['FPL', 'FPL']",0,0,0,"<a href=""https://dlvrit.com/"" rel=""nofollow"">dlvr.it</a>","Not official, but better",False,610,0
9.31472E+17,2017-11-17 10:38:13+00:00,KuehnMichael,New on Sports Illustrated: Premier League Fantasy Football: Who's Hot and Who's Not in Gameweek 12 added to New from Sports illustrated on the 2M4W5K1 1️⃣ Trello board by M. W. Kuehn https://t.co/A9wFUTEbJN,,0,0,0,"<a href=""https://ifttt.com"" rel=""nofollow"">IFTTT</a>",Omnipresent 🏴‍☠️🇺🇸🌎,False,83,1174
9.31539E+17,2017-11-17 15:05:01+00:00,manunitedfcblog,"Fantasy Football Unplanned: Week 12 Preview | @cm9798 

The Premier League is back and so if Fantasy Football

https://t.co/mWoDaDfxcG https://t.co/yX7H1jpRk0",,0,0,0,"<a href=""https://buffer.com"" rel=""nofollow"">Buffer</a>","London, England",False,394,316
9.3178E+17,2017-11-18 07:05:08+00:00,fantalks_com,Fantasy Premier League is trending on Google. Read the latest here: https://t.co/nuhnMh3bSo https://t.co/KBraW3ovd1,,0,0,0,"<a href=""https://dlvrit.com/"" rel=""nofollow"">dlvr.it</a>","London, England",False,93,2
9.31839E+17,2017-11-18 11:00:03+00:00,fplcloud,New from FFGeek: fantasy premier league team tips – FFGeek contributors show their teams part 2 via https://t.co/ruXuDGtCen #FPL,['FPL'],0,1,0,"<a href=""http://www.fantasyfootballcloud.com/"" rel=""nofollow"">FFCloud</a>","Kendal, England",False,1649,135
9.31858E+17,2017-11-18 12:14:15+00:00,amandsst,Premier League fantasy football tips: Who to pick and who to avoid in gameweek 24 #fantasyfootball… https://t.co/p3REanbr3a,['fantasyfootball'],0,0,0,"<a href=""https://www.google.com/"" rel=""nofollow"">Google</a>",Utah,False,21997,21630
9.31867E+17,2017-11-18 12:49:05+00:00,dbbmonica,Sunday cover: It's Leicester City's fantasy Premier League #FantasyPremierLeague #Fantasyfootball #Fantasyfootball https://t.co/70pWIolASf,"['FantasyPremierLeague', 'Fantasyfootball', 'Fantasyfootball']",0,0,0,"<a href=""https://dlvrit.com/"" rel=""nofollow"">dlvr.it</a>",Maryland,False,17509,21757
9.31947E+17,2017-11-18 18:09:16+00:00,ju0dy,Fantasy Premier League Gameweek 34: Forecasting Good Fixtures #FantasyPremierLeague https://t.co/kbRNcKxOjU https://t.co/40pe4RhVN9,['FantasyPremierLeague'],0,0,0,"<a href=""https://dlvrit.com/"" rel=""nofollow"">dlvr.it</a>",,False,9794,11250
9.32013E+17,2017-11-18 22:28:12+00:00,ju0dy,"Premier League fantasy football tips: Who to pick, captain and avoid in #FantasyPremierLeague #FantasyPremierLeague https://t.co/leUeRKfEI6 https://t.co/7pMVcQnSvI","['FantasyPremierLeague', 'FantasyPremierLeague']",0,0,0,"<a href=""https://dlvrit.com/"" rel=""nofollow"">dlvr.it</a>",,False,9794,11250
9.32015E+17,2017-11-18 22:38:14+00:00,amandsst,"Premier League Fantasy Football: Why Harry Kane, Fraser Forster and Sergio #FantasyPremierLeague… https://t.co/AiTsMytsIJ",['FantasyPremierLeague'],0,0,0,"<a href=""https://www.google.com/"" rel=""nofollow"">Google</a>",Utah,False,21997,21630
9.3203E+17,2017-11-18 23:37:50+00:00,amandsst,Fantasy Premier League differentials ahead of Gameweek 28 ##FantasyPremierLeague https://t.co/5uMVsMTqIk,['FantasyPremierLeague'],0,0,0,"<a href=""https://www.google.com/"" rel=""nofollow"">Google</a>",Utah,False,21997,21630
9.32043E+17,2017-11-19 00:28:06+00:00,dbbmonica,Fantasy Premier League Review: Andy Carroll brings in the big points #FantasyPremierLeague #FantasyPremierLeague https://t.co/GWFPnpLzqE,"['FantasyPremierLeague', 'FantasyPremierLeague']",0,0,0,"<a href=""https://dlvrit.com/"" rel=""nofollow"">dlvr.it</a>",Maryland,False,17509,21757
9.3211E+17,2017-11-19 04:53:25+00:00,amandsst,Fantasy Premier League Gameweek 34: Forecasting Good Fixtures #FantasyPremierLeague https://t.co/d1vXp7OrWg #fantasypremierleague,"['FantasyPremierLeague', 'fantasypremierleague']",0,0,0,"<a href=""https://www.google.com/"" rel=""nofollow"">Google</a>",Utah,False,21997,21630
9.32154E+17,2017-11-19 07:50:00+00:00,amandsst,Fantasy Premier League: Who To Pick (Week 28) #FantasyPremierLeague #FantasyPremierLeague https://t.co/kNmbljRC3P #fantasypremierleague,"['FantasyPremierLeague', 'FantasyPremierLeague', 'fantasypremierleague']",0,0,0,"<a href=""https://www.google.com/"" rel=""nofollow"">Google</a>",Utah,False,21997,21630
9.3248E+17,2017-11-20 05:23:47+00:00,blackwolf2112,I liked a @YouTube video https://t.co/Vh1YyBwOV0 CAPTAIN KANE BLANKS AGAIN! FANTASY PREMIER LEAGUE 2017/18 GAMEWEEK 12 REVIEW! FPL,,0,0,0,"<a href=""https://www.google.com/"" rel=""nofollow"">Google</a>",,False,174,184
9.32494E+17,2017-11-20 06:22:17+00:00,TottenhamNews,Fantasy Premier League tips: Fantasy Football transfers to make in FPL GW13 https://t.co/TrSCfLwsbI,,0,0,0,"<a href=""http://www.tottenhamnews.net/"" rel=""nofollow"">Spurs News RSS</a>",Tottenham,False,66816,8418
9.32947E+17,2017-11-21 12:21:46+00:00,gurgler_the,Fantasy United FPL Podcast 5 – Fantasy Premier League Season 17/18 Gameweek 13 https://t.co/AQ7f79973z https://t.co/t7mPiycb11,,0,0,0,"<a href=""http://publicize.wp.com/"" rel=""nofollow"">Jetpack.com</a>",Earth,False,176,741
9.32987E+17,2017-11-21 15:01:25+00:00,PremSoccerChat,Great look at the upcoming fantasy Premier League fixtures. #FPL #EPL https://t.co/CvImdokbnO,"['FPL', 'EPL']",0,1,0,"<a href=""http://twitter.com/download/android"" rel=""nofollow"">Twitter for Android</a>",United States,False,143,109
9.33953E+17,2017-11-24 07:00:03+00:00,fplcloud,New from FFGeek: fantasy premier league GW13 player picks by Rob Reid (the FPL Vet) via https://t.co/ruXuDGtCen #FPL,['FPL'],0,0,0,"<a href=""http://www.fantasyfootballcloud.com/"" rel=""nofollow"">FFCloud</a>","Kendal, England",False,1649,135
9.33972E+17,2017-11-24 08:14:24+00:00,TottenhamNews,Fantasy Premier League tips: Last-minute Fantasy Football transfers ahead of FPL GW13 https://t.co/c0MsEGBNFc,,0,0,0,"<a href=""http://www.tottenhamnews.net/"" rel=""nofollow"">Spurs News RSS</a>",Tottenham,False,66816,8418
9.34812E+17,2017-11-26 15:52:22+00:00,shutupdrogba,It's actually embarrassing how many times I forget to set my premier league fantasy team,,0,0,0,"<a href=""http://twitter.com/download/android"" rel=""nofollow"">Twitter for Android</a>",,False,61,593
9.34852E+17,2017-11-26 18:29:19+00:00,CFCrss,"EXPRESS Fantasy Premier League tips: Best Fantasy Football transfers to make in FPL GW14 
FANTASY PREMIER LEAGUE managers will need to work fast if they're going to overhaul their squads before the next deadline. https://t.co/EkD8tkM7hv",,0,0,0,"<a href=""https://ifttt.com"" rel=""nofollow"">IFTTT</a>","51.481709,-0.190973",False,77819,65
9.35044E+17,2017-11-27 07:15:37+00:00,Teeny_707,Who would be down to get a FAT Fantasy Premier League going? #FPL #Fantasy #PremierLeague,"['FPL', 'Fantasy', 'PremierLeague']",2,0,0,"<a href=""http://twitter.com/download/android"" rel=""nofollow"">Twitter for Android</a>",,False,65,298
9.35136E+17,2017-11-27 13:19:04+00:00,manunitedarena,Fantasy Premier League tips: The transfers you should make in gameweek 14 https://t.co/CmNnswc60C,,0,0,0,"<a href=""https://dlvrit.com/"" rel=""nofollow"">dlvr.it</a>",,False,20,17
9.35284E+17,2017-11-27 23:08:14+00:00,SoccerWho,"Fantasy Premier League GW14: 3 Players You Should Sign Including Brighton And Hove Albion Midfielder
Click Here ... https://t.co/dp9ZRs1L5h",,0,0,0,"<a href=""http://www.soccerwho.com"" rel=""nofollow"">SoccerWho.com</a>",London,False,112,10
9.35336E+17,2017-11-28 02:35:12+00:00,RotoWireSoccer,DraftKings Fantasy Soccer: Tuesday Premier League Breakdown - https://t.co/5mUeLQzSUz,,2,2,0,"<a href=""http://www.rotowire.com/soccer"" rel=""nofollow"">Breaking News Soccer</a>",,False,3790,437
9.35709E+17,2017-11-29 03:18:19+00:00,DickMackintosh,"Fantasy Premier League, a playlist by Premier League on Spotify https://t.co/sNDHUJVe0R #fpl",['fpl'],0,0,0,"<a href=""https://paper.li"" rel=""nofollow"">Paper.li</a>",LONDON ~ 2023AD (UK of GB),False,44538,43108
9.35797E+17,2017-11-29 09:06:50+00:00,MoManeMino,Fantasy Premier League Team Value - 104.2 @OfficialFPL #FPL 😎🤠,['FPL'],0,0,0,"<a href=""http://twitter.com"" rel=""nofollow"">Twitter Web Client</a>","Mumbai, India",False,964,777
9.36026E+17,2017-11-30 00:16:16+00:00,HypeTrainHQ,"Games after coming thick and fast in the #FPL, and helping us in predicting this weekend's Premier League scores and top #GW15 players, in our Fantasy Forecast, is @TheFPLPodcast!

#AllAboard https://t.co/CJSNCdQk12","['FPL', 'GW15', 'AllAboard']",2,2,0,"<a href=""http://twitter.com"" rel=""nofollow"">Twitter Web Client</a>",contact@thehypetrain.co.uk,False,5843,1155
9.36176E+17,2017-11-30 10:11:12+00:00,CFCrss,"EXPRESS Fantasy Premier League tips: In-form Fantasy Football stars ahead of Gameweek 15 

FANTASY PREMIER LEAGUE managers will need to study the form book if they're going to get ahead in Gameweek 15. https://t.co/kc11A3Py5h",,0,1,0,"<a href=""https://ifttt.com"" rel=""nofollow"">IFTTT</a>","51.481709,-0.190973",False,77819,65
9.36217E+17,2017-11-30 12:54:57+00:00,Eng___Football,Fantasy Premier League tips: Biggest transfer ins and outs ahead of FPL Gameweek 15 Fantasy Premier League tips: Biggest transfer ins and outs ahead of FPL Gameweek 15 Fantasy #football managers have been s... https://t.co/T2P4IQZumj via @Eng___Football #englandfootball #England,"['football', 'englandfootball', 'England']",0,0,0,"<a href=""http://twibble.io"" rel=""nofollow"">Twibble.io</a>","London, England",False,621,4399
9.36294E+17,2017-11-30 17:59:16+00:00,ONTV_NIGERIA,Fantasy Premier League tips: The transfers you should make in gameweek 15  | https://t.co/z8bhyRWtvy,,0,0,0,"<a href=""https://www.google.com/"" rel=""nofollow"">Google</a>","Lagos, Nigeria",True,24048,74
9.36346E+17,2017-11-30 21:26:48+00:00,PodcastFCshow,[VIDEO] Premier League Fantasy Soccer Talk FORWARDS - Matchday 15. Tiki &amp; Huss get into which FORWARDS you... https://t.co/u4Hq3t4kXp,,0,0,0,"<a href=""https://www.google.com/"" rel=""nofollow"">Google</a>","Boston, MA",False,99,366
9.3646E+17,2017-12-01 05:00:00+00:00,Sport360,"Time to drop Lukaku in #FPL? 🤔

Fantasy Premier League tips for GW15 ⬇️  | @BrendonNetto 🕵

https://t.co/ZtdwhHbVMI",['FPL'],1,0,0,"<a href=""https://about.twitter.com/products/tweetdeck"" rel=""nofollow"">TweetDeck</a>","Dubai/Abu Dhabi, UAE",True,97162,1426
9.36731E+17,2017-12-01 22:56:07+00:00,starting11app,"🔥 Pick your best 11-man fantasy lineup from Saturday’s 8️⃣ Premier League fixtures.

No players values or team budgets to get in your way - just pick your ultimate 11 before 12:15pm.

Free App 📲 https://t.co/GXn3OvAwHY https://t.co/EwsAXsaBLY",,2,1,0,"<a href=""http://twitter.com/download/iphone"" rel=""nofollow"">Twitter for iPhone</a>",U.S. / U.K.,False,2104,182
9.37027E+17,2017-12-02 18:34:51+00:00,DeanJonesSoccer,"Erm, I think the Fantasy Premier League app is trolling with these half time stats... https://t.co/gGPCiS6QjH",,0,6,0,"<a href=""http://twitter.com/download/iphone"" rel=""nofollow"">Twitter for iPhone</a>",London,True,92078,1160
9.37551E+17,2017-12-04 05:15:38+00:00,blackwolf2112,I liked a @YouTube video https://t.co/NtxTYyRqxU THE BEST CAPTAIN OPTIONS AHEAD OF GAMEWEEK 16! FANTASY PREMIER LEAGUE 2017/18! FPL,,0,0,0,"<a href=""https://www.google.com/"" rel=""nofollow"">Google</a>",,False,174,184
9.37607E+17,2017-12-04 09:00:04+00:00,FootballBurp,Fantasy Premier League tips Gameweek 16: Captains https://t.co/v5IyHVMLjV #GW16 #FPL,"['GW16', 'FPL']",0,0,0,"<a href=""https://about.twitter.com/products/tweetdeck"" rel=""nofollow"">TweetDeck</a>",England,False,3249,1145
9.37721E+17,2017-12-04 16:32:23+00:00,Warmballers,Check out the top of the table in the #Warmballers Fantasy Premier League! How did your team do this week? #StayWarm https://t.co/eEjEiqdgZK,"['Warmballers', 'StayWarm']",0,3,1,"<a href=""http://twitter.com"" rel=""nofollow"">Twitter Web Client</a>",Everywhere,False,1449,78
9.37738E+17,2017-12-04 17:37:54+00:00,PremierLeaque,[TalkSport] How to replace Manchester United's Paul Pogba in your Fantasy Premier League team https://t.co/FkEMnYovVb,,0,0,0,"<a href=""https://ifttt.com"" rel=""nofollow"">IFTTT</a>",,False,1699,0
9.37933E+17,2017-12-05 06:34:36+00:00,SoccerWho,"Fantasy Premier League tips: In-form Fantasy Football stars ahead GW16 | Football | Sport
Click Here https://t.co/yl3jVBQuuT",,0,0,0,"<a href=""http://www.soccerwho.com"" rel=""nofollow"">SoccerWho.com</a>",London,False,112,10
9.37936E+17,2017-12-05 06:47:09+00:00,theCFCboard,"EXPRESS Fantasy Premier League tips: In-form Fantasy Football stars ahead of Gameweek 16 

FANTASY PREMIER LEAGUE form is going to be vital as the fixtures begin to pile up over Christmas. https://t.co/Qi6Skd1Qjl",,0,0,0,"<a href=""https://ifttt.com"" rel=""nofollow"">IFTTT</a>",Cobham/Stamford Bridge/Moscow,False,519,355
9.38744E+17,2017-12-07 12:17:06+00:00,TakeMeLeics,Fantasy Football Transfer Guru: Which Premier League teams have the easiest schedules? - THE Fantasy Football Transfer Guru app has calculated which clubs have the hardest and easiest fixtures over the next five gameweeks. https://t.co/eYNSz0Z51V,,0,0,0,"<a href=""http://www.hootsuite.com"" rel=""nofollow"">Hootsuite</a>",Loughborough Leicester Oadby,False,10434,4698
9.39003E+17,2017-12-08 05:26:45+00:00,90min_plus3,FIRE HAZARD! | Gameweek 16 | Fantasy Premier League 2017/18 https://t.co/c0fpkTiThw via @YouTube,,0,0,0,"<a href=""http://twitter.com"" rel=""nofollow"">Twitter Web Client</a>",,False,1611,1329
9.39052E+17,2017-12-08 08:40:15+00:00,wwwsportsdepot,Premier League Fantasy Football: Who's Hot and Who's Not in Gameweek 16 https://t.co/N43ZS8yw2V https://t.co/xPKk0umlB3,,0,0,0,"<a href=""https://ifttt.com"" rel=""nofollow"">IFTTT</a>",New York,False,224,210
9.39124E+17,2017-12-08 13:24:48+00:00,TEAMtalk,"Need some Fantasy Football advice ahead of a tremendous weekend of Premier League action, well we have some for you right here...
https://t.co/Vo5lMvvMW7 https://t.co/AzE1qDgM4r",,0,1,0,"<a href=""https://about.twitter.com/products/tweetdeck"" rel=""nofollow"">TweetDeck</a>","Leeds, UK",True,88776,7656
9.39135E+17,2017-12-08 14:09:39+00:00,briefapp,Fantasy Premier League Analysis: Position Value and Productivity https://t.co/U7Q3FLn17J https://t.co/anuL123Jvu,,0,0,0,"<a href=""https://upflow.co"" rel=""nofollow"">Upflow</a>",,False,47,3
9.40144E+17,2017-12-11 09:00:03+00:00,fplcloud,fantasy premier league GW17 – some early thoughts on the FFGeek Team https://t.co/SVbZSep2kc #FPL,['FPL'],0,0,0,"<a href=""http://www.fantasyfootballcloud.com/"" rel=""nofollow"">FFCloud</a>","Kendal, England",False,1649,135
9.40296E+17,2017-12-11 19:04:02+00:00,FPLBoss1,I added a video to a @YouTube playlist https://t.co/CPbScgoZoX FIRE HAZARD! | Gameweek 16 | Fantasy Premier League 2017/18,,0,0,0,"<a href=""https://www.google.com/"" rel=""nofollow"">Google</a>",,False,491,213
9.4068E+17,2017-12-12 20:29:52+00:00,KieranDarcy,"Burnley fullback Stephen Ward left their game against Stoke City on Tuesday late in the first half due to injury. Ward was tied for fourth among all defenders with 76 Fantasy Premier League points, and was on 25.5 percent of rosters. https://t.co/4UVhChAWKT",,0,0,0,"<a href=""http://espn.com"" rel=""nofollow"">ShortstopBeta</a>",New York,True,3041,8
9.40751E+17,2017-12-13 01:10:30+00:00,mitch_bhewitt,"Classic premier league fantasy round vsing last place:

Opponent starts Willian and Pedro who haven't done anything this season

They score 2 and get 2 assists",,0,2,0,"<a href=""http://twitter.com/download/iphone"" rel=""nofollow"">Twitter for iPhone</a>",,False,18,335
9.41035E+17,2017-12-13 19:58:15+00:00,RobTaylorSport,Premier League managers pissing off Fantasy Football players everywhere! 🤦🏼‍♂️🙄#rotation #transfers #SquadGoals,"['rotation', 'transfers', 'SquadGoals']",0,0,1,"<a href=""http://twitter.com/download/iphone"" rel=""nofollow"">Twitter for iPhone</a>","Winchester, England",False,1446,324
9.41071E+17,2017-12-13 22:24:05+00:00,ThA_Gamez,THE PLAYERS TO WATCH !!! FANTASY PREMIER LEAGUE !!! https://t.co/rZLh8g64iD,,0,0,0,"<a href=""https://www.google.com/"" rel=""nofollow"">Google</a>",My Place 😉,False,21,22
9.41101E+17,2017-12-14 00:20:19+00:00,Ovatheline,"Yahoo Focus – Gameweek 17 - Our Gameweek line-ups may be decided in Fantasy Premier League but over in our partner game Yahoo, there ... https://t.co/0XtpBakmSi",,0,0,0,"<a href=""http://www.hootsuite.com"" rel=""nofollow"">Hootsuite</a>",,False,1368,1261
9.41211E+17,2017-12-14 07:41:17+00:00,seigetsu,Fantasy Premier League tips: Best Fantasy Football transfers to make in FPL GW18 https://t.co/ON8Y8Z9AN1,,0,0,0,"<a href=""https://ifttt.com"" rel=""nofollow"">IFTTT</a>",,False,2741,1950
9.41455E+17,2017-12-14 23:49:27+00:00,HypeTrainHQ,"☁️ #FPL #GW17 Fantasy Forecast: Premier League Predictions ☁️

🥇 @HypeTrainSam - 12pts
🥈 @HypeTrainRob - 10pts
🥉 @HypetrainPhil - 9pts
🥄 @FPLDino - 8pts

https://t.co/N76j5iTWCR","['FPL', 'GW17']",0,2,0,"<a href=""http://twitter.com"" rel=""nofollow"">Twitter Web Client</a>",contact@thehypetrain.co.uk,False,5843,1155
9.41461E+17,2017-12-15 00:13:27+00:00,HypeTrainHQ,"Ahead of another busy schedule of Premier League football this weekend for #FPL #GW18, we welcome @FplFreddo as our Fantasy Forecast guest, taking us on in score predictions and Scout Picks.

#AllAboard https://t.co/3J8hoPdLkV","['FPL', 'GW18', 'AllAboard']",1,3,0,"<a href=""http://twitter.com"" rel=""nofollow"">Twitter Web Client</a>",contact@thehypetrain.co.uk,False,5843,1155
9.41719E+17,2017-12-15 17:19:25+00:00,RotoWireSoccer,FanDuel Fantasy Soccer: Saturday Premier League Targets - https://t.co/Kzs6nyyN7A,,1,1,0,"<a href=""http://www.rotowire.com/soccer"" rel=""nofollow"">Breaking News Soccer</a>",,False,3790,437
9.41734E+17,2017-12-15 18:17:17+00:00,90min_plus3,"Gameweek 18 FPL Preview – Fantasy Premier League Tips

Arsenal vs Newcastle

STAR MAN: Alexis Sanchez (11.8m)

PREDICTION: Arsenal 3-0 Newcastle https://t.co/gGdha6lSGx",,0,1,0,"<a href=""http://twitter.com"" rel=""nofollow"">Twitter Web Client</a>",,False,1611,1329
9.42034E+17,2017-12-16 14:10:09+00:00,ch1pp1ng,"@balancetothe4z @jonlis1 Pretty much like running premier league team -whats gonna happen to league position if: incompetent manager, taking bribes to fail, living in fantasy that if they get rid of all black players today, tomorrow we'll be top of league, because God said so, cos we were top 3000yrs ago",,0,1,2,"<a href=""http://twitter.com"" rel=""nofollow"">Twitter Web Client</a>",England,False,501,658
9.42496E+17,2017-12-17 20:45:36+00:00,Makatia_arts,Join Classic Premier league  - my Fantasy Premier League private league. https://t.co/vQb4aFs3Ri @im_nueljr,,0,1,0,"<a href=""http://twitter.com"" rel=""nofollow"">Twitter Web Client</a>",KENYA,False,756,1314
9.4288E+17,2017-12-18 22:09:27+00:00,sujoydhar2016,"Fantasy Premier League pointers Sergio Aguero and Alvaro Morata climbed up the Fantasy Premier League form ratings after mind-blowing shows in Gameweek 6.
Manchester City hero Aguero racked up eleven points for his efforts agai https://t.co/z7ZV2u0vL0",,0,0,0,"<a href=""https://weviral.org/socially/app/"" rel=""nofollow"">SujoyDhar</a>","Kolkata, West Bengal , Barasat",False,18893,61
9.43089E+17,2017-12-19 12:00:50+00:00,Akarsh_Official,"Good with numbers &amp; catching trends?

A top Indian sports website is looking for a football person for writing/giving out weekly tips for Fantasy Football selection (Premier League primarily). It will be a paid freelance gig. 

DM me your e-mail IDs &amp; contact nos, if interested. https://t.co/nu3fToBBr0",,11,13,2,"<a href=""http://twitter.com"" rel=""nofollow"">Twitter Web Client</a>",Hindu Hellhole,False,2855,1202
9.43229E+17,2017-12-19 21:19:42+00:00,SembadaFPL,"LOAD UP ON MAN CITY MIDFIELDERS? | Gameweek 19 &amp; 20: Players to Watch: Fantasy picks from Man United, Liverpool &amp; Man City top our Players to Watch list for Gameweek’s 19 &amp; 20 As we head in to the busy Premier League fixture schedule, rotation and… https://t.co/Xu1mlIKdSi #FPL https://t.co/RtzNd85xN4",['FPL'],0,1,0,"<a href=""https://dlvrit.com/"" rel=""nofollow"">dlvr.it</a>","East Nusa Tenggara, Indonesia",False,4405,191
9.43513E+17,2017-12-20 16:05:01+00:00,nikarg,My Premier League fantasy player picks are up on @Rotoworld_PL #pxi #fpl #togga https://t.co/6QGJNjiCGy,"['pxi', 'fpl', 'togga']",1,3,0,"<a href=""http://twitter.com"" rel=""nofollow"">Twitter Web Client</a>","London, UK",False,2305,1833
9.43773E+17,2017-12-21 09:19:07+00:00,90min_plus3,"Gameweek 19 FPL Preview – Fantasy Premier League Tips

Southampton vs Huddersfield

STAR MAN: Charlie Austin (6.2m)

PREDICTION: Southampton 3-1 Huddersfield https://t.co/ZbPlJa0Fvm",,0,0,0,"<a href=""http://twitter.com"" rel=""nofollow"">Twitter Web Client</a>",,False,1611,1329
9.43773E+17,2017-12-21 09:21:10+00:00,90min_plus3,"Gameweek 19 FPL Preview – Fantasy Premier League Tips

Swansea vs Crystal Palace

STAR MAN:Tammy Abraham (5.8m)

PREDICTION: Swansea 1-0 Crystal Palace https://t.co/fVAktruAou",,0,0,0,"<a href=""http://twitter.com"" rel=""nofollow"">Twitter Web Client</a>",,False,1611,1329
9.44055E+17,2017-12-22 04:01:34+00:00,fplcloud,"New from FPL Hints: The week in Fantasy Premier League: Morata moans, replacing Richarlison and #Kanexit via https://t.co/ruXuDGtCen #FPL","['Kanexit', 'FPL']",0,0,0,"<a href=""http://www.fantasyfootballcloud.com/"" rel=""nofollow"">FFCloud</a>","Kendal, England",False,1649,135
9.44085E+17,2017-12-22 05:59:28+00:00,Breaking_News_8,(Fantasy Premier League tips: Last-minute FPL transfers ahead of GW19 | Football | Sport) - https://t.co/eRAxrRuSR6,,0,0,0,"<a href=""http://breakingnewslatest.com/"" rel=""nofollow"">NextScriptBreakingnewslatest.com</a>",United Kingdom,False,34,0
9.44151E+17,2017-12-22 10:22:18+00:00,HullFootball,Wayne Rooney In Demand Ahead Of Fantasy Premier League Festive Period https://t.co/Ahh01ViIJC https://t.co/0qGnbjjgnG,,0,0,0,"<a href=""http://publicize.wp.com/"" rel=""nofollow"">Jetpack.com</a>","Hull, England",False,36,47
9.44299E+17,2017-12-22 20:08:03+00:00,evertonnewsapp,Fantasy Premier League tips: Every team ranked by easiest festive Premier League fixtures: https://t.co/EXY1bmkxfT,,0,0,0,"<a href=""http://james-miller.co.uk"" rel=""nofollow"">Everton News App</a>","Liverpool, England",False,82,86
9.45065E+17,2017-12-24 22:52:57+00:00,sportnewspro,Fantasy Premier League tips: The transfers you should make in gameweek 20 https://t.co/GvojkKd7ER https://t.co/j0ZyBYmSM3,,0,0,0,"<a href=""http://publicize.wp.com/"" rel=""nofollow"">Jetpack.com</a>",,False,9,8
9.45086E+17,2017-12-25 00:17:30+00:00,Ovatheline,"Captain Poll – Gameweek 20 - Earlier this morning, we launched our Gameweek 20 Captain Poll as Fantasy Premier League managers prepare for the ... https://t.co/mZI2aC04g5",,0,0,0,"<a href=""http://www.hootsuite.com"" rel=""nofollow"">Hootsuite</a>",,False,1368,1261
9.45152E+17,2017-12-25 04:38:09+00:00,Breaking_News_8,(Fantasy Premier League tips: Team of the season so far revealed | Football | Sport) - https://t.co/aofiFfcNfS,,0,0,0,"<a href=""http://breakingnewslatest.com/"" rel=""nofollow"">NextScriptBreakingnewslatest.com</a>",United Kingdom,False,34,0
9.45339E+17,2017-12-25 17:00:37+00:00,fplcloud,Daily Fantasy Premier League Football Tips – Gameweek 20 https://t.co/d6Jldq3V0r #FPL,['FPL'],0,0,0,"<a href=""http://www.fantasyfootballcloud.com/"" rel=""nofollow"">FFCloud</a>","Kendal, England",False,1649,135
9.45386E+17,2017-12-25 20:09:28+00:00,90min_plus3,"Gameweek 20 FPL Preview – Fantasy Premier League Tips

Liverpool vs Swansea 

STAR MAN: Roberto Firmino (8.8m)

PREDICTION: Liverpool 3-0 Swansea https://t.co/npxOx9NWyg",,0,1,0,"<a href=""http://twitter.com"" rel=""nofollow"">Twitter Web Client</a>",,False,1611,1329
9.45596E+17,2017-12-26 10:04:03+00:00,timelivenews,Fantasy Premier League tips: Bargain Fantasy Football price falls ahead of FPL GW20 - https://t.co/luq9VpGumy #GoogleAlerts,['GoogleAlerts'],0,0,0,"<a href=""http://twitter.com"" rel=""nofollow"">Twitter Web Client</a>",,False,779,1937
9.45665E+17,2017-12-26 14:37:01+00:00,AishaSports,"When Harry Kane remained in your Fantasy Premier league simply because you had ""too much on your plate""...literally and metaphorically speaking! 🤗😂😊 https://t.co/yecNOFsP6U",,0,6,1,"<a href=""http://twitter.com/download/android"" rel=""nofollow"">Twitter for Android</a>",World 🌎 ,True,42434,847
9.45714E+17,2017-12-26 17:52:23+00:00,SuperFlyGQ7,"The best thing about these Boxing Day premier league fixture is my fucking Fantasy Premier League. I have Kane (Captain), Lingard, Coutinho, &amp; they all scored. 🙏🏾🙏🏾",,0,0,0,"<a href=""http://twitter.com/download/iphone"" rel=""nofollow"">Twitter for iPhone</a>",Chicago,False,385,350
9.45991E+17,2017-12-27 12:13:18+00:00,scorehighlights,"Fantasy Football: Goal Fantasy Premier League Team of the (Half) Season
Click Here https://t.co/b75gxpuv5I https://t.co/LCXho59Zkp",,0,0,0,"<a href=""http://www.scorehighlights.com/"" rel=""nofollow"">ScoreHighlights.com</a>",,False,153,72
9.46046E+17,2017-12-27 15:53:12+00:00,mara1y,"Premier League Fantasy Football: Why Harry Kane, Sergio Aguero and Dimitri #PremierLeague https://t.co/4tBcpt2wHn https://t.co/i2oIZhX836",['PremierLeague'],0,0,0,"<a href=""https://dlvrit.com/"" rel=""nofollow"">dlvr.it</a>", Milwaukee Wisconsin USA,False,9882,11056
9.46212E+17,2017-12-28 02:50:19+00:00,jairajadesai,I liked a @YouTube video https://t.co/UqnVthRhhL TRIPLE CAPTAIN KANE IN GW22? | Gameweek 21-22 Q&amp;A | Fantasy Premier League 2017/18,,0,0,0,"<a href=""https://www.google.com/"" rel=""nofollow"">Google</a>",,False,33,85
9.46628E+17,2017-12-29 06:23:03+00:00,LFCinfinite,#LFC Express https://t.co/fIG64VmQ4C Fantasy Premier League tips: Who should I captain in FPL Gameweek 21?,['LFC'],0,0,0,"<a href=""https://ifttt.com"" rel=""nofollow"">IFTTT</a>",,False,12736,8707
9.46761E+17,2017-12-29 15:12:18+00:00,AyellaBryan,"Retweeted Fantasy Premier League (@OfficialFPL):

Don't leave it too late!

It's use it or lose it time...... https://t.co/Ci3FTdC1Fx",,0,0,0,"<a href=""http://www.facebook.com/twitter"" rel=""nofollow"">Facebook</a>","Kalongo, Agago",False,4252,4968
9.46767E+17,2017-12-29 15:36:03+00:00,Silva_botJP,"Fantasy Premier League: Transfer tips, players to sell or avoid for GW21 football - Plymouth Herald https://t.co/3c6xGtDay0",,0,0,0,"<a href=""https://dlvrit.com/"" rel=""nofollow"">dlvr.it</a>",JAPAN,False,67,1
9.46869E+17,2017-12-29 22:23:40+00:00,HypeTrainHQ,"⚽️🚂 #FPL #GW21 Fantasy Forecast 🚂⚽️

The Hype Train takes on @FPLSavage in Premier League Predictions and Scout Picks.

https://t.co/IMmyMoIoeY https://t.co/Y9yFk89T4H","['FPL', 'GW21']",4,7,1,"<a href=""http://twitter.com"" rel=""nofollow"">Twitter Web Client</a>",contact@thehypetrain.co.uk,False,5843,1155
9.46921E+17,2017-12-30 01:49:43+00:00,frandimore,Fantasy Premier League tips: Bargain Fantasy Football price falls ahead of FPL GW20 #Sports_News - https://t.co/3Ent25azan - [Sleekarena News] https://t.co/hgRT331iOy,['Sports_News'],0,0,0,"<a href=""https://sleekarena.com/news"" rel=""nofollow"">Sleekarena News</a>","Lagos, Nigeria",False,1690,18
9.47018E+17,2017-12-30 08:15:42+00:00,e_Chelseanet,"Fantasy Premier League tips: Last-minute Fantasy Football transfers ahead of FPL GW21 - FANTASY PREMIER LEAGUE is back once again this weekend, so make sure you've got all your transfers down before the Gameweek 21 deadline. https://t.co/rAykEyLiXQ",,0,0,0,"<a href=""http://www.hootsuite.com"" rel=""nofollow"">Hootsuite</a>",e-mediagroup@outlook.com,False,1505,1191
9.47162E+17,2017-12-30 17:45:00+00:00,DailyStar_Sport,"Fantasy Football Scout: The Premier League team you should choose to smash Gameweek 22 
https://t.co/n5prHOL3Xt",,0,0,0,"<a href=""https://about.twitter.com/products/tweetdeck"" rel=""nofollow"">TweetDeck</a>",United Kingdom,True,51502,684
1.02882E+18,2018-08-13 01:44:31+00:00,HarizFariz,"Fantasy premier league 2018/19

Team : Cendawan FC",,0,0,1,"<a href=""http://twitter.com/download/iphone"" rel=""nofollow"">Twitter for iPhone</a>",Malaysia,False,750,1100
1.02892E+18,2018-08-13 08:08:54+00:00,alxxuddin,Join my Fantasy Premier League if you want with the code: 950287-212101 #FPL,['FPL'],0,0,0,"<a href=""https://mobile.twitter.com"" rel=""nofollow"">Twitter Web App</a>",🇿🇦,False,2987,4059
1.02893E+18,2018-08-13 08:50:52+00:00,sportbible,"Is this the greatest most brutal bench in fantasy Premier League history? 😅

To make it worse he started with Jagielka who got him -3 points after his red! 😭 https://t.co/zspro2lXK0",,5,42,10,"<a href=""https://about.twitter.com/products/tweetdeck"" rel=""nofollow"">TweetDeck</a>",contact@sportbible.com,True,2077001,3217
1.02899E+18,2018-08-13 12:49:08+00:00,mougendi,Join Ligi Soo - my Fantasy Premier League private league. https://t.co/ty9V9vbmKe,,1,1,0,"<a href=""http://twitter.com"" rel=""nofollow"">Twitter Web Client</a>","Nairobi, Kenya",True,10877,4201
1.02902E+18,2018-08-13 14:48:26+00:00,chescomome,Join Fun times  - my Fantasy Premier League private league. https://t.co/PgM3YrprdI,,0,0,0,"<a href=""http://twitter.com/download/android"" rel=""nofollow"">Twitter for Android</a>",world wide,False,196,604
1.02906E+18,2018-08-13 17:40:49+00:00,TheSociaLiga,"Congratulations to the first set of winners of the #Enovate x #SociaLiga Fantasy Premier League, the trio of @badmus4u, @bdotmm and @oyetolani1. Well done guys!!! #Alatng #WemaBank #FPL https://t.co/llowkIOnyV","['Enovate', 'SociaLiga', 'Alatng', 'WemaBank', 'FPL']",27,13,0,"<a href=""http://twitter.com/download/android"" rel=""nofollow"">Twitter for Android</a>",,False,10680,51
1.02908E+18,2018-08-13 18:57:59+00:00,AttaAdjeiPrince,Join ORION FC - my Fantasy Premier League private league. https://t.co/mf64IGJZQu,,0,0,0,"<a href=""http://twitter.com"" rel=""nofollow"">Twitter Web Client</a>","Kumasi, Ghana",False,254,2039
1.02916E+18,2018-08-13 23:59:29+00:00,DaniloLaraC,"empezamos con el pie derecho la Fantasy Premier League Chilensis!!! 

Repórtense los que están en la liga 🌚 https://t.co/oPrPahBywK",,0,0,2,"<a href=""http://twitter.com/download/iphone"" rel=""nofollow"">Twitter for iPhone</a>","Talca, Chile",True,27364,25495
1.02921E+18,2018-08-14 03:29:06+00:00,fpldare,I added a video to a @YouTube playlist https://t.co/M7iih6oj5Y BEST FPL CAPTAIN FOR 2018/19!!?? | FPL DARE | Fantasy Premier League,,0,0,0,"<a href=""https://www.google.com/"" rel=""nofollow"">Google</a>",Australia,False,6693,425
1.02928E+18,2018-08-14 08:00:14+00:00,FPLUpdates_Tips,"Fantasy Premier League 2018/19 : GAMEWEEK 2 MATCH BY MATCH PREVIEW

As you can see from the above table last week’s predictions were pretty good in the main. 

• I predicted Utd would win either 2-0 or 2-1. It was looking like 2-0 until Vardy’s injury... https://t.co/888gWDQmSv",,1,7,1,"<a href=""http://www.facebook.com/twitter"" rel=""nofollow"">Facebook</a>",,False,54246,13880
1.02938E+18,2018-08-14 14:56:15+00:00,iemjyo,I added a video to a @YouTube playlist https://t.co/qEGvemfBHU FPL 2018/19 ( Fantasy Premier League 2018/19) Gw 1 review and Gw 2,,0,0,0,"<a href=""https://www.google.com/"" rel=""nofollow"">Google</a>",Jhalder742137@gmail.com ,False,177,1217
1.02957E+18,2018-08-15 03:22:28+00:00,CollegeAve,"‘Premier League Match Day 2, Fantasy, Match Day 1 Review - Across The Pond Ep.5’ on #SoundCloud #np https://t.co/oVvwudJGTR","['SoundCloud', 'np']",0,0,0,"<a href=""http://twitter.com"" rel=""nofollow"">Twitter Web Client</a>","California, USA",False,6,6
1.02959E+18,2018-08-15 04:26:23+00:00,max_samuel,I liked a @YouTube video https://t.co/6uPGaNrkEG Team Selection &amp; Transfers | FPL GAMEWEEK 2 | FANTASY PREMIER LEAGUE,,0,0,0,"<a href=""https://www.google.com/"" rel=""nofollow"">Google</a>",New Delhi,False,40,78
1.02964E+18,2018-08-15 08:23:20+00:00,Yinka4dad,@THEBEAT979FM @femifarawe please how will I join the fantasy premier league please. I have register on fantasy premier league.but how ll i join the beatfm fantasy league,,0,0,1,"<a href=""https://mobile.twitter.com"" rel=""nofollow"">Mobile Web (M2)</a>",Ibdan nigeria,False,301,593
1.02971E+18,2018-08-15 12:33:37+00:00,PaakofiSinatra,Join Ghalca  - my Fantasy Premier League private league. https://t.co/CkQmerLdRl,,0,0,0,"<a href=""http://twitter.com"" rel=""nofollow"">Twitter Web Client</a>","Tema, Ghana",False,894,3008
1.02978E+18,2018-08-15 17:20:00+00:00,Moncho_LM,"@FantasyLaLiga Codigo: pe0fz20o  ""premier fantasy league""",,0,0,0,"<a href=""http://twitter.com/download/iphone"" rel=""nofollow"">Twitter for iPhone</a>","Culleredo, España",False,2068,470
1.03001E+18,2018-08-16 08:48:25+00:00,azizur655,Fantasy Football Transfer Guru: Premier League fixtures rated ahead of Gameweek 2 https://t.co/pIPYFMkzOS,,0,0,0,"<a href=""https://ifttt.com"" rel=""nofollow"">IFTTT</a>",,False,3273,3915
1.03011E+18,2018-08-16 15:00:03+00:00,HalabrinMartin,A mi equipo de Fantasy Premier League no le gusta esto,,0,2,0,"<a href=""http://twitter.com/download/android"" rel=""nofollow"">Twitter for Android</a>",Alicante,False,107,210
1.03013E+18,2018-08-16 16:15:17+00:00,GloballCoach,"It's not too late to join in the Globall Coach Fantasy Premier League. You may be a week behind, but some of us didn't score many points in week 1, so you'll soon catch up! Show us your managerial skills and tactical nous!

Just click here to join 👉🏼 https://t.co/N4zZ8z9jRR https://t.co/M2j91Y5xQX",,0,0,0,"<a href=""https://buffer.com"" rel=""nofollow"">Buffer</a>",Worldwide,True,9631,1374
1.03017E+18,2018-08-16 19:15:00+00:00,Somos_Cantera,"¿Ya te uniste a la Liga Fantasy de la Premier League? Te estamos esperando !

🏆2794336-636446
Más detalles aquí: 
https://t.co/L5ueXfpjT3 https://t.co/pOF9WZMESh",,1,0,0,"<a href=""https://about.twitter.com/products/tweetdeck"" rel=""nofollow"">TweetDeck</a>",somoscantera.com,False,3618,393
1.03055E+18,2018-08-17 20:17:04+00:00,TrillyOnline,Fantasy football: Tips for picking your Premier League team - https://t.co/Z4xBfaQkwI,,0,0,0,"<a href=""https://www.trilly.co.uk"" rel=""nofollow"">Trilly Website</a>",All Around The World,False,605,66
1.0307E+18,2018-08-18 06:23:10+00:00,90min_plus3,"Fantasy Premier League Preview – Gameweek 2 – FPL Tips

Everton vs Southampton

STAR MAN: Richarlison  (6.6m)

PREDICTION: Everton 2-0 Southampton https://t.co/cHAD99GeX7",,0,2,0,"<a href=""http://twitter.com"" rel=""nofollow"">Twitter Web Client</a>",,False,1611,1329
1.03081E+18,2018-08-18 13:41:43+00:00,IG_Galaxy,"So we have 107 people who have joined our @OfficialFPL IG Fantasy Football Premier League - Prize pool is over 1 million IGG &amp; weekly rewards in IGG, based on performance. Join now 👇
#IGG #IGfantasy #FOOTBALLTWITTER #Fantasyfootball #BPL #BlockChainNews #esports #Tron #TRX","['IGG', 'IGfantasy', 'FOOTBALLTWITTER', 'Fantasyfootball', 'BPL', 'BlockChainNews', 'esports', 'Tron', 'TRX']",23,35,10,"<a href=""http://twitter.com/download/iphone"" rel=""nofollow"">Twitter for iPhone</a>",The Galaxy,False,21773,1976
1.03107E+18,2018-08-19 06:58:06+00:00,FantasyOne8,https://fantasy.preJoin Babayao - my Fantasy Premier League private https://t.co/t43zmWeySW,,0,0,0,"<a href=""http://twitter.com"" rel=""nofollow"">Twitter Web Client</a>",,False,6,17
1.03111E+18,2018-08-19 09:20:32+00:00,Thogden,"Who are the cheap beasts that will get a shit ton of points this year? 

I need some fantasy premier league experts here 😅",,0,41,21,"<a href=""http://twitter.com/download/iphone"" rel=""nofollow"">Twitter for iPhone</a>","London, England",False,158622,2526
1.03116E+18,2018-08-19 12:38:52+00:00,mattywinspear,I jumped in Premier League Fantasy Pick 7 (2018/19 Season) (w/c Matchday 1) pool on https://t.co/ja2VvF20Hd. Jump in too to try &amp; beat me.,,0,0,0,"<a href=""http://twitter.com"" rel=""nofollow"">Twitter Web Client</a>",,False,19,47
1.03121E+18,2018-08-19 15:53:02+00:00,JorgeSports10,"Ah y por cierto el hat-trick del Kun Agüero con el #ManchesterCity me arruina más aún el Fantasy de la Premier League.

Mañana espero mis guerreros del Liverpool saquen la cara (?)",['ManchesterCity'],0,0,0,"<a href=""http://twitter.com/download/iphone"" rel=""nofollow"">Twitter for iPhone</a>","Quito, Ecuador",False,2261,559
1.03132E+18,2018-08-19 23:30:18+00:00,ThatsOde,@ChefBoyarJayyy @DecaRhyme_ @JDePomar @Acoggers_ @JamesPease10 @JustDanster Premier league fantasy right,,0,0,1,"<a href=""http://twitter.com/download/iphone"" rel=""nofollow"">Twitter for iPhone</a>",,False,93,253
1.03154E+18,2018-08-20 13:39:52+00:00,FootballBurp,Fantasy Premier League tips Gameweek 3: Defenders #GW3 #FPL https://t.co/DSt9VAikuU,"['GW3', 'FPL']",0,0,0,"<a href=""http://footballburp.com/"" rel=""nofollow"">FootballBurp.com</a>",England,False,3249,1145
1.03154E+18,2018-08-20 14:07:07+00:00,FootballBurp,Fantasy Premier League tips Gameweek 3: Midfielders #FPL #GW3 https://t.co/s4ofIvx2qI,"['FPL', 'GW3']",0,0,0,"<a href=""http://footballburp.com/"" rel=""nofollow"">FootballBurp.com</a>",England,False,3249,1145
1.03194E+18,2018-08-21 16:17:14+00:00,ThreeMenOnABoat,#3mobSport | Fantasy Premier League: Our top 10 after week 2 https://t.co/4l4EPLy3p8 #3mob,"['3mobSport', '3mob']",0,0,0,"<a href=""https://about.twitter.com/products/tweetdeck"" rel=""nofollow"">TweetDeck</a>",Zimbabwe,False,20414,801
1.03194E+18,2018-08-21 16:25:48+00:00,FPLNym,FPL | GW2 Review &amp; GW3 Preview - Fantasy Premier League 2018/19 Season| Agueroooo &amp; -4?: https://t.co/MYCPtWs57B via @YouTube,,4,5,0,"<a href=""https://www.google.com/"" rel=""nofollow"">Google</a>",United Kingdom,False,17192,2371
1.03222E+18,2018-08-22 11:12:33+00:00,DS_EvertonFC,Fantasy Football Tips: Premier League fixture difficulties rated ahead of Gameweek 3 https://t.co/wuJKe7kjZ0 #EFC,['EFC'],0,0,0,"<a href=""https://www.google.com/"" rel=""nofollow"">Google</a>",,False,41,5
1.03223E+18,2018-08-22 11:42:10+00:00,anglew_meth,Fantasy Football Tips: Premier League fixture difficulties rated ahead of Gameweek 3 https://t.co/JBYjC8w03c https://t.co/r6gL4WBDqa,,0,0,0,"<a href=""http://publicize.wp.com/"" rel=""nofollow"">Jetpack.com</a>",,False,434,795
1.03228E+18,2018-08-22 15:00:37+00:00,JNO_FPL,Fantasy Premier League - LOOKING AT BUDGET AND PREMIUM FORWARDS- #FPL 2018/19 #GW3 https://t.co/fmQTUL1IPY,"['FPL', 'GW3']",0,1,0,"<a href=""https://www.google.com/"" rel=""nofollow"">Google</a>","London, England",False,2890,999
1.0326E+18,2018-08-23 11:58:12+00:00,FPLNym,"🚨 NEW VIDEO 🎥

Wondering who the #TransferTrendy picks are this week? 🔁 Here's my ""Trending Transfers"" series, Enjoy 👇

#FPL | Fantasy Premier League - Trending Transfers: #GW2- #GW3 https://t.co/m4wSzVzGrU via @YouTube

Please Like, Share &amp; Sub 🙏","['TransferTrendy', 'FPL', 'GW2', 'GW3']",8,7,0,"<a href=""http://twitter.com"" rel=""nofollow"">Twitter Web Client</a>",United Kingdom,False,17192,2371
1.03289E+18,2018-08-24 07:38:36+00:00,90min_plus3,"Gameweek 3 Review – FPL Tips – Fantasy Premier League Tips

Watford v Crystal Palace

Prediction: Watford  1   -  1  Crystal Palace https://t.co/QgB4ELVHkM",,0,1,0,"<a href=""http://twitter.com"" rel=""nofollow"">Twitter Web Client</a>",,False,1611,1329
1.03293E+18,2018-08-24 09:53:59+00:00,MtuPombe,Join LIVERPOOL KENYA  - my Fantasy Premier League private league. https://t.co/HidUUEBSPI,,0,0,0,"<a href=""http://twitter.com"" rel=""nofollow"">Twitter Web Client</a>",Lfc Loitokitok,False,26839,5084
1.03302E+18,2018-08-24 15:50:17+00:00,NewcastleUtd247,The full list of Newcastle's Premier League Fantasy Football prices for 2018/19 https://t.co/XEc9AS5qPS #nufc #toonarmy,"['nufc', 'toonarmy']",0,1,0,"<a href=""https://ifttt.com"" rel=""nofollow"">IFTTT</a>",Newcastle,False,5591,4398
1.03331E+18,2018-08-25 11:11:56+00:00,the_blondejones,Hoping to make some points up with my Premier League Fantasy Team at 12:30 with #aguero as my Captain again #mancity #PremierLeague #premierleaguefantasy,"['aguero', 'mancity', 'PremierLeague', 'premierleaguefantasy']",0,0,0,"<a href=""http://twitter.com/download/iphone"" rel=""nofollow"">Twitter for iPhone</a>",London,False,640,1087
1.03337E+18,2018-08-25 14:53:01+00:00,aryal_sumit,"Premier League Fantasy is all fucked up ! 
Richarlison sent off #BOUEVE #PL","['BOUEVE', 'PL']",0,0,0,"<a href=""http://twitter.com"" rel=""nofollow"">Twitter Web Client</a>",Nepal,False,5057,4712
1.03337E+18,2018-08-25 14:56:52+00:00,ColinJudkins,"Fantasy Premier League Update:

Took Bellerin out of my team - Got an assist.
Put Mendy in my team - Did fuck all.
Put Richarlison in my starting line up - Red Card.

FML.",,0,0,0,"<a href=""http://twitter.com/download/android"" rel=""nofollow"">Twitter for Android</a>","Harlow, Essex",False,1106,879
1.03343E+18,2018-08-25 18:56:28+00:00,alaje75,Join Trimjay football league - my Fantasy Premier League private league. https://t.co/rprIIUcDbn,,0,0,0,"<a href=""http://twitter.com"" rel=""nofollow"">Twitter Web Client</a>",,False,121,213
1.03343E+18,2018-08-25 19:01:26+00:00,Nuurayn1,@Nick_Mudane Fantasy premier league ...,,0,0,1,"<a href=""http://twitter.com/download/android"" rel=""nofollow"">Twitter for Android</a>",Somaliland,False,682,1856
1.03354E+18,2018-08-26 02:03:25+00:00,RiskyBobby62,@_Rob_B finally I’ve reached #2 in your premier league fantasy league. What a feeling!!!! Cheers.,,0,0,0,"<a href=""http://twitter.com/download/iphone"" rel=""nofollow"">Twitter for iPhone</a>",,False,121,15
1.03365E+18,2018-08-26 09:25:02+00:00,LydiaMusiimire1,"If you think that you are having a bad weekend, remember the 4 of my fantasy premier league players were shown red cards yesterday 😭😭😭",,6,21,4,"<a href=""http://twitter.com/download/iphone"" rel=""nofollow"">Twitter for iPhone</a>",Uganda,False,41025,9021
1.03374E+18,2018-08-26 15:37:03+00:00,Pete_Owlsfan,I sometimes feel like certain premier league managers are picking their teams with the aim of my fantasy team having a bad week. You expect it with Pep but Jokanovic and Dyche too?? #EPL,['EPL'],0,0,0,"<a href=""http://twitter.com/download/iphone"" rel=""nofollow"">Twitter for iPhone</a>",,False,1061,1721
1.03375E+18,2018-08-26 16:09:28+00:00,wnnn_,menyesal main fantasy premier league. tkde ong je.,,0,0,0,"<a href=""http://twitter.com/download/iphone"" rel=""nofollow"">Twitter for iPhone</a>",Malaysia,False,726,625
1.03379E+18,2018-08-26 19:01:35+00:00,medrouq,"My fantasy premier league starts in Gameweek No.4 so who is interested in joining can use this code:
4258421-1161046
Spread the word
#fantasypremierleague #leaguecode #fpl #FantasyFootball #EPL #PremierLeague","['fantasypremierleague', 'leaguecode', 'fpl', 'FantasyFootball', 'EPL', 'PremierLeague']",0,2,2,"<a href=""http://twitter.com"" rel=""nofollow"">Twitter Web Client</a>",Borneo,False,547,696
1.0338E+18,2018-08-26 19:44:04+00:00,lumihide,@DexterChrys Fantasy football league or in this case fantasy premier league is a game where participanta assemble a team of real life players and score points based on their actual performance..,,0,0,1,"<a href=""https://mobile.twitter.com"" rel=""nofollow"">Twitter Web App</a>",not static. but dynamic,False,5254,1846
1.03394E+18,2018-08-27 04:59:13+00:00,dionsmanu97,@FPLCELEBES Join 'Abaykost League - my Fantasy Premier League private league. https://t.co/BUFXBuv8QX,,0,0,0,"<a href=""https://mobile.twitter.com"" rel=""nofollow"">Twitter Web App</a>","Kuningan,Jawa Barat, Indonesia",False,191,226
1.03397E+18,2018-08-27 06:40:06+00:00,BookieBoostApp,Fantasy Premier League tips: Top Fantasy Football transfers for FPL GW4 https://t.co/0IZz1RvYuH,,0,1,0,"<a href=""http://masterblaster.aussieaussieaussie.net.au"" rel=""nofollow"">MasterBlasterApp</a>",See ALL accumulators at 👇,False,34308,134
1.03409E+18,2018-08-27 15:04:09+00:00,gapc1,"@PinoCalad @jhpelaez @titopuccettic @campoeliasjr @fdbedout 
El juego @OfficialFPL Fantasy Premier League es:
Una manera diferente de disfrutar el deporte q te apasiona,
Entender lo dificil q es ser DT y  
Un escenario para dar los primeros pasos para invertir en bolsa. ⚽️👍",,0,0,0,"<a href=""http://twitter.com"" rel=""nofollow"">Twitter Web Client</a>","Cali, Valle, Colombia",False,59,100
1.03417E+18,2018-08-27 20:14:49+00:00,zain_k97,It’s officially time to hand in my resignation for Fantasy Premier League - once again I was convinced to join and once again it’s been absolute shit,,0,1,0,"<a href=""http://twitter.com/download/iphone"" rel=""nofollow"">Twitter for iPhone</a>",United Kingdom,False,206,73
1.0344E+18,2018-08-28 11:21:25+00:00,90min_plus3,Fantasy Premier League: Which Chelsea players should you consider for your squad?  https://t.co/5iTJ0rFxzc via @sportskeeda,,0,1,0,"<a href=""http://twitter.com"" rel=""nofollow"">Twitter Web Client</a>",,False,1611,1329
1.03473E+18,2018-08-29 09:18:48+00:00,HL_Blue,"So do you all you runners have like a social network where you post leaderboards and challenge each other for the top spot in terms of distance and pace? 

Because it would be a shame if that was possible and it didn't exist. Like a fantasy premier league or something.",,0,0,3,"<a href=""http://twitter.com/download/android"" rel=""nofollow"">Twitter for Android</a>",Beachfront property in Gombe,False,7727,971
1.0354E+18,2018-08-31 05:47:41+00:00,90min_plus3,"Fantasy Premier League Preview – Gameweek 4 – FPL Tips

Burnley vs Manchester United

STAR MAN: Alexis Sanchez (10.2m)

PREDICTION: Burnley 1-1 Manchester United https://t.co/QJreYkfHKL",,0,0,0,"<a href=""http://twitter.com"" rel=""nofollow"">Twitter Web Client</a>",,False,1611,1329
1.03555E+18,2018-08-31 15:12:23+00:00,365DFS,"🎞 Gameweek 4 Preview 🎞

Plenty of great advice from the community ahead of the deadline!

Fantasy Football Tips: Premier League fixtures rated ahead of Game Week 4

➡ ➡ https://t.co/ck8K1euXv8

#FPL #GW4 #premierleague","['FPL', 'GW4', 'premierleague']",0,0,0,"<a href=""https://contentstudio.io"" rel=""nofollow"">ContentStudio.io</a>",Worldwide,False,501,1155
1.03557E+18,2018-08-31 16:52:18+00:00,TaroSkamariner,@jackie14AP น่าจะให้มีจัดลีค ของ Fantasy Premier League ของ   Commentators ด้วยนะครับพี่ 😃,,0,0,0,"<a href=""http://twitter.com/download/android"" rel=""nofollow"">Twitter for Android</a>","Bangkok, Thailand",False,31,332
1.03558E+18,2018-08-31 17:38:51+00:00,StatmanDave,I liked a @YouTube video https://t.co/WsO2i8GOv8 Fantasy Premier League Ones To Watch &amp; Transfers | FPL Gameweek 4,,0,3,2,"<a href=""https://www.google.com/"" rel=""nofollow"">Google</a>","Manchester, England",True,388074,708
1.03567E+18,2018-08-31 23:36:10+00:00,EPLFanForLife_,"I'm retiring from recruiting people to join my #FPL minileague tomorrow morning at the deadline.  Until then, I'm just beggin' and pleadin'.

Come on in.  It's fun.

And stuff.

Join FPL MOSHPIT - my Fantasy Premier League private league. https://t.co/WlXtW7CRkI",['FPL'],2,2,0,"<a href=""http://twitter.com"" rel=""nofollow"">Twitter Web Client</a>",,False,7388,1994
1.03603E+18,2018-09-01 23:28:46+00:00,TheDanB1,Properly excited for the NFL season now.  Let's hope I can get my fantasy team right for that unlike my Premier League one.,,0,4,0,"<a href=""http://twitter.com/download/android"" rel=""nofollow"">Twitter for Android</a>",Nottingham ,False,829,4966
1.0363E+18,2018-09-02 16:55:55+00:00,TheFantasyGod4,"I officially hate Fantasy Premier League. Whoever you buy doesn’t perform, whoever you sell performs tremendously. FML!",,0,0,0,"<a href=""http://twitter.com/download/iphone"" rel=""nofollow"">Twitter for iPhone</a>",South Africa,False,14,196
1.03632E+18,2018-09-02 18:15:53+00:00,PauloBanti,"First time of playing Bundesliga fantasy league and i got 96 points,compared to the 63 i got on fantasy premier league make i just port abeg 😂",,0,2,0,"<a href=""http://twitter.com/download/android"" rel=""nofollow"">Twitter for Android</a>",Valley of Peace,False,1745,1381
1.03639E+18,2018-09-02 23:18:16+00:00,BONDOK16920520,Join كاس قهوه بندق - my Fantasy Premier League private league. https://t.co/LkGE2DH0Aa,,0,0,0,"<a href=""http://twitter.com"" rel=""nofollow"">Twitter Web Client</a>",طنطاااوى,False,5,112
1.03655E+18,2018-09-03 09:45:11+00:00,FPLUpdates_Tips,Fantasy Premier League: Top 7 midfielders for September https://t.co/Yhl0ByguKP,,0,0,0,"<a href=""http://www.facebook.com/twitter"" rel=""nofollow"">Facebook</a>",,False,54246,13880
1.03657E+18,2018-09-03 11:00:29+00:00,Sokolako,"Fantasy Football: Lukaku leads the line for our Premier League Team of the Week
https://t.co/RRumAs5pYI https://t.co/NUbrKaLaZ0",,0,0,0,"<a href=""http://www.sokolako.com"" rel=""nofollow"">Sokolako</a>",,False,104,89
1.03689E+18,2018-09-04 08:17:05+00:00,PanditID,Pemain Premier League Juga Bermain Fantasy Premier League https://t.co/DEy4rlm7GT https://t.co/qDBe5jYulj,,1,0,0,"<a href=""https://dlvrit.com/"" rel=""nofollow"">dlvr.it</a>",Indonesia,False,190,1
1.03698E+18,2018-09-04 14:30:34+00:00,ThreeMenOnABoat,Fantasy Premier League: Our top 10 after week 4 https://t.co/bBWPfRrAWR https://t.co/22bZstvDFC,,0,0,0,"<a href=""http://publicize.wp.com/"" rel=""nofollow"">Jetpack.com</a>",Zimbabwe,False,20414,801
1.03723E+18,2018-09-05 07:00:09+00:00,JNO_FPL,Fantasy Premier League - SALAH vs. MANE &amp; HAZARD - #FPL 2018/19 #GW5 https://t.co/7c32YwsLpO,"['FPL', 'GW5']",0,1,0,"<a href=""https://www.google.com/"" rel=""nofollow"">Google</a>","London, England",False,2890,999
1.03729E+18,2018-09-05 11:00:04+00:00,fplcloud,fantasy premier league tips – analysing the teams of 10 top FPL managers GW5 https://t.co/YEqiBIxpfc #FPL,['FPL'],0,1,0,"<a href=""http://www.fantasyfootballcloud.com/"" rel=""nofollow"">FFCloud</a>","Kendal, England",False,1649,135
1.03734E+18,2018-09-05 13:49:33+00:00,qalanderium,Fantasy premier league mein bhi paison ki kammi hai asal zindagi ka haal na hi poochein behtar hai,,0,1,0,"<a href=""http://twitter.com"" rel=""nofollow"">Twitter Web Client</a>","Lahore, PK.",False,829,320
1.03742E+18,2018-09-05 19:16:59+00:00,_Mundalamo,Anyone playing Fantasy Premier League? Me and my nigga just started a private league and you can join us for game week 5,,0,0,0,"<a href=""http://twitter.com/download/android"" rel=""nofollow"">Twitter for Android</a>","Secunda, South African",False,1510,1655
1.03772E+18,2018-09-06 15:00:04+00:00,fplcloud,fantasy premier league wildcards GW5 part 3 – Costas and Mikael H with their imaginary wildcards https://t.co/MjSdDZnJXH #FPL,['FPL'],0,0,0,"<a href=""http://www.fantasyfootballcloud.com/"" rel=""nofollow"">FFCloud</a>","Kendal, England",False,1649,135
1.03773E+18,2018-09-06 15:47:55+00:00,FantasyFPundit,"Debating using your wildcard in Fantasy Premier League?

Make sure you need to before wasting it. It will be missed a luxury in December!

The median points total so far is 195!

📊 WILDCARD STAT: Through gameweek 4 only 15.8% of FPL managers have used their wildcard!

#FPL",['FPL'],0,1,4,"<a href=""http://twitter.com"" rel=""nofollow"">Twitter Web Client</a>",facebook.com/FantasyFPundit,False,11766,75
1.03775E+18,2018-09-06 17:29:24+00:00,king_Daniel4,Premier League newcomers to pick and avoid in fantasy soccer - https://t.co/dwd1HdmrDU https://t.co/f5osgl45nK,,0,0,0,"<a href=""http://truefeedz.com"" rel=""nofollow"">Abdul Umar</a>",Earth,False,964,1067
1.03801E+18,2018-09-07 10:35:00+00:00,CharlesTilley,@baldmc Am I though Nav? First international break and i'm bottom in every premier fantasy league and in the NFL opener last night my best running back got injured. Do i just not know anything? what is football?,,0,1,1,"<a href=""https://about.twitter.com/products/tweetdeck"" rel=""nofollow"">TweetDeck</a>",Leigh-on-Sea,False,499,706
1.03807E+18,2018-09-07 14:21:26+00:00,nomadic_moh,Join W.T.F LEAGUE - my Fantasy Premier League private league. https://t.co/zJKmKNqk4R,,0,0,0,"<a href=""http://twitter.com"" rel=""nofollow"">Twitter Web Client</a>","Abuja, Kano, Kaduna & Zaria ",False,405,743
1.03842E+18,2018-09-08 13:30:05+00:00,CricIndeed,"Other side of Stuart Broad,

Competing against nearly 6 million other managers, he was ranked the Number 1 manager in the popular football game ""Fantasy Premier League"" for the 37th Gameweek of the 2017/18 version of the game!

Future manager of @ECB_cricket ?
#ENGvIND #OvalTest https://t.co/EL4ZnnODcs","['ENGvIND', 'OvalTest']",0,1,0,"<a href=""https://buffer.com"" rel=""nofollow"">Buffer</a>",Chennai,False,1214,1135
1.03854E+18,2018-09-08 21:22:18+00:00,HassanElsha3er,"Fantasy Premier League ممكن لو سمحتم تضيفولي جونين صلاح والاتنين اسيست والبونص للنقط بتوع الاسبوع
اصل كل ماحطه كابتن مابيعملش حاجة وانا مكبتنه الاسبوع ده 😂😂",,0,2,0,"<a href=""http://www.facebook.com/twitter"" rel=""nofollow"">Facebook</a>",,False,61,23
1.03958E+18,2018-09-11 18:38:39+00:00,RotoWireSoccer,Fantasy Premier League Rankings: Gameweek 5 https://t.co/5fhC7vyfPk #FPL,['FPL'],0,0,0,"<a href=""https://about.twitter.com/products/tweetdeck"" rel=""nofollow"">TweetDeck</a>",,False,3790,437
1.03985E+18,2018-09-12 12:20:05+00:00,Evans_Stark1,Join Goats  - my Fantasy Premier League private league. https://t.co/DHfhg5A4r3,,16,36,0,"<a href=""http://twitter.com"" rel=""nofollow"">Twitter Web Client</a>",Naguru East in 2035 ,False,93538,23836
1.04E+18,2018-09-12 22:05:04+00:00,ESPNBrasil,"ESPN lança Fantasy de futebol internacional, e você pode ser treinador da Premier League, LaLiga e Champions
Crie a sua e divirta-se!
https://t.co/nkpuUtqxmo https://t.co/jZEMpBZeUG",,3,25,3,"<a href=""https://buffer.com"" rel=""nofollow"">Buffer</a>",Brasil,True,3315439,29
1.04002E+18,2018-09-12 23:32:30+00:00,HypeTrainHQ,"⚽️🚂 #FPL #GW5 Weekly Differentials Article 🚂⚽️

@HypeTrainSam explores a hidden Fantasy gem in each Premier League fixture ahead of the fifth round of fixtures, the first following an international break.

Read here ⬇️
https://t.co/RroV4jAJ7W https://t.co/buj36LwRBi","['FPL', 'GW5']",8,11,0,"<a href=""http://twitter.com"" rel=""nofollow"">Twitter Web Client</a>",contact@thehypetrain.co.uk,False,5843,1155
1.04053E+18,2018-09-14 09:00:09+00:00,jt_ozterrier,Join my Fantasy Premier League with the league code 365015-78514 at https://t.co/6qjP3EfaiL,,0,0,0,"<a href=""https://ifttt.com"" rel=""nofollow"">IFTTT</a>","Melbourne, Australia",False,900,31
1.04053E+18,2018-09-14 09:35:10+00:00,pitchcheck,"Fantasy Premier League: Over 1,000 Euro in prizes...",,0,1,0,"<a href=""http://www.pitchcheck.ie"" rel=""nofollow"">Pitchcheck</a>",,False,99,18
1.04087E+18,2018-09-15 08:02:54+00:00,vhicralph,What's the @ of this chic on Fantasy premier league on @SuperSportTV,,0,0,0,"<a href=""http://twitter.com/download/android"" rel=""nofollow"">Twitter for Android</a>",In The Clear,False,2951,2824
1.0409E+18,2018-09-15 10:00:14+00:00,everythindave,Huddersfield Town V Crystal Palace - Fantasy Premier League 18/19: https://t.co/jwY3f6tKsv via @YouTube,,0,0,0,"<a href=""https://www.google.com/"" rel=""nofollow"">Google</a>","England, United Kingdom",False,20,41
1.04097E+18,2018-09-15 14:10:31+00:00,LGHTBRINGER,Premier League fantasy needs some updated substation rules. Like how the fuck am I supposed to know Sané was gonna get the start?,,0,1,0,"<a href=""http://twitter.com/download/android"" rel=""nofollow"">Twitter for Android</a>",Stankonia,False,278,92
1.04097E+18,2018-09-15 14:37:52+00:00,KafkasDonut,"I had a dream last night that Neil Etheridge got the most points in Fantasy Premier League this week/month and thought it was such a silly dream I didn't even bother to tweet it, but if he pulls off a Clean Sheet against Chelsea... What a geezer.",,0,1,2,"<a href=""http://twitter.com"" rel=""nofollow"">Twitter Web Client</a>","Alpes-Maritimes, Provence-Alpe",False,308,991
1.041E+18,2018-09-15 16:09:48+00:00,RosarioPompizzi,¿Preferís ganar el Fantasy o que tu equipo se quede con la Premier League?,,0,10,14,"<a href=""http://twitter.com/download/android"" rel=""nofollow"">Twitter for Android</a>","Buenos Aires, Argentina",True,8809,1544
1.041E+18,2018-09-15 16:13:01+00:00,kimsile,I swear I did captain Eden Hazard on my fantasy premier league team this week. Just logged in right now and realized my settings weren’t saved. I feel cheated on 🤦‍♂️,,0,0,0,"<a href=""http://twitter.com/download/iphone"" rel=""nofollow"">Twitter for iPhone</a>","Nairobi, Kenya",False,583,856
1.04103E+18,2018-09-15 18:32:17+00:00,OutlawAtis,@framtidaaa Yeah it is. It’s just like the Premier League fantasy.,,0,0,1,"<a href=""http://twitter.com/download/iphone"" rel=""nofollow"">Twitter for iPhone</a>",012 Pretoria,False,2429,2375
1.04127E+18,2018-09-16 10:34:43+00:00,OscarFigure,My worst fantasy premier league week,,0,4,1,"<a href=""http://twitter.com/download/android"" rel=""nofollow"">Twitter for Android</a>","Eastleigh, Kenya",False,72597,72708
1.04128E+18,2018-09-16 11:15:03+00:00,Liverpool_newz,Liverpool_newz. Fantasy Premier League 2018/19: 5 Best Goalkeepers To Boos - SK Liverpool https://t.co/K2lgu0hcEv,,0,0,0,"<a href=""http://aggbot.com"" rel=""nofollow"">aggbot_poster</a>",UK,False,49415,49437
1.04145E+18,2018-09-16 22:20:00+00:00,ESPNBrasil,"NOVIDADE NA ÁREA! ⚽🔥 

A ESPN lança Fantasy de futebol internacional, e você pode ser treinador da Premier League, LaLiga e Champions League. Confira!

 #TudoPeloFutebol https://t.co/INE6vNk0RP",['TudoPeloFutebol'],0,19,2,"<a href=""https://studio.twitter.com"" rel=""nofollow"">Twitter Media Studio</a>",Brasil,True,3315437,29
1.04171E+18,2018-09-17 15:24:22+00:00,AirGlider99,@SkySportsPL Fantasy Premier League perhaps,,0,0,0,"<a href=""http://twitter.com/download/android"" rel=""nofollow"">Twitter for Android</a>",,False,55,295
1.04196E+18,2018-09-18 07:46:09+00:00,kwirirayi,[new] Fantasy Premier League: Our top 10 after Week 5 https://t.co/K743B5H4DG #3mob,['3mob'],0,0,0,"<a href=""https://ifttt.com"" rel=""nofollow"">IFTTT</a>",Zimbabwe,False,45456,741
1.04234E+18,2018-09-19 09:11:05+00:00,Sussex_Jones,From the @theipaper: Fantasy Premier League review: The best players in Gameweek 5 https://t.co/VCaQjvT4yM,,0,0,0,"<a href=""https://www.hootsuite.com"" rel=""nofollow"">Hootsuite Inc.</a>","By The Blue/Brown, Stuff.. !!",False,4995,2300
1.04239E+18,2018-09-19 12:34:14+00:00,TottenhamNews,Fantasy Football Tips: Premier League fixture difficulty rated ahead of Gameweek 6 https://t.co/Yr1ZYyGZ8h,,0,0,0,"<a href=""http://www.tottenhamnews.net/"" rel=""nofollow"">Spurs News RSS</a>",Tottenham,False,66816,8418
1.04239E+18,2018-09-19 12:46:36+00:00,RationalRajat,@yashmufc09 @RanveerOfficial @LFC @OfficialFPL he has hashtag fantasy premier league for a cl game...what a wanna be #fukra,['fukra'],0,0,0,"<a href=""http://twitter.com/download/iphone"" rel=""nofollow"">Twitter for iPhone</a>",,False,122,516
1.04252E+18,2018-09-19 20:49:07+00:00,theipaper,Fantasy Premier League – tips: 5 players to sign for your FPL team in Gameweek 6 https://t.co/eR8QusC2sv,,0,0,0,"<a href=""http://www.socialflow.com"" rel=""nofollow"">SocialFlow</a>",,True,135776,4154
1.0427E+18,2018-09-20 09:13:31+00:00,PSFRCCGofficial,"Ever heard of Fantasy Premier League? Here's your chance to know more about it and get you up to speed with it. Join us next week Thursday on Whatsapp by 8pm. Our facilitator is @Sir_masco
He'll be taking us through this amazing footballing journey. 
#Indomitable #PSF10 https://t.co/Nl16Wfqg5G","['Indomitable', 'PSF10']",7,16,0,"<a href=""http://twitter.com/download/android"" rel=""nofollow"">Twitter for Android</a>",RCCG HQs,False,58360,163
1.04273E+18,2018-09-20 11:18:05+00:00,ManUtdAction,Fantasy Premier League tips: Biggest transfer ins and outs ahead of FPL GW6,,0,2,0,"<a href=""https://dlvrit.com/"" rel=""nofollow"">dlvr.it</a>",#mufc,False,35208,23619
1.04295E+18,2018-09-21 01:19:36+00:00,newsoneplace,"(https://t.co/7HLj5rsGWo):The week in #Fantasy #Premier League: Essential Eden Hazard and the problem with Salah : As we search for some certainty in this short life, Fantasy Premier League is really the last place any of us should be looking. .. https://t.co/1811DO2cgO","['Fantasy', 'Premier']",0,0,0,"<a href=""http://www.newsoneplace.com"" rel=""nofollow"">Newsoneplace To Twitter</a>",,False,1237,164
1.04304E+18,2018-09-21 07:39:06+00:00,JoshPoulter04,Best thing about not playing footy is that I can now not forget about doing my fantasy premier league transfers on a Saturday night because I’m not 10 beers down by the 9:45pm kickoff,,0,0,0,"<a href=""http://twitter.com/download/iphone"" rel=""nofollow"">Twitter for iPhone</a>",Naarm,False,558,3388
1.04314E+18,2018-09-21 14:05:10+00:00,physioroom,"Fantasy Premier League: @rfishersport is back again to win you some extra points as he makes his bargain picks for Gameweek 6

READ:
https://t.co/SSbLENZeZ0

#FPL #CPFC #BHAFC #AFC #MUFC #COYI #FF https://t.co/QgjZEWUByu","['FPL', 'CPFC', 'BHAFC', 'AFC', 'MUFC', 'COYI', 'FF']",1,1,0,"<a href=""http://www.hootsuite.com"" rel=""nofollow"">Hootsuite</a>",United Kingdom,False,47348,1473
1.0432E+18,2018-09-21 17:56:28+00:00,IamMatthew13,"Thanks for creating a platform of this type and it's a pleasure being a partaker to test competitively the ability to develop and manage a team via the fantasy premier league.
@wavesplatform @aucttoken @autotekpro @Ebunayo08 

I'm glad!",,1,1,1,"<a href=""http://twitter.com/download/android"" rel=""nofollow"">Twitter for Android</a>",,False,310,289
1.04324E+18,2018-09-21 20:29:09+00:00,JakeAGriff,"Heartbroken to be taking Fosu-Mensah out my telegraph fantasy football cos he's only got 2 points all season. Now this sacrifice has been made he can go achieve the 100 points we know he can.

Ryan Sessegnon also gets the boot cos premier league clearly is not the championship.",,0,0,1,"<a href=""http://twitter.com"" rel=""nofollow"">Twitter Web Client</a>","Oldham, GREATer Manchester.",False,3290,2500
1.04339E+18,2018-09-22 06:26:18+00:00,90min_plus3,"Fantasy Premier League Preview – Gameweek 6 – FPL Tips

Burnley vs Bournemouth

STAR MAN: Ryan Fraser (5.7m)

PREDICTION: Burnley 1-2 Bournemouth https://t.co/Fq3pqhedj0",,0,0,0,"<a href=""http://twitter.com"" rel=""nofollow"">Twitter Web Client</a>",,False,1611,1329
1.04339E+18,2018-09-22 06:27:35+00:00,90min_plus3,"Fantasy Premier League Preview – Gameweek 6 – FPL Tips

Leicester vs Huddersfield

STAR MAN: Jamie Vardy (8.9m)

PREDICTION: Leicester City 2-0 Huddersfield https://t.co/0TJtLTIMkN",,0,0,0,"<a href=""http://twitter.com"" rel=""nofollow"">Twitter Web Client</a>",,False,1611,1329
1.0434E+18,2018-09-22 07:31:21+00:00,SirAlexStand,Fantasy Premier League tips: Last-minute Fantasy Football transfers for FPL GW6 https://t.co/i9EAcMvKlW https://t.co/ec0ptf6nDb,,0,0,0,"<a href=""http://publicize.wp.com/"" rel=""nofollow"">Jetpack.com</a>",,False,176318,12649
1.04389E+18,2018-09-23 16:00:35+00:00,thaktonhemlock,Dam fantasy football making me watch shit Premier league games. #ARSEVE,['ARSEVE'],0,0,0,"<a href=""http://twitter.com/download/iphone"" rel=""nofollow"">Twitter for iPhone</a>","Sligo, Ireland",False,792,1431
1.04396E+18,2018-09-23 20:43:43+00:00,jwc37922,A new season of Fantasy Survivor starts with the premier of Davids vs Goliaths on CBS on Wednesday at 8:00 PM EDT.  Join the Tennessee Survivors fantasy league… https://t.co/81jh4efCme,,0,0,0,"<a href=""http://instagram.com"" rel=""nofollow"">Instagram</a>",,False,56,185
1.0441E+18,2018-09-24 05:50:04+00:00,GamblingBible,Fantasy Premier League tips: Top Fantasy Football transfers for FPL GW7 https://t.co/v9KX6n0uZR,,0,0,0,"<a href=""http://masterblaster.aussieaussieaussie.net.au"" rel=""nofollow"">MasterBlasterApp</a>",Gambling Heaven,False,194,124
1.04419E+18,2018-09-24 11:40:49+00:00,klubamatir,"📣📣📣📣
Saatnya umumkan yang dapat hadiah (kecil-kecilan) pulsa 25k. Top poin Empu Fantasy Premier League gameeeek 6, Twicenu kepunyaan 
@w1snu322 👏

Selamat! Nomor hp lanjut di DM ya 😁 https://t.co/h26BvMaPMX",,3,0,2,"<a href=""https://mobile.twitter.com"" rel=""nofollow"">Twitter Web App</a>","Tangerang, Banten (Indonesia)",False,1017,226
1.04436E+18,2018-09-24 23:13:04+00:00,Ramadan0000,Join Lkanamy - my Fantasy Premier League private league. https://t.co/5vql3xiErA,,0,0,0,"<a href=""http://twitter.com/download/android"" rel=""nofollow"">Twitter for Android</a>",Nigeria,False,221,644
1.04529E+18,2018-09-27 12:44:39+00:00,Jamz1001FM,"Fantasy Premier League has never been easier, Join Jamz Fm Real Sports Fantasy premier league and prove you have what it takes to be a winner in this season Fantasy Premier league. CODE to join league : 2595564-1178842 https://t.co/wZInXJxCPI",,3,5,2,"<a href=""http://twitter.com/download/iphone"" rel=""nofollow"">Twitter for iPhone</a>","Ibadan, Nigeria ",False,5245,259
1.04531E+18,2018-09-27 14:05:20+00:00,RotoBaller,NEW: Fantasy Premier League Diary - Gameweek 7 EPL Preview https://t.co/xYTACOMtpd by @fs_mati,,0,0,0,"<a href=""http://www.rotoballer.com"" rel=""nofollow"">wp-to-twi</a>",Listen in live on SiriusXM 🎙,False,25468,1819
1.0456E+18,2018-09-28 09:11:09+00:00,spoortr7ty,"New post (Fantasy Premier League tips: Who should I captain in FPL GW7? Lukaku, Hazard or Aguero?) has been published on sportr7ty - https://t.co/HbuR8xzaH5",,0,0,0,"<a href=""http://spoortyr7ty.info/"" rel=""nofollow"">sportr7ty</a>",,False,19,12
1.04563E+18,2018-09-28 11:21:40+00:00,lifer_crypto,Premier League Fantasy Football: Who’s Hot and Who’s Not in Gameweek 7 https://t.co/upLHSwrU7O,,0,0,0,"<a href=""http://publicize.wp.com/"" rel=""nofollow"">Jetpack.com</a>",,False,4753,3368
1.04567E+18,2018-09-28 13:22:42+00:00,Qandah96,"Relationships ain't for everyone, enafe ma heartbreaks athu akusunga ndi a premier bet and premier league fantasy! https://t.co/3FLUaugu2s",,3,2,1,"<a href=""http://twitter.com/download/android"" rel=""nofollow"">Twitter for Android</a>","Luwinga, Mzuzu ",False,2319,2332
1.04592E+18,2018-09-29 06:26:24+00:00,90min_plus3,"Fantasy Premier League Preview – Gameweek 7 – FPL Tips

Arsenal vs Watford

STAR MAN: Pierre-Emerick Aubameyang (10.8m)

PREDICTION: Arsenal 3-1 Watford https://t.co/YM90mun9SO",,0,0,0,"<a href=""http://twitter.com"" rel=""nofollow"">Twitter Web Client</a>",,False,1611,1329
1.04592E+18,2018-09-29 06:27:45+00:00,90min_plus3,"Fantasy Premier League Preview – Gameweek 7 – FPL Tips

Huddersfield vs Tottenham

STAR MAN:  Deli ALLI  (9.0m)

PREDICTION: Huddersfield 0-2 Tottenham https://t.co/qnCR1uERKK",,0,0,0,"<a href=""http://twitter.com"" rel=""nofollow"">Twitter Web Client</a>",,False,1611,1329
1.04596E+18,2018-09-29 08:50:03+00:00,kvngmidas_,"Join A league  - my Fantasy Premier League private league. https://t.co/KIj393JSOH
#fpl",['fpl'],0,0,0,"<a href=""http://twitter.com/download/android"" rel=""nofollow"">Twitter for Android</a>","Lagos, phrygia",False,709,746
1.04683E+18,2018-10-01 18:20:22+00:00,wemabank,"Get in on some financial independence. 💴

The Enovate X SociaLiga Fantasy Premier League challenge is still on!
You could win up to N1 million.

Register on https://t.co/l4Ji86b0V9

And look out for a message from us after you’ve registered.

All the best! https://t.co/Elu9msjNYM",,16,6,1,"<a href=""http://twitter.com/download/iphone"" rel=""nofollow"">Twitter for iPhone</a>",Nigeria,True,110776,42
1.04709E+18,2018-10-02 11:35:01+00:00,Superbru,"🔥 TEAM OF THE ROUND

Here's your weekly round-up of the best performing players in our Premier League fantasy games. After managing a brace at Huddersfield, Harry Kane was this week's star man. #FPL #THFC 

https://t.co/SLUFCtZqgP","['FPL', 'THFC']",0,1,0,"<a href=""https://about.twitter.com/products/tweetdeck"" rel=""nofollow"">TweetDeck</a>",London,True,17947,760
1.04744E+18,2018-10-03 11:00:03+00:00,ezzramli,lol even the (fantasy) premier league is into it #MeanGirlsDay,['MeanGirlsDay'],0,0,0,"<a href=""http://twitter.com/download/iphone"" rel=""nofollow"">Twitter for iPhone</a>","London, England",False,184,1328
1.04752E+18,2018-10-03 16:02:08+00:00,Pain_Szn07,I liked a @YouTube video https://t.co/YNvO4u2SO6 TOP 5 PICKS OF THE WEEK FANTASY PREMIER LEAGUE,,0,0,0,"<a href=""https://www.google.com/"" rel=""nofollow"">Google</a>",,False,1737,1048
1.04774E+18,2018-10-04 06:46:50+00:00,90min_plus3,"Fantasy Premier League Preview – Gameweek 8 – FPL Tips

Burnley vs Huddersfield

STAR MAN: Aaron Lennon (5.0m)

PREDICTION: Burnley 1-0 Huddersfield https://t.co/u5WYS9w0XK",,0,0,0,"<a href=""http://twitter.com"" rel=""nofollow"">Twitter Web Client</a>",,False,1611,1329
1.04777E+18,2018-10-04 08:52:04+00:00,uk_sport_fan,Fantasy Premier League tips: Biggest transfer ins and outs ahead of FPL GW8 - https://t.co/efxsLs2XQ8 https://t.co/1Ijo0xHOgd https://t.co/0OYTKelOsO,,0,1,0,"<a href=""https://dlvrit.com/"" rel=""nofollow"">dlvr.it</a>",,False,124,102
1.04783E+18,2018-10-04 12:35:37+00:00,FantasyFPundit,"An earlier start for Fantasy Premier League action this week. The Gameweek 8 transfer deadline is 19:00 BST tomorrow!

Here is our Fantasy Premier League Gameweek 8 preview article: #FPL https://t.co/6FEu0W3p2z",['FPL'],1,3,0,"<a href=""http://twitter.com"" rel=""nofollow"">Twitter Web Client</a>",facebook.com/FantasyFPundit,False,11766,75
1.04787E+18,2018-10-04 15:32:28+00:00,EspenLangeveld,"En viktig kunst i Fantasy Premier League er å hoppe på spillere før de blir for dyre og før de blir allemannseie. Hvem hopper man på nå?

https://t.co/RIY4uumXb5",,1,10,4,"<a href=""http://twitter.com/download/iphone"" rel=""nofollow"">Twitter for iPhone</a>","Oslo, Norge",False,2535,578
1.04789E+18,2018-10-04 17:00:04+00:00,ToffeesNews,Fantasy Football Tips: Transfer Guru assesses Premier League fixtures ahead of Gameweek 8 https://t.co/n7CxrIY2fV,,0,0,0,"<a href=""http://www.evertonnews.org/"" rel=""nofollow"">Everton News RSS</a>",Liverpool,False,46444,7954
1.04791E+18,2018-10-04 18:12:32+00:00,club_Mufctid,"Check out on @EuroFantasyGame, which three Premier League players stole the show last weekend that you must have in your Fantasy Premier League team! https://t.co/F23AN52ak3 https://t.co/ECwsT1CXf1",,0,1,0,"<a href=""https://about.twitter.com/products/tweetdeck"" rel=""nofollow"">TweetDeck</a>",Manchester,False,7060,2456
1.04811E+18,2018-10-05 07:21:11+00:00,Arsenal_update,Arsenal_update. Fantasy Premier League 2018-19: Top 5 strikers for scoring poi - SK Arsenal https://t.co/LnFadPtpjV,,0,0,0,"<a href=""http://aggbot.com"" rel=""nofollow"">aggbot_poster</a>",UK,False,38816,38042
1.04816E+18,2018-10-05 10:40:04+00:00,ToffeesNews,"Fantasy Premier League tips: Last-minute transfers, bargains and captain picks for FPL GW8 https://t.co/bArGhK06mA",,0,0,0,"<a href=""http://www.evertonnews.org/"" rel=""nofollow"">Everton News RSS</a>",Liverpool,False,46444,7954
1.04852E+18,2018-10-06 10:39:29+00:00,Sa9arParmar,"I am glad to see Afghanistan premier league. you can participate in Fantasy League and grab points
#MaqsadAzmat",['MaqsadAzmat'],0,0,0,"<a href=""http://twitter.com/download/android"" rel=""nofollow"">Twitter for Android</a>","Gujarat, India",False,6529,6959
1.04857E+18,2018-10-06 13:29:30+00:00,julzsherura,@smull_EL 😂 that's why it's called FANTASY premier league,,0,0,0,"<a href=""http://twitter.com/download/android"" rel=""nofollow"">Twitter for Android</a>",Kampala - Uganda,False,7207,475
1.04876E+18,2018-10-07 02:33:45+00:00,Abdovic10,Join beginners fpl - my Fantasy Premier League private league #fpl. https://t.co/SyGwj6sW11,['fpl'],0,0,0,"<a href=""http://twitter.com"" rel=""nofollow"">Twitter Web Client</a>","Cairo, Egypt",False,32,258
1.04886E+18,2018-10-07 09:15:02+00:00,everythindave,Southampton V Chelsea - Fantasy Premier League 18/19: https://t.co/VwmlwPZ85g via @YouTube,,0,0,0,"<a href=""https://www.google.com/"" rel=""nofollow"">Google</a>","England, United Kingdom",False,20,41
1.04919E+18,2018-10-08 06:41:55+00:00,Timbassett,Think the Premier League need to check the algo managing their fantasy league transfer market - Has Alonso 6.7 Bid at 6.5 Offered WTFF? https://t.co/2KPfBxTodi,,0,0,0,"<a href=""https://ifttt.com"" rel=""nofollow"">IFTTT</a>","ÜT: 52.097212,1.347258",False,326,986
1.04923E+18,2018-10-08 09:22:48+00:00,tumutungire,"Fantasy Premier League can lead depression 😥😥
Esp. when you only see the red arrows downwards😥
#jubilewocup110k",['jubilewocup110k'],0,7,2,"<a href=""http://twitter.com/download/android"" rel=""nofollow"">Twitter for Android</a>","Kampala, Uganda",False,14821,9000
1.04933E+18,2018-10-08 15:48:57+00:00,so_babe,Join The league at the Bridge - my Fantasy Premier League private league. https://t.co/iFQn3dQ4IS,,0,0,2,"<a href=""http://twitter.com"" rel=""nofollow"">Twitter Web Client</a>","Lagos, Nigeria",False,908,855
1.0501E+18,2018-10-10 19:15:46+00:00,ryanemcdonnell,"@Toonstar69 @conormallon9 @Pumpido1981 @OfficialFPL Click this link: https://t.co/GGn832zxSE

Click, forgotten user details. 

Go to Fantasy Premier League

Sort your shit out!",,0,2,1,"<a href=""http://twitter.com/download/iphone"" rel=""nofollow"">Twitter for iPhone</a>","St Ives, Cambridgeshire",False,1414,1106
1.05046E+18,2018-10-11 18:59:23+00:00,offshorebroker,#Fantasy soccer -- #Lessons learned -- #Eden Hazard is the #Premier League's Messi ... in fantasy https://t.co/oSS4TPmuvA,"['Fantasy', 'Lessons', 'Eden', 'Premier']",0,0,0,"<a href=""http://www.scoop.it"" rel=""nofollow"">Scoop.it</a>",,False,12484,12074
1.05173E+18,2018-10-15 06:50:05+00:00,spoortr7ty,New post (Fantasy Premier League tips: Best Fantasy Football transfers for FPL GW9) has been published on sportr7ty - https://t.co/ud43d2eyK9,,0,0,0,"<a href=""http://spoortyr7ty.info/"" rel=""nofollow"">sportr7ty</a>",,False,19,12
1.05253E+18,2018-10-17 11:47:34+00:00,Liliomos,"#FPL #PremierLeague #Football #Fantasyfootball
Fantasy Premier League 9 (RtPL) . Win 2,500 euro with only 3 euro!
https://t.co/Ckcg0pS5N9 https://t.co/CuJm41Ez2o","['FPL', 'PremierLeague', 'Football', 'Fantasyfootball']",0,0,0,"<a href=""http://twitter.com"" rel=""nofollow"">Twitter Web Client</a>","Zaanstad, Nederland",False,644,3452
1.05256E+18,2018-10-17 14:18:14+00:00,CoStarGaming,I added a video to a @YouTube playlist https://t.co/YpvQFRrEmr FPL First - LIVE // Recap of Fantasy Premier League &amp; English Premier,,0,0,0,"<a href=""https://www.google.com/"" rel=""nofollow"">Google</a>",,False,8,35
1.05266E+18,2018-10-17 20:31:15+00:00,SoccerJaja,For all news and rumours about your favorite English Club plus Fantasy Premier League tips. Check out our Podcasts via https://t.co/MER3iWVQ3i https://t.co/KfWeOMW5FM,,0,2,0,"<a href=""http://instagram.com"" rel=""nofollow"">Instagram</a>","Kampala, Uganda",False,393,770
1.05308E+18,2018-10-19 00:38:04+00:00,isportbroadcast,"The week in Fantasy Premier League: Salah redemption, Kane collapse and looking beyond colour-coded fixtures https://t.co/PWDszcBAu3",,0,0,0,"<a href=""https://dlvrit.com/"" rel=""nofollow"">dlvr.it</a>",,False,757,1
1.05319E+18,2018-10-19 07:33:51+00:00,9janews241,Fantasy Premier League tips: Raheem Sterling challenges Eden Hazard as top midfield asset https://t.co/l2sIfjVDjv https://t.co/l3QR5pgGvZ,,0,0,0,"<a href=""http://publicize.wp.com/"" rel=""nofollow"">Jetpack.com</a>",,False,184,328
1.05333E+18,2018-10-19 17:00:03+00:00,BookieBoostApp,Fantasy football: Most transferred Premier League players and tips ahead of Gameweek 9 https://t.co/VfizQFKuJT,,0,0,0,"<a href=""http://masterblaster.aussieaussieaussie.net.au"" rel=""nofollow"">MasterBlasterApp</a>",See ALL accumulators at 👇,False,34308,134
1.05337E+18,2018-10-19 19:39:36+00:00,90min_plus3,"Fantasy Premier League Preview – Gameweek 9 – FPL Tips #FPL

Bournemouth vs Southampton

STAR MAN: Callum Wilson (6.4m)

PREDICTION: Bournemouth 2-1 Southampton https://t.co/gZFQuZXIwF",['FPL'],0,0,0,"<a href=""http://twitter.com"" rel=""nofollow"">Twitter Web Client</a>",,False,1611,1329
1.05337E+18,2018-10-19 19:52:01+00:00,90min_plus3,"Fantasy Premier League Preview – Gameweek 9 – FPL Tips #FPL

Arsenal vs Leicester

STAR MAN: Alexandre Lacazette (9.5m)

PREDICTION: Arsenal 3-1 Leicester https://t.co/gtC98EdmIG",['FPL'],0,0,0,"<a href=""http://twitter.com"" rel=""nofollow"">Twitter Web Client</a>",,False,1611,1329
1.05354E+18,2018-10-20 07:10:07+00:00,OfWenger,"Wenger up bright and early to make final premier league fantasy football changes.
""Always knew I should have kept Kane""
#SaturdayMotivation https://t.co/QG00qL91C8",['SaturdayMotivation'],0,1,0,"<a href=""http://twitter.com/download/android"" rel=""nofollow"">Twitter for Android</a>",,False,5,12
1.05365E+18,2018-10-20 14:19:32+00:00,navindave,fantasy premier league my ass,,2,0,0,"<a href=""http://twitter.com"" rel=""nofollow"">Twitter Web Client</a>",Kuala Lumpur,False,885,580
1.05369E+18,2018-10-20 16:54:28+00:00,littlestu25,@SaulSmith_10 Fantasy Premier League gives assists to the winner of a pen,,0,1,0,"<a href=""http://twitter.com/download/android"" rel=""nofollow"">Twitter for Android</a>","Reading, England",False,284,278
1.05378E+18,2018-10-20 22:48:57+00:00,farouckbello,The very week I bring a new player in my fantasy two things happen. It's either the player get benched for the match or he doesn't perform well. I'm quitting premier league fantasy😭😭😭,,0,1,0,"<a href=""http://twitter.com/download/android"" rel=""nofollow"">Twitter for Android</a>",Etihad Stadium w cactus jack🌵,False,2822,540
1.05396E+18,2018-10-21 10:26:52+00:00,Superbru,"Yesterday's ideal Premier League 5-a-side fantasy team at Superbru:

GK - M. Ryan (8 points)
DF - B. Mendy (9 points)
MF - Fernandinho/B. Reid (10 points)
WM - A. Martial (12 points)
ST - S. Agüero (8 points) 

#Superbru #FPL","['Superbru', 'FPL']",0,1,1,"<a href=""http://twitter.com/download/android"" rel=""nofollow"">Twitter for Android</a>",London,True,17947,760
1.0543E+18,2018-10-22 09:08:14+00:00,NewsLiverpool,Fantasy Premier League tips: Best Fantasy Football transfers for FPL GW10 https://t.co/g4B0QTImem #lfc,['lfc'],0,0,0,"<a href=""http://www.liverpoolfcnews.net/"" rel=""nofollow"">Liverpool News RSS</a>",Liverpool,False,119674,23484
1.05432E+18,2018-10-22 10:30:16+00:00,_josh_obi,Week 9 Fantasy Premier League team was kinda awesome... Jordan pickford was 🙌💥 #FPL https://t.co/cy17nWsWlX,['FPL'],0,0,0,"<a href=""http://www.twitter.com"" rel=""nofollow"">Twitter for BlackBerry</a>","Lagos, Nigeria",False,1728,1837
1.05446E+18,2018-10-22 20:05:46+00:00,Omwedede,@VellaJimmie Are u on fantasy premier league?,,0,0,0,"<a href=""http://twitter.com/download/android"" rel=""nofollow"">Twitter for Android</a>",,False,1312,2648
1.05447E+18,2018-10-22 20:35:39+00:00,ahmed_yasserr58,@ahmedalghaeb00 انا بكلم عالpremier league مش دورى شبين الكوم فالfantasy 😂,,0,0,1,"<a href=""http://twitter.com/download/iphone"" rel=""nofollow"">Twitter for iPhone</a>",mansoura,False,609,834
1.0547E+18,2018-10-23 11:31:04+00:00,FPL365,Why in-form Wolves lost at home to Watford in Gameweek 9: It was as if somebody wound back time as Watford proved the Fantasy Premier League coupon busters on ... https://t.co/3K6HjxAA0I,,0,0,0,"<a href=""https://dlvrit.com/"" rel=""nofollow"">dlvr.it</a>","Not official, but better",False,610,0
1.05473E+18,2018-10-23 13:25:54+00:00,ynsking2,@benmendy23 what is your team of  fantasy premier league ?? 🤔🤔😅😅,,0,0,0,"<a href=""http://twitter.com/download/android"" rel=""nofollow"">Twitter for Android</a>",Royaume du Maroc,False,15,475
1.05533E+18,2018-10-25 05:13:52+00:00,AdpresNet,Fantasy Premier League tips: Biggest transfer ins and outs ahead of FPL GW10 - https://t.co/3XIfNtJufo https://t.co/vNcFyFbIeh,,0,0,0,"<a href=""https://adpres.net"" rel=""nofollow"">Adpres.Net</a>",,False,41,5
1.05554E+18,2018-10-25 19:10:19+00:00,AaronDorcas1,Fantasy football: Tips for picking your Premier League team https://t.co/4zHy7LQGDF,,0,0,0,"<a href=""http://twitter.com"" rel=""nofollow"">Twitter Web Client</a>","Lagos, Nigeria",False,2,1
1.05586E+18,2018-10-26 16:36:15+00:00,NewsLiverpool,Fantasy Premier League tips: FPL Scout selection reveals some interesting picks for GW10 https://t.co/OPaIocCm7t #lfc,['lfc'],0,0,0,"<a href=""http://www.liverpoolfcnews.net/"" rel=""nofollow"">Liverpool News RSS</a>",Liverpool,False,119674,23484
1.0559E+18,2018-10-26 19:00:06+00:00,fplcloud,fantasy premier league team selection GW10 – the FFGeek team for GW10 https://t.co/7cRBLXx6ak #FPL,['FPL'],0,0,0,"<a href=""http://www.fantasyfootballcloud.com/"" rel=""nofollow"">FFCloud</a>","Kendal, England",False,1649,135
1.05595E+18,2018-10-26 22:38:00+00:00,90min_plus3,Fantasy Premier League tips: FPL Scout selection reveals some interesting picks for GW10 https://t.co/xXlSfmK07P,,0,2,0,"<a href=""http://twitter.com"" rel=""nofollow"">Twitter Web Client</a>",,False,1611,1329
1.05595E+18,2018-10-26 22:48:10+00:00,myFPLstrategy,"🎥NEW #FPL VIDEO 🎥

Predicated Team Line-ups Gameweek 10 | Fantasy Premier League 2018/19 

▶️https://t.co/sa7d5JjVYl https://t.co/WfTYmyv5xn",['FPL'],0,0,1,"<a href=""http://twitter.com"" rel=""nofollow"">Twitter Web Client</a>",🌍 OR: ,False,890,428
1.05608E+18,2018-10-27 07:04:55+00:00,lastwordonsport,Preview: Fantasy Premier League Gameweek 10 - https://t.co/8nIKuB8piq,,1,0,0,"<a href=""http://ms.lastwordonsports.com"" rel=""nofollow"">@LastWordOnSport</a>",worldwide,False,20561,15575
1.05724E+18,2018-10-30 11:45:45+00:00,KingFaisalYusuf,@emmysulesad Lmao. Hate the player? 😂🤣😂 I'm just saying u can't even get 40 on fantasy premier league. I won't download this goal fantasy because itll be waste of time honestly. Too cheap,,0,1,0,"<a href=""http://twitter.com/download/android"" rel=""nofollow"">Twitter for Android</a>",,False,4966,1621
1.05772E+18,2018-10-31 19:56:08+00:00,Perform_ePlayer,PREMIER LEAGUE NEWS : Fantasy Hot or Not - Wilson's productive season,,0,0,0,"<a href=""http://twitter.com"" rel=""nofollow"">Twitter Web Client</a>","Feltham, London",False,1441,12
1.05795E+18,2018-11-01 11:12:37+00:00,diskwizz,I liked a @YouTube video https://t.co/wNL1wJPtMi Who Has The Best Fixtures? | Gameweek 11-15 | FPL FIXTURE WATCH | Fantasy Premier,,0,0,0,"<a href=""https://www.google.com/"" rel=""nofollow"">Google</a>",Portugal (Algarve),False,63,145
1.05827E+18,2018-11-02 08:17:34+00:00,evertonnewsapp,"Fantasy Premier League tips: Who should I captain in FPL GW11? Hazard, Martial, Mendy?: https://t.co/FYp1cAX8Sg",,0,0,0,"<a href=""http://james-miller.co.uk"" rel=""nofollow"">Everton News App</a>","Liverpool, England",False,82,86
1.05828E+18,2018-11-02 08:40:15+00:00,sportalaw,Fantasy football: Tips for picking your Premier League team https://t.co/HtukWDocd8,,0,0,0,"<a href=""https://ifttt.com"" rel=""nofollow"">IFTTT</a>","New York, USA",False,7810,259
1.05838E+18,2018-11-02 15:40:00+00:00,SackedITM,"When is there ever not an @OfficialFPL dilemma for @cm9798 to ponder ahead of the latest Premier League matchday, this time, it involves the strikers in his team.

Find out what it is in Fantasy Football Shambles:

https://t.co/MdlHL1wPxz.

#FPL #PL. https://t.co/O8EzDR5aeL","['FPL', 'PL']",2,3,0,"<a href=""https://about.twitter.com/products/tweetdeck"" rel=""nofollow"">TweetDeck</a>",,False,369,2
1.05893E+18,2018-11-04 04:04:22+00:00,official_umoh,Join League of Legends 🔥 - my Fantasy Premier League private league. https://t.co/uDEEkr0m9M #FPL,['FPL'],0,0,0,"<a href=""http://twitter.com/download/iphone"" rel=""nofollow"">Twitter for iPhone</a>","Nicosia, Cyprus",False,1590,2417
1.05933E+18,2018-11-05 06:06:43+00:00,LatestManUtd,Fantasy Premier League tips: Best Fantasy Football transfers for FPL GW12 https://t.co/HQWiDDtlTv,,0,0,0,"<a href=""http://manunitedlatest.com"" rel=""nofollow"">Man United Latest RSS</a>",Manchester,False,88477,35366
1.05978E+18,2018-11-06 12:03:47+00:00,FPL_Keeds_Innit,"Evening everybody. Follow my boy @Odinforce_FPL , he’s currently in the top 100 overall in Fantasy Premier League, a feat i fell just shy of 2 years ago. Follow him to wish him luck and be a part of his transcendant journey 😇🙌🏼",,0,2,1,"<a href=""http://twitter.com/download/iphone"" rel=""nofollow"">Twitter for iPhone</a>",The Void at the End of Time,False,741,404
1.0605E+18,2018-11-08 11:56:00+00:00,GFEsport,Premier League fantasy recap: Breaking down the braces #premierleague https://t.co/2odtIoK8KF,['premierleague'],0,0,0,"<a href=""https://buffer.com"" rel=""nofollow"">Buffer</a>",Worldwide,False,3019,1086
1.06079E+18,2018-11-09 06:59:13+00:00,al_wealth,@Sadiq_Cyrus..What is sports zone fantasy premier league code,,0,0,0,"<a href=""http://twitter.com/download/android"" rel=""nofollow"">Twitter for Android</a>",,False,68,367
1.0612E+18,2018-11-10 10:09:28+00:00,mybloodisred6,@bhafan123 They will play one of the best centre back pairs in premier league. But it's for dream 11 fantasy. Full back will get more points than centre back.,,0,0,1,"<a href=""http://twitter.com/download/android"" rel=""nofollow"">Twitter for Android</a>",,False,82,796
1.06268E+18,2018-11-14 12:04:20+00:00,b_kumar_duggout,https://t.co/vxCRqqQLn2 | #TNPL Tamil Nadu Premier League. Play Fantasy Cricket &amp; Win real cash. 100% legal #Bikaner,"['TNPL', 'Bikaner']",0,0,0,"<a href=""https://app.duggout.com"" rel=""nofollow"">DuggOut B Kumar</a>",,False,0,94
1.06461E+18,2018-11-19 19:47:29+00:00,Skyspor12345,"Top 10 Goalkeeper's &amp; Game week 13 Latest Update  EPL 19 November 2018

Top 10 goalkeeper 2018/2019, 

Gameweeks 13 Latest Update 18/19, 

Fantasy Premier League 2018/2019, 

fpl double game weeks 2018/19, 

premier league fixtures 2018/19, 

double game weeks premier league…",,0,2,1,"<a href=""https://ifttt.com"" rel=""nofollow"">IFTTT</a>",,False,131,448
1.06466E+18,2018-11-19 23:10:13+00:00,Newpaperupdates,"New post (Photos from Fantasy Premier League's post2018/19 OVERALL POINTS LEADERS:

Marcos...) has been published on Fsbuq - https://t.co/ZzZzLg48yU https://t.co/CH6nRWlHsE",,0,0,0,"<a href=""http://fsbuq.com"" rel=""nofollow"">fsbuq.com</a>","News, Worldwide",False,405,4164
1.06532E+18,2018-11-21 19:23:12+00:00,Eng___Football,"Viaja a la PREMIER LEAGUE con Fundacio Valldor7 y Futmondo! Únete a la liga fantasy de Fundació Valldor7, en Futmondo, y gestiona tu equipo para ganar un espectacular viaje a Reino Unido y entradas para as... https://t.co/dA3ks5Qh4l via @Eng___Football #Football #englandfootball https://t.co/6oAVcLMzEm","['Football', 'englandfootball']",0,0,0,"<a href=""http://twibble.io"" rel=""nofollow"">Twibble.io</a>","London, England",False,621,4399
1.06536E+18,2018-11-21 21:35:24+00:00,Ar0n_s1l,"&lt;a href=""https://t.co/XhwYwskur1""&gt;Raúl Jiménez un éxito en el Fantasy de la Premier League&lt;/a&gt; https://t.co/dYribRzWxU",,0,0,0,"<a href=""https://ifttt.com"" rel=""nofollow"">IFTTT</a>",Solidaridad,False,41,61
1.06536E+18,2018-11-21 21:36:51+00:00,FedeRoj0s,"&lt;a href=""https://t.co/19giZDT6XO""&gt;Raúl Jiménez un éxito en el Fantasy de la Premier League&lt;/a&gt; https://t.co/CtMiE33uEZ",,0,0,0,"<a href=""https://ifttt.com"" rel=""nofollow"">IFTTT</a>",Playa Del Carmen,False,42,56
1.06567E+18,2018-11-22 18:19:09+00:00,bamarzuq,Saya suka video @YouTube https://t.co/ALFWFxJfOV FPL Q&amp;A: GW13 | Is Martial’s Form Sustainable? | Gameweek 13 | Fantasy Premier,,0,0,0,"<a href=""https://www.google.com/"" rel=""nofollow"">Google</a>","Tulang Bawang, Lampung",False,649,648
1.06587E+18,2018-11-23 07:26:05+00:00,gunners_today,"Fantasy Premier League tips: Who should I captain in FPL GW13? Salah, Martial, Mitrovic? https://t.co/ceLNjlVDDB https://t.co/G840ybXpTm",,0,0,0,"<a href=""https://dlvrit.com/"" rel=""nofollow"">dlvr.it</a>",,False,1551,168
1.0659E+18,2018-11-23 09:29:14+00:00,90min_plus3,Fantasy football: Tips for picking your Premier League team #FPL https://t.co/khcOys1f8U,['FPL'],0,0,0,"<a href=""http://twitter.com"" rel=""nofollow"">Twitter Web Client</a>",,False,1611,1329
1.0659E+18,2018-11-23 09:30:00+00:00,BBCSport,"The Premier League is back this weekend.

Here's our best tips for Fantasy Football managers.

https://t.co/wDKsVFBMbB https://t.co/AFhGvEoU7U",,7,39,1,"<a href=""https://about.twitter.com/products/tweetdeck"" rel=""nofollow"">TweetDeck</a>","MediaCityUK, Salford",True,10746498,687
1.06598E+18,2018-11-23 14:59:36+00:00,MOO90DY0,"@ManarSarhan اووووف
تغييير جديد ف fantasy premier league
جوارديولا مش مسامح في اي نقط باخدها من اي لاعب في فريقه
.
منه لله 
🤣🤣🤣",,0,0,0,"<a href=""http://twitter.com"" rel=""nofollow"">Twitter Web Client</a>",,False,398,397
1.06606E+18,2018-11-23 20:13:26+00:00,HypeTrainHQ,"⚽️🚂 #FPL #GW13 Fantasy Forecast 🚂⚽️

The Hype Team (@HypeTrainSam, @HypeTrainPhil and @HypeTrainRob) take on @FPLGovernor in Premier League predictions, Gameweek insight, and in picking a Scout Picks team.

Read here ⬇️
https://t.co/6dtvbXxt8h https://t.co/zx8raksvJF","['FPL', 'GW13']",4,4,0,"<a href=""http://twitter.com"" rel=""nofollow"">Twitter Web Client</a>",contact@thehypetrain.co.uk,False,5843,1155
1.06624E+18,2018-11-24 08:14:39+00:00,90min_plus3,"Fantasy Premier League Preview – Gameweek 12 – #FPL Tips

Watford v Liverpool

STAR MAN: Sadio Mané - £9.9m

PREDICTION:   Watford   0  2   Liverpool https://t.co/7uwHbLk6Je",['FPL'],0,0,0,"<a href=""http://twitter.com"" rel=""nofollow"">Twitter Web Client</a>",,False,1611,1329
1.06641E+18,2018-11-24 19:25:35+00:00,haque_mojammel,"Another fokinni marka Game week 😐
Poor points in Fantasy Premier League + Semester final from tomorrow = asghshkokle",,0,0,0,"<a href=""http://www.facebook.com/twitter"" rel=""nofollow"">Facebook</a>",Bangladesh,False,171,32
1.06701E+18,2018-11-26 10:42:19+00:00,FootballBurp,Fantasy Premier League tips Gameweek 14: Captains #FPL #GW14 https://t.co/QFna58CPko,"['FPL', 'GW14']",2,0,0,"<a href=""http://footballburp.com/"" rel=""nofollow"">FootballBurp.com</a>",England,False,3249,1145
1.06733E+18,2018-11-27 08:19:40+00:00,RichardHitchc18,"Analogy time.

Is this like some of the fans of a top 6 Premier League side voting to leave the league as they don't want any away fans?

Boris suggests joining a Fantasy League so fans can stay at home.

Mrs May suggests playing friendly matches in front of selected fans only.",,0,0,0,"<a href=""https://mobile.twitter.com"" rel=""nofollow"">Twitter Web App</a>",Sussex,False,260,292
1.06746E+18,2018-11-27 16:45:06+00:00,FIFA_RNGless,"FIFA Discussions on EA SPORTS FIFA Forums:
📄 Forum Fantasy Premier League 2018/19
📅 Started by (Chow) | 62 Comments | 5.2K Views   - ..
➡️ https://t.co/PIaPBGDl13 ⬅️",,0,0,0,"<a href=""http://twitter.com"" rel=""nofollow"">Twitter Web Client</a>","Champion Heights, OH",False,179,396
1.06751E+18,2018-11-27 19:59:48+00:00,FPL_Harry,"FPLTIPZ Fantasy Premier League (FPL) Q&amp;A GW13 Review and GW14 Preview https://t.co/iiWYKtNnT7 via @YouTube

LIVE TEAM RATINGS NOW!! GO GO GO COME AND JOIN!!",,0,0,0,"<a href=""http://twitter.com/download/iphone"" rel=""nofollow"">Twitter for iPhone</a>","London, England",False,83259,2725
1.06783E+18,2018-11-28 17:16:57+00:00,CoachesVoice,"🆕 Our picks for your Fantasy Premier League team this coming weekend 👇
https://t.co/gBfNisC4pm",,0,2,0,"<a href=""https://about.twitter.com/products/tweetdeck"" rel=""nofollow"">TweetDeck</a>","London, England",True,135312,1873
1.06809E+18,2018-11-29 10:35:45+00:00,freebetalerts,Fantasy Premier League Week 13 Transfers and #Tips: Don't fall for temptation in the garden of Eden - https://t.co/Xte15IUepf #Football #Freebets #love #free #sports #betting #tips #breaking #news #games #casino #follow #followback #retweet #BloggersTribe @LovingBlogs https://t.co/lUrypK374c,"['Tips', 'Football', 'Freebets', 'love', 'free', 'sports', 'betting', 'tips', 'breaking', 'news', 'games', 'casino', 'follow', 'followback', 'retweet', 'BloggersTribe']",0,0,0,"<a href=""https://freebetalerts.com"" rel=""nofollow"">freebetsalerts</a>","London, England",False,620,943
1.06816E+18,2018-11-29 15:00:22+00:00,Kevin5996,FPL GAMEWEEK 14 TRANSFERS &amp; TEAM SELECTION | FANTASY PREMIER LEAGUE 2018/19: https://t.co/SrfqWmUEiM via @YouTube,,1,1,1,"<a href=""https://www.google.com/"" rel=""nofollow"">Google</a>",LDN ,False,366,291
1.06816E+18,2018-11-29 15:27:49+00:00,FantasyFPundit,Who is the best Fantasy Premier League captain for Gameweek 14? #FPL,['FPL'],0,5,0,"<a href=""http://twitter.com"" rel=""nofollow"">Twitter Web Client</a>",facebook.com/FantasyFPundit,False,11766,75
1.06821E+18,2018-11-29 18:28:35+00:00,Deepvalleytimes,@OfficialFPL Startups are beginning to put fantasy sports on blockchain.  This suggests that the idea is viable. May I suggest Fantasy Premier League use @OSTdotcom to explore how blockchain can take fantasy sports to the next level. They take the headache out of blockchain.,,0,0,0,"<a href=""http://twitter.com"" rel=""nofollow"">Twitter Web Client</a>",,False,114,156
1.0683E+18,2018-11-30 00:17:26+00:00,myFPLstrategy,"🎥NEW #FPL VIDEO 🎥

Predicated Team Line-ups Gameweek 14 | Fantasy Premier League 2018/19 

▶️https://t.co/OI5ZJhYCL1 https://t.co/qhiMLp56W1",['FPL'],0,1,1,"<a href=""http://twitter.com"" rel=""nofollow"">Twitter Web Client</a>",🌍 OR: ,False,890,428
1.06834E+18,2018-11-30 03:00:04+00:00,fplcloud,Fantasy Premier League Free Hit – A Free Hit Team For GW14 https://t.co/hzdSRuzWEM #FPL,['FPL'],0,0,0,"<a href=""http://www.fantasyfootballcloud.com/"" rel=""nofollow"">FFCloud</a>","Kendal, England",False,1649,135
1.06865E+18,2018-11-30 23:55:09+00:00,MisticaAB,Não há nada como começar um fim de semana em grande ao ver em que lugar está a sua equipa nos nossos passatempos RealFevr e Fantasy Premier League| https://t.co/m5GH5LpjFi,,0,0,0,"<a href=""http://www.facebook.com/twitter"" rel=""nofollow"">Facebook</a>",Porto,False,280,195
1.06884E+18,2018-12-01 12:22:04+00:00,FPL365,FPL Breakfast Club – Who Got the Assist?: Join us for the latest episode of Fantasy Premier League Breakfast Club this morning. We’ve got Tom and ... https://t.co/LdrWu0RFyX,,0,0,0,"<a href=""https://dlvrit.com/"" rel=""nofollow"">dlvr.it</a>","Not official, but better",False,610,0
1.06887E+18,2018-12-01 14:21:43+00:00,BBCMOTD,"It's a tough day for Fantasy Football managers, with Sergio Aguero absent from the Man City squad.

Find the rest of the Premier League team news here 👉 https://t.co/vdoGSpT9hO https://t.co/xFY7y0LFU5",,26,125,12,"<a href=""https://about.twitter.com/products/tweetdeck"" rel=""nofollow"">TweetDeck</a>",,True,3357944,336
1.06891E+18,2018-12-01 17:08:24+00:00,DerrickAshimwe,"Am i the only one without Sterling in My Premier League Fantasy team?
#Jubileewo110k",['Jubileewo110k'],1,4,1,"<a href=""http://twitter.com"" rel=""nofollow"">Twitter Web Client</a>",Losing the war with Dopamine,False,3182,5012
1.06901E+18,2018-12-01 23:22:13+00:00,oscar_im7,I'm going to give up on fantasy premier league I swear.. Wtfff,,0,0,0,"<a href=""http://twitter.com/download/android"" rel=""nofollow"">Twitter for Android</a>",With Phatma ,False,606,1218
1.06956E+18,2018-12-03 12:09:03+00:00,thedextazlab,Fantasy Football: Aubameyang leads the line for the latest Premier League Team of the Week https://t.co/dbvEuYs5RF,,0,0,0,"<a href=""https://bots.thedextazlab.com"" rel=""nofollow"">@thedextazlab</a>",Tanzania,False,2197,2546
1.06968E+18,2018-12-03 19:29:53+00:00,90min_plus3,"Fantasy Premier League Preview – Gameweek 15 – #FPL Tips

West Ham vs Cardiff

STAR MAN: Marko Arnautovic (7.1m)

PREDICTION: West Ham 3-1 Cardiff https://t.co/YXYF0hLNSu",['FPL'],0,0,1,"<a href=""http://twitter.com"" rel=""nofollow"">Twitter Web Client</a>",,False,1611,1329
1.06973E+18,2018-12-03 23:20:22+00:00,11heroesDE,Daily Fantasy Aufstellungen FantasyBet Premier League Spieltag 15 https://t.co/YY24KpZklP,,0,0,0,"<a href=""https://ifttt.com"" rel=""nofollow"">IFTTT</a>","Wien, Österreich",False,68,61
1.06998E+18,2018-12-04 15:34:22+00:00,FansBet,"🙌 Our midweek fantasy freeroll is live! 
⚽️ Choose your team from Tuesday and Wednesday's Premier League fixtures for a chance to win a share of £100.  

❓ Who makes your starting 11? 
📲 Enter your team here: https://t.co/sHrys0dsFQ

#PLFantasy #FantasyPL #FantasyFootball https://t.co/RTSxO9sRAu","['PLFantasy', 'FantasyPL', 'FantasyFootball']",0,0,0,"<a href=""http://twitter.com"" rel=""nofollow"">Twitter Web Client</a>",,True,7270,510
1.06999E+18,2018-12-04 16:16:46+00:00,Transferyinfo,"Ważna wiadomość dla graczy Fantasy Premier League 🙋‍♂️
https://t.co/bWNB4QBG5D",,0,1,0,"<a href=""http://twitter.com"" rel=""nofollow"">Twitter Web Client</a>",Polska,False,43672,1949
1.07057E+18,2018-12-06 06:49:34+00:00,TheCitizen_News,"Join Our Phakaaathi Fantasy Premier League today!

Pick your team, accumulate the most points this December and stand a chance to win.

Up for grabs this month is a Hisense 49K300UW 49 UHD SMART TV worth R8 500!! 

To join click here: https://t.co/i84dgMlwGs https://t.co/xtaWnO9NJn",,0,0,0,"<a href=""http://twitter.com"" rel=""nofollow"">Twitter Web Client</a>",South Africa,True,243510,2533
1.07067E+18,2018-12-06 13:26:33+00:00,TheCitizen_News,"Calling all Fantasy League enthusiasts!! Join our Phakaaathi Fantasy Premier League this December and stand a chance to win!!

Up for grabs this month is a Hisense 49K300UW 49 UHD SMART TV worth R8 500!!

To join click here: https://t.co/i84dgMlwGs https://t.co/OweXd6SQHy",,0,0,0,"<a href=""http://twitter.com"" rel=""nofollow"">Twitter Web Client</a>",South Africa,True,243510,2533
1.07087E+18,2018-12-07 02:34:00+00:00,Abdo_Fakhry235,I added a video to a @YouTube playlist https://t.co/KZtZxO9aqH FPL GAMEWEEK 16 | IS CALLUM WILSON MUST OWN? | Fantasy Premier League,,0,0,0,"<a href=""https://www.google.com/"" rel=""nofollow"">Google</a>",,False,134,69
1.07146E+18,2018-12-08 17:43:20+00:00,JordanMink20,Need some people to play Fantasy Premier league next season,,0,0,1,"<a href=""http://twitter.com/download/iphone"" rel=""nofollow"">Twitter for iPhone</a>","Knoxville, TN",False,296,203
1.07241E+18,2018-12-11 08:30:15+00:00,enirecruitment,"Beating the Fantasy Premier League game with Python and Data Science 

https://t.co/tTgwCho4aj https://t.co/Gj7FGQCp8g",,0,0,0,"<a href=""https://buffer.com"" rel=""nofollow"">Buffer</a>","London, Asia",False,793,590
1.07264E+18,2018-12-11 23:39:51+00:00,ESPNBrasil,"Se liga na pontuação dos jogadores das seleções da semana na Premier League e LaLiga no Fantasy ESPN. Ainda não viu seus pontos? Corre lá no https://t.co/U1i3HEYGiv 

#AVidaPrecisaDeEsporte https://t.co/Ah5Jnkh6QF",['AVidaPrecisaDeEsporte'],1,7,0,"<a href=""http://twitter.com"" rel=""nofollow"">Twitter Web Client</a>",Brasil,True,3315435,29
1.07277E+18,2018-12-12 08:37:45+00:00,TheCitizen_News,"Imagine watching your favourite EPL games on this magnificent Hisense UHD TV!!

Join Our Phakaaathi Fantasy Premier League today.

Up for grabs, this month is a Hisense 49K300UW 49 UHD SMART TV worth R8 500!!

To join click here: https://t.co/i84dgMlwGs https://t.co/Q0FPiuHbEI",,0,0,0,"<a href=""http://twitter.com"" rel=""nofollow"">Twitter Web Client</a>",South Africa,True,243510,2533
1.0736E+18,2018-12-14 15:21:36+00:00,11heroesDE,Daily Fantasy Aufstellungen FantasyBet Premier League Spieltag 17 https://t.co/fmcLnUMWts,,0,0,0,"<a href=""https://ifttt.com"" rel=""nofollow"">IFTTT</a>","Wien, Österreich",False,68,61
1.07372E+18,2018-12-14 23:27:11+00:00,freebetalerts,Fantasy Premier League Week 17 Transfers and #Tips: Burnley to be torn apart by Kane and Son - https://t.co/ktGRRJ6Fsa #Football #Freebets #love #free #sports #betting #tips #breaking #news #games #casino #follow #followback #retweet #BloggersTribe @LovingBlogs https://t.co/gHZ64QdHbQ,"['Tips', 'Football', 'Freebets', 'love', 'free', 'sports', 'betting', 'tips', 'breaking', 'news', 'games', 'casino', 'follow', 'followback', 'retweet', 'BloggersTribe']",0,0,0,"<a href=""https://freebetalerts.com"" rel=""nofollow"">freebetsalerts</a>","London, England",False,620,943
1.07385E+18,2018-12-15 08:00:06+00:00,90min_plus3,"Fantasy Premier League Preview – Gameweek 17 – #FPL Tips  #EPL

Fulham vs West Ham

STAR MAN: Felipe Anderson (7.3m)

PREDICTION: Fulham 1-3 West Ham https://t.co/VppscVw7ob","['FPL', 'EPL']",0,1,0,"<a href=""http://twitter.com"" rel=""nofollow"">Twitter Web Client</a>",,False,1611,1329
1.07385E+18,2018-12-15 08:01:38+00:00,90min_plus3,"Fantasy Premier League Preview – Gameweek 17 – #FPL Tips  #EPL

Southampton vs Arsenal

STAR MAN: Pierre-Emerick Aubameyang (11.5m)

PREDICTION: Southampton 0-3 Arsenal https://t.co/jw7hM6uMNY","['FPL', 'EPL']",0,1,0,"<a href=""http://twitter.com"" rel=""nofollow"">Twitter Web Client</a>",,False,1611,1329
1.07422E+18,2018-12-16 08:38:36+00:00,ariffhakimii19,3 minggu x setting fantasy premier league wat lek wat peace je 😂,,0,0,0,"<a href=""http://twitter.com/download/iphone"" rel=""nofollow"">Twitter for iPhone</a>",,False,141,640
1.07445E+18,2018-12-16 23:54:23+00:00,itz_RAZAQ,"Imagine if he was playing in the Premier League, he would cost £20 on Fantasy League",,0,0,0,"<a href=""http://twitter.com"" rel=""nofollow"">Twitter Web Client</a>",,False,2435,2426
1.07455E+18,2018-12-17 06:12:09+00:00,SirAlexStand,Fantasy Premier League tips: Best Fantasy Football transfers for FPL GW18 https://t.co/SR5o3Pm0En https://t.co/IbQ8n2N1cg,,1,1,0,"<a href=""http://publicize.wp.com/"" rel=""nofollow"">Jetpack.com</a>",,False,176318,12649
1.07501E+18,2018-12-18 12:36:22+00:00,HossamHassan_18,Join The Best - my Fantasy Premier League private league. https://t.co/rVsBCndCLl,,0,1,0,"<a href=""http://twitter.com/download/android"" rel=""nofollow"">Twitter for Android</a>","El Sharkia, Egypt",False,140,140
1.07539E+18,2018-12-19 14:00:25+00:00,JNO_FPL,Fantasy Premier League - My #FPL Team 2018/19 #GW18 - Points and Performance https://t.co/kvVnYFt4Bj,"['FPL', 'GW18']",0,1,0,"<a href=""https://www.google.com/"" rel=""nofollow"">Google</a>","London, England",False,2890,999
1.07561E+18,2018-12-20 04:39:16+00:00,DBK_vtd,@ScottFish24 @RyanMc23 I’ve always wanted to mimic the EPL in fantasy. So there’s a premier league and 2nd tier league. Bottom 2 drop out of premier league and are replaced by 2 finalists from 2nd tier. More for redraft tho. Not sure how it works in dynasty unless you’re ok with duplicate players.,,0,1,0,"<a href=""http://twitter.com/download/iphone"" rel=""nofollow"">Twitter for iPhone</a>","St Louis, MO",True,883,377
1.07572E+18,2018-12-20 11:32:25+00:00,FansBet,"🕊 Glenn Murray

Only started one of the last three Premier League games as Chris Hughton opted to start Romanian forward Florin Andone in recent weeks. 

🎮 Games - 14
⚽ Goals - 8
🅰 Assists - 0
📶 Minutes on pitch - 1128   
🔢 Fantasy Points earned - 69 https://t.co/CSixHimzrC",,0,0,1,"<a href=""http://twitter.com"" rel=""nofollow"">Twitter Web Client</a>",,True,7270,510
1.07575E+18,2018-12-20 14:00:03+00:00,fplcloud,fantasy premier league tips forwards GW18 – player rankings https://t.co/K9aav0FpLI #FPL,['FPL'],0,0,0,"<a href=""http://www.fantasyfootballcloud.com/"" rel=""nofollow"">FFCloud</a>","Kendal, England",False,1649,135
1.07648E+18,2018-12-22 13:59:49+00:00,lsqweed,Fantasy Premier Zed loading. #Underdesign bn doing FPL for a long time #Silelotayamba #Bakamba,"['Underdesign', 'Silelotayamba', 'Bakamba']",0,0,0,"<a href=""http://twitter.com/download/android"" rel=""nofollow"">Twitter for Android</a>",lusaka,False,166,614
1.07689E+18,2018-12-23 17:32:19+00:00,911backseat,Fantasy premier league will have you cheering for teams you don’t care about,,1,0,0,"<a href=""http://twitter.com/download/iphone"" rel=""nofollow"">Twitter for iPhone</a>",Hale End,False,673,351
1.07713E+18,2018-12-24 09:23:28+00:00,siljejohansen,Enn å få forsiden i BT på selveste julaften 🎅🏻 kul sak av @magnuswikan om hvordan fantasy har forandret måten en ser på Premier League https://t.co/Xqpe2Zs1KY,,0,13,0,"<a href=""http://twitter.com/download/iphone"" rel=""nofollow"">Twitter for iPhone</a>",bergen,False,2256,363
1.07714E+18,2018-12-24 09:56:49+00:00,DiaaMahmoud,"مساعد #أمازون الصوتي، أليكسا، يحصل على مهارة جديدة تتيح للمستخدم معرفة كل ما يتعلق بفريقه في #فانتسي الدوري الإنجليزي من خلال الأوامر الصوتية؛ فعلى سبيل المثال يتم سؤاله ""Alexa, open Fantasy Premier League"" على الأجهزة المختلفة ومن ثم سيتم فتح التطبيق https://t.co/UdvxiNm9Zv","['أمازون', 'فانتسي']",0,1,0,"<a href=""http://twitter.com"" rel=""nofollow"">Twitter Web Client</a>",Brasil,True,4603,468
1.07715E+18,2018-12-24 10:25:14+00:00,mirabelleeme1,Fantasy Football: Son shines as the best player in our Goal Premier League Team of the Week https://t.co/vEU28d8YE0 https://t.co/Rq1UoxwaH1,,0,0,0,"<a href=""http://publicize.wp.com/"" rel=""nofollow"">Jetpack.com</a>",N.Y N.Y.C,False,753,313
1.07719E+18,2018-12-24 12:58:50+00:00,FootballBurp,Fantasy Premier League tips Gameweek 19: Midfielders #FPL #GW19 https://t.co/GSftqXXdL2,"['FPL', 'GW19']",0,0,0,"<a href=""http://footballburp.com/"" rel=""nofollow"">FootballBurp.com</a>",England,False,3249,1145
1.07786E+18,2018-12-26 09:43:04+00:00,hrzlkapli_,"Fantasy Premier League fans, anda ada dua jam lagi sebelum deadline.",,0,0,1,"<a href=""http://twitter.com/download/iphone"" rel=""nofollow"">Twitter for iPhone</a>","Malacca, Malaysia",False,552,186
1.07869E+18,2018-12-28 16:20:22+00:00,trophiesR4US,Fantasy football: Tips for picking your Premier League team https://t.co/juo0JLANTg,,0,0,0,"<a href=""https://ifttt.com"" rel=""nofollow"">IFTTT</a>",Sheffield,False,5433,5508
1.07875E+18,2018-12-28 20:30:24+00:00,asmrplays,ASMR: Fantasy Premier League - Week 19 - 100 Points Hype!: https://t.co/TjGf9k46vR via @YouTube,,0,0,0,"<a href=""https://www.google.com/"" rel=""nofollow"">Google</a>","England, United Kingdom",False,226,576
1.07915E+18,2018-12-29 23:03:48+00:00,AdhOmiDoOmY,وده اكبر من كبير مشعوذين ال Fantasy Premier League 😅🤦‍♂️😂😂,,1,1,0,"<a href=""http://twitter.com/download/iphone"" rel=""nofollow"">Twitter for iPhone</a>",🇰🇼,False,2466,1315
1.07937E+18,2018-12-30 13:20:41+00:00,szkajloriorsz,"*Hazard na kapitanie*

Jebac fantasy premier league https://t.co/C6ruKE8svV",,0,1,1,"<a href=""http://twitter.com/download/android"" rel=""nofollow"">Twitter for Android</a>",,False,261,392
1.15951E+18,2019-08-08 17:18:58+00:00,diogostuff,"Pessoal, só para o fun. Entrem aí na Liga.

Fantasy Premier League code: jt4wmc",,0,0,0,"<a href=""http://twitter.com/download/android"" rel=""nofollow"">Twitter for Android</a>",,False,945,696
1.15954E+18,2019-08-08 19:05:04+00:00,JamesSibley87,00kdnp my pin for Premier League Fantasy if you wanna join my league!!! #PremierLeague #PremierLeagueFantasy #DreamTeam #Football https://t.co/8jk1OrMo5o,"['PremierLeague', 'PremierLeagueFantasy', 'DreamTeam', 'Football']",1,1,0,"<a href=""http://twitter.com/download/iphone"" rel=""nofollow"">Twitter for iPhone</a>",Ipswich!,False,839,1261
1.15956E+18,2019-08-08 20:21:27+00:00,2dotSpaceMann,Fantasy premier league code: emxh6d https://t.co/8PpWNfn6Sz,,0,0,0,"<a href=""http://twitter.com/download/iphone"" rel=""nofollow"">Twitter for iPhone</a>",,False,226,573
1.15956E+18,2019-08-08 20:38:05+00:00,chemical_OG,Fantasy premier league have to review their prices cossss,,0,0,0,"<a href=""http://twitter.com/download/android"" rel=""nofollow"">Twitter for Android</a>",,False,1200,1246
1.15957E+18,2019-08-08 20:47:37+00:00,xd_Ashara,who wanna create my Fantasy Premier League team for me ?,,0,0,0,"<a href=""http://twitter.com/download/iphone"" rel=""nofollow"">Twitter for iPhone</a>",,False,1747,1091
1.15959E+18,2019-08-08 22:36:03+00:00,thenicoleken,Fantasy Premier League,,0,1,0,"<a href=""http://twitter.com/download/iphone"" rel=""nofollow"">Twitter for iPhone</a>",mer,False,5658,560
1.15963E+18,2019-08-09 01:07:24+00:00,newslanes,Fantasy Premier League - Kane &amp; Salah make the cut for Week 1 https://t.co/IZLTep9izM https://t.co/V760nYukGK,,0,0,0,"<a href=""https://newslanes.com"" rel=""nofollow"">Social-AutoPoster-Newslanes</a>",United Kingdom,False,444,561
1.15968E+18,2019-08-09 04:09:13+00:00,Knabin619,FANTASY PREMIER LEAGUE DAY,,0,0,0,"<a href=""https://mobile.twitter.com"" rel=""nofollow"">Twitter Web App</a>",Nepal,False,914,237
1.15971E+18,2019-08-09 06:14:59+00:00,The_Tweet_Inn,"Don’t forget, your most important job today is selecting your fantasy team....  

Join our Fantasy Premier League superleague for much baby’s n’that. 

The code to join the league is: t56per

Get involved! #TheTweetInn",['TheTweetInn'],5,10,5,"<a href=""http://twitter.com/download/iphone"" rel=""nofollow"">Twitter for iPhone</a>","England, United Kingdom",False,1524,58
1.15972E+18,2019-08-09 06:49:07+00:00,alibruceball,If you are playing the official Premier League Fantasy Football game then code to join ‘Fantasy 606’ league is FBFQY6.  Deadline to enter is 1900 tonight 👍🏻,,1,20,0,"<a href=""http://twitter.com/download/iphone"" rel=""nofollow"">Twitter for iPhone</a>",,True,25936,408
1.15973E+18,2019-08-09 07:53:56+00:00,SLTjustin,Any Everton fans got a Fantasy Premier League going on?,,0,0,0,"<a href=""http://twitter.com/download/iphone"" rel=""nofollow"">Twitter for iPhone</a>","South London, England",False,2436,2885
1.15974E+18,2019-08-09 08:01:46+00:00,aula_jr,"Come join football hub,  fantasy premier league at it's best !
Here's the code: svx9om https://t.co/8AVyLOLMuw",,0,0,0,"<a href=""http://twitter.com/download/android"" rel=""nofollow"">Twitter for Android</a>","Kampala, Uganda",False,2781,246
1.15975E+18,2019-08-09 09:04:38+00:00,Shiva_AFC,My Premier League Fantasy team. Any comments or suggestions? #fpl https://t.co/erEc025XVU,['fpl'],0,0,1,"<a href=""http://twitter.com/download/android"" rel=""nofollow"">Twitter for Android</a>","Cuttack, India",False,215,955
1.15976E+18,2019-08-09 09:30:37+00:00,JAllahdan,"@AlfaouriS Fantasy premier league 
لعبة تختار تشكيلة بالدوري وتحتسب لك وعليك نقاط
لو سجل لاعب تختاره يعطيك نقاط وان انطرد بالواقع تخصم منك نقاط
وتغير التشكيلة كل جولة وتجمع نقاط",,0,0,1,"<a href=""http://twitter.com/download/iphone"" rel=""nofollow"">Twitter for iPhone</a>",Kuwait,False,644,359
1.15977E+18,2019-08-09 10:32:43+00:00,inicholls10,Fantasy premier league code for anyway who wants to join my league! blyw4y,,0,0,0,"<a href=""http://twitter.com/download/android"" rel=""nofollow"">Twitter for Android</a>",,False,172,198
1.15977E+18,2019-08-09 10:33:36+00:00,TheMacBulletin,"@DanCoate5 @DanChurchio @bpsaywell @RyanJMillerr @ThomasMannatee i dont know if you guys are interested in doing the Premier league fantasy league, ive made one if you want to join League code is ddu4em 😊 https://t.co/2IL3JX6Ezz",,0,1,5,"<a href=""http://twitter.com/download/android"" rel=""nofollow"">Twitter for Android</a>","South West, England",False,201,869
1.15978E+18,2019-08-09 11:07:49+00:00,ClintonMurila,"@OfficialFPL Hi

I'm playing Fantasy Premier League in a league called Manchester is Red🔴🕸. Why not join me?

The code to join this league is: gdq9ev

Enjoy the game!",,0,0,0,"<a href=""http://twitter.com/download/android"" rel=""nofollow"">Twitter for Android</a>",Patmos Island,False,4643,5108
1.15979E+18,2019-08-09 11:49:03+00:00,XBanTs_,"@OfficialFPL Hi

I'm playing Fantasy Premier League in a league called XB♠nT$ FPL CriB. Why not join me?

The code to join this league is: opx923

Enjoy the game!",,0,0,0,"<a href=""https://mobile.twitter.com"" rel=""nofollow"">Twitter Web App</a>","TechSpace; Lagos, Nigeria",False,611,917
1.1598E+18,2019-08-09 12:08:00+00:00,airteltigoghana,"@sherif10757334 We will be glad to communicate to our customers, the prizes to be won. However, we encourage you to join the AirtelTigo Fantasy Premier League today and stay on top all season! League code: 6pn4y0 
#FPLCommunity #ATFPL #FuseBundle #AirtelTigoMatchDay #BigTimeData #PL","['FPLCommunity', 'ATFPL', 'FuseBundle', 'AirtelTigoMatchDay', 'BigTimeData', 'PL']",0,0,0,"<a href=""http://www.conversocial.com"" rel=""nofollow"">Verint Messaging</a>",Ghana,True,19779,220
1.15981E+18,2019-08-09 12:53:57+00:00,mc_futsal,"Who wants to join my Fantasy Premier League?
code is traqb9",,0,0,0,"<a href=""http://www.facebook.com/twitter"" rel=""nofollow"">Facebook</a>","Brighton, England",False,50,12
1.15981E+18,2019-08-09 13:00:40+00:00,Red_Wolf123,@TalkingWolves how do you join wolves premier league fantasy football league? ta,,0,0,0,"<a href=""https://mobile.twitter.com"" rel=""nofollow"">Twitter Web App</a>","West Midlands, England",False,227,267
1.15982E+18,2019-08-09 13:33:43+00:00,ralphtaa,@LiverpoolFCZw do we hv a fantasy premier league for LiverpoolF Zw?,,0,0,0,"<a href=""http://twitter.com/download/iphone"" rel=""nofollow"">Twitter for iPhone</a>","Bulawayo, Zimbabwe",False,565,601
1.15982E+18,2019-08-09 13:41:33+00:00,docterre,this premier league season is the season i dont give up on my fantasy team until at least january,,1,3,1,"<a href=""http://twitter.com/download/android"" rel=""nofollow"">Twitter for Android</a>",M62,False,949,1994
1.15983E+18,2019-08-09 13:55:17+00:00,OwenCG,"The premier league was a fantasy name concocted to create an illusion that English Football had no equal in 1992

Do you believe football did not exist before 1992?

C'mon golf fella, that's like saying Tiger is the greatest to ever play....you can, only if you ignore history 🤷‍♂️",,0,0,1,"<a href=""http://twitter.com/download/android"" rel=""nofollow"">Twitter for Android</a>",,False,1380,2982
1.15983E+18,2019-08-09 14:31:16+00:00,mikeyfowler18,DMs are open. Send me your fantasy premier league code and i will join your league and i will take my XI extremely seriously for 38 matchweeks.,,0,6,0,"<a href=""https://mobile.twitter.com"" rel=""nofollow"">Twitter Web App</a>","New York, NY",False,5175,1354
1.15984E+18,2019-08-09 14:36:45+00:00,buzzsport_ie,Fantasy Premier League is just hours away and here are Buzz Sport's top five captain choices for gameweek 1 of the new Premier League season.  https://t.co/T4aAgJI9Zn #FPL,['FPL'],1,1,0,"<a href=""https://www.hootsuite.com"" rel=""nofollow"">Hootsuite Inc.</a>",,False,2452,115
1.15984E+18,2019-08-09 14:39:35+00:00,VFTNinian,"Our Fantasy Premier League league automatically renewed, so if you’re on there and interested the code to join us: 6oya52",,0,4,4,"<a href=""http://twitter.com/download/iphone"" rel=""nofollow"">Twitter for iPhone</a>","Cardiff, Wales",False,8124,269
1.15984E+18,2019-08-09 14:49:23+00:00,ig_055,Fantasy premier league oynayan varsa yazabilir mi,,0,0,0,"<a href=""http://twitter.com/download/iphone"" rel=""nofollow"">Twitter for iPhone</a>",,False,2756,1855
1.15985E+18,2019-08-09 15:24:40+00:00,A_Albastakii,"Fantasy Premier League 

The code to join this league is: 4zuhnz

Enjoy the game!",,0,0,0,"<a href=""http://twitter.com/download/iphone"" rel=""nofollow"">Twitter for iPhone</a>","Dubai, United Arab Emirates",False,383,567
1.15985E+18,2019-08-09 15:27:30+00:00,midoandlos,"I'm playing Fantasy Premier League in a league called AS7AB-ANDALOS. Why not join me?

The code to join this league is: y3bvxh

Enjoy the game!",,0,0,0,"<a href=""http://twitter.com/download/android"" rel=""nofollow"">Twitter for Android</a>",alexandria,False,95,171
1.15985E+18,2019-08-09 15:48:26+00:00,365brett,"Currently 2 hours until the first game week goes live on Fantasy Premier League! 

If you’re competing this year then come and join our fantasy league if you think you’re good enough 😉

League name: LOTL Public League 
code: gcl9qf

#LOTL https://t.co/6RlTKcsf35",['LOTL'],0,0,0,"<a href=""http://twitter.com/download/iphone"" rel=""nofollow"">Twitter for iPhone</a>",#BOOMsquad ,False,3994,111
1.15986E+18,2019-08-09 16:00:05+00:00,OhThatBianca,"@DavidVujanic Join my league 😊

I'm playing Fantasy Premier League in a league called Kop-ish. Why not join me?

The code to join this league is: vohuz3

Prize for the winner!",,1,5,0,"<a href=""http://twitter.com/download/iphone"" rel=""nofollow"">Twitter for iPhone</a>",,False,1392,917
1.15986E+18,2019-08-09 16:17:31+00:00,ItsReed34,"This my Fantasy team Game week 1
Who's your captain?   #FPL #Premier_League https://t.co/GqGWCeH9c7","['FPL', 'Premier_League']",0,5,3,"<a href=""http://twitter.com/download/android"" rel=""nofollow"">Twitter for Android</a>",Ohio📍,False,15192,10647
1.15986E+18,2019-08-09 16:25:36+00:00,sbudhathoki2,Fantasy premier league ko code haru bhaye paam na :) @uzzwal999,,0,1,1,"<a href=""http://twitter.com/download/android"" rel=""nofollow"">Twitter for Android</a>","Kathmandu,Nepal",False,610,590
1.15987E+18,2019-08-09 16:36:17+00:00,AkindeSurprise,"We would have jumped on the Fantasy Premier League bandwagon like so many other clubs, but we all know most of you will have forgotten your team exists after three weeks.

#UpTheAS",['UpTheAS'],0,8,0,"<a href=""http://twitter.com/download/android"" rel=""nofollow"">Twitter for Android</a>",Yeast Stadium,False,1340,231
1.15988E+18,2019-08-09 17:30:23+00:00,Nickn757,@Stabel89 send me the fantasy premier  league name. I have no service here,,0,0,0,"<a href=""http://twitter.com/download/android"" rel=""nofollow"">Twitter for Android</a>",,False,35,110
1.15988E+18,2019-08-09 17:38:28+00:00,dagoldencheerio,premier league fantasy got me losing my mind,,0,2,0,"<a href=""http://twitter.com/download/iphone"" rel=""nofollow"">Twitter for iPhone</a>",,False,187,177
1.15989E+18,2019-08-09 17:56:58+00:00,danielskipsey,"@AdamCatterall Hi Adam, I know it's a bit late in the day, but are you doing a Fantasy Premier League game this year?",,0,0,0,"<a href=""http://twitter.com"" rel=""nofollow"">Twitter Web Client</a>",United Kingdom,False,409,1612
1.1599E+18,2019-08-09 19:04:15+00:00,maeeshshabbir,"Hello guys,
 Join my premier league fantasy league and let's compete together!!
League code: lk4c9f
#LIVNOR 
#premierleauge","['LIVNOR', 'premierleauge']",0,1,0,"<a href=""http://twitter.com/download/android"" rel=""nofollow"">Twitter for Android</a>",,False,3,97
1.15992E+18,2019-08-09 20:19:34+00:00,305Taxpayer,Watching premier league without the stress of fantasy makes the football so much more enjoyable,,0,1,0,"<a href=""http://twitter.com/download/iphone"" rel=""nofollow"">Twitter for iPhone</a>","Westchester, FL",False,412,364
1.15994E+18,2019-08-09 21:33:48+00:00,Tom_Kirkham94,"Hi everybody

I'm playing Fantasy Premier League in a league called Menai Bridge and Beyond. Why not join me? 
The code to join this league is: jq3455
Enjoy the game!
@fpl https://t.co/Vvn5Jln2Ir",,0,0,0,"<a href=""https://mobile.twitter.com"" rel=""nofollow"">Twitter Web App</a>","Menai Bridge, Wales",False,335,1443
1.15996E+18,2019-08-09 22:44:24+00:00,lfcdude4lyf,"Please be aware  Fantasy Premier league is currently updating there functionality is limited and data may not include latest results 

Who else seen this??",,0,1,0,"<a href=""http://twitter.com/download/iphone"" rel=""nofollow"">Twitter for iPhone</a>","Donostia-San Sebastián, Spain",False,470,1288
1.15996E+18,2019-08-09 22:52:51+00:00,CalledMeJimmy,Ini tips untuk Fantasy Premier League diawal2 musim,,0,0,6,"<a href=""https://mobile.twitter.com"" rel=""nofollow"">Twitter Web App</a>",Malaysia,False,407,104
1.15996E+18,2019-08-09 22:59:32+00:00,Bigg_Bread,@Akosuahmay Fantasy premier League squad set up 😊,,0,0,0,"<a href=""http://twitter.com/download/iphone"" rel=""nofollow"">Twitter for iPhone</a>",Rock Bottom,False,682,892
1.15999E+18,2019-08-10 00:44:33+00:00,De_Newmaster,Premier League information: Fantasy Soccer a nasty name by Canaries as they undergo 4-1 defeat at Liverpool https://t.co/28jJbsHXSB https://t.co/ZnfIvaGWyE,,0,0,0,"<a href=""https://ifttt.com"" rel=""nofollow"">IFTTT</a>",nigeria,False,162,1179
1.16012E+18,2019-08-10 09:31:04+00:00,george_priv,"@CYBR_Official Really enjoying this CYBR Burger Premier League Fantasy Football Challange..  It is a shame we can't have one of these made up as a prize

Get more information about #CYBR at https://t.co/uaPExx8Q6E

#CYBR #Blindspot #WinTheCYBRger  #FantasyPremierLeague https://t.co/ckF5kdK0PZ","['CYBR', 'CYBR', 'Blindspot', 'WinTheCYBRger', 'FantasyPremierLeague']",3,3,0,"<a href=""https://mobile.twitter.com"" rel=""nofollow"">Twitter Web App</a>","Wales, United Kingdom",False,24,95
1.16014E+18,2019-08-10 10:43:51+00:00,DoctorDragneel,"@WeDontKnowWhat1 Well I have to replace Alisson now since he will be out. But I don't know who should replace Alisson in my fantasy premier league I'm thinking de gea, lloris or fabianski",,0,0,0,"<a href=""http://twitter.com/download/android"" rel=""nofollow"">Twitter for Android</a>","Dublin City, Ireland",False,202,816
1.16017E+18,2019-08-10 12:30:26+00:00,AggliaNet,"Το συνεχόμενο ροτέισιον και η διαφοροποίηση του πλάνου του από αγώνα σε αγώνα, προκαλούν μεγάλη συζήτηση και αγωνία στις τάξεις των προπονητών του Fantasy Premier League πριν από κάθε αγωνιστική. #FantasyPremierLeague #Pep #Guardiola https://t.co/PgbDzDG1Jm","['FantasyPremierLeague', 'Pep', 'Guardiola']",0,0,0,"<a href=""http://www.facebook.com/twitter"" rel=""nofollow"">Facebook</a>",,False,9,73
1.16017E+18,2019-08-10 12:54:50+00:00,Wizaplex,I just hope my Fantasy Premier League campaign won't be a write off again by September at least... 😟😟🤞🏻,,0,2,0,"<a href=""https://mobile.twitter.com"" rel=""nofollow"">Twitter Web App</a>",Pandaea...,False,14851,14397
1.16022E+18,2019-08-10 16:11:15+00:00,meganmumba,"@TheoGausi glory glory manchester united 
fantasy premier league (i pay attention)
idk what epl is",,0,0,0,"<a href=""http://twitter.com/download/iphone"" rel=""nofollow"">Twitter for iPhone</a>",Zambia,False,4146,679
1.16025E+18,2019-08-10 18:17:48+00:00,AgentKay93,Fantasy Premier League owners seeing Kane score 2 in 3 minutes https://t.co/PntRDQ3tZp,,0,0,0,"<a href=""http://twitter.com/download/android"" rel=""nofollow"">Twitter for Android</a>",London,False,233,585
1.16048E+18,2019-08-11 09:00:08+00:00,THFCConnor,Salah has been phenomenal since coming back to the premier league but for some reason I never put him in my fantasy football teams,,0,0,0,"<a href=""http://twitter.com/download/iphone"" rel=""nofollow"">Twitter for iPhone</a>",,False,2440,2283
1.16056E+18,2019-08-11 14:38:01+00:00,urban75chat,Fantasy Premier League 2019-20 - https://t.co/BqvmyGrtvu,,0,0,0,"<a href=""http://www.powerapps.com"" rel=""nofollow"">Microsoft Power Platform</a>",London,False,569,3
1.16059E+18,2019-08-11 16:35:01+00:00,ctidbluemoon,"@ShauniRixon_x Hi

I'm playing Fantasy Premier League in a league called Battleground. Why not join me?

The code to join this league is: zybtle

Enjoy the game!",,0,0,0,"<a href=""http://twitter.com/download/android"" rel=""nofollow"">Twitter for Android</a>",Manchester ,False,1542,3388
1.16067E+18,2019-08-11 21:45:14+00:00,prstskrzkrk,"very disappointing debut week for my fantasy premier league team, apparently the irl managers don't also select their teams according to the most yugoslavian players available?",,0,16,1,"<a href=""https://mobile.twitter.com"" rel=""nofollow"">Twitter Web App</a>",Wschód,False,3871,2617
1.16067E+18,2019-08-11 21:48:37+00:00,barttax27,@Alaphilippe_ Weet je of ervoor la liga een soort zelfde concept is als voor Fantasy Premier League? Kan het namelijk niet vinden.,,0,0,1,"<a href=""http://twitter.com/download/android"" rel=""nofollow"">Twitter for Android</a>",,False,195,224
1.16068E+18,2019-08-11 22:16:37+00:00,_mithrandir_14,@dardesar_saz Fantasy premier league,,0,1,1,"<a href=""http://twitter.com/download/iphone"" rel=""nofollow"">Twitter for iPhone</a>",North of Iran,False,237,787
1.16081E+18,2019-08-12 07:02:14+00:00,BigRedBench,The Big Red Bench Fantasy Premier League top 10 after week 1. A gutsy triple captaining of Mo Salah sees @AndrewHorgan top of the league. You can still join using the code 6jamlx https://t.co/TS2Dc74NMF,,1,3,1,"<a href=""https://mobile.twitter.com"" rel=""nofollow"">Twitter Web App</a>",Cork,True,29812,3189
1.16091E+18,2019-08-12 13:51:29+00:00,QualityPod,"Need some fantasy in your life? Join the Quality Service League before week two of the Premier League! All are welcome. Sign up at https://t.co/ckh3yI1MoW; league code is swi7kq. 

#FantasyFootball #fantasypremierleague #fantasysoccer","['FantasyFootball', 'fantasypremierleague', 'fantasysoccer']",1,3,0,"<a href=""https://mobile.twitter.com"" rel=""nofollow"">Twitter Web App</a>","Brooklyn, NY",False,65,129
1.16122E+18,2019-08-13 10:04:06+00:00,joabodeke_,@Y254Channel @sailors254 @KenRelBis_ @DjTiesqa Join our fantasy PREMIER LEAGUE using this code: o1jo4l,,0,0,0,"<a href=""http://twitter.com/download/android"" rel=""nofollow"">Twitter for Android</a>",Nairobi KE. ,False,512,1491
1.16158E+18,2019-08-14 10:24:41+00:00,RadoChmiel,"🙀 So you were saying that you were the fantasy__pl top player? Let me show how the top cat is playing!

*any further moaning about how bad will my Fantasy Premier League be during next GW will be entirely KitKat's… https://t.co/TAXgJi5mSk",,0,1,0,"<a href=""http://instagram.com"" rel=""nofollow"">Instagram</a>","Liverpool, UK",False,2045,1891
1.16168E+18,2019-08-14 16:30:37+00:00,dammychester,@Emiearth Bros can get the fatg fantasy premier league football code,,0,0,0,"<a href=""http://twitter.com/download/android"" rel=""nofollow"">Twitter for Android</a>","Iowa, USA",False,146,1368
1.16181E+18,2019-08-15 01:05:02+00:00,UKNewsBot1,Fantasy Premier League: Who's Hot and Who's Not in Gameweek 2 - 90min https://t.co/UFIxZ6hw97,,0,0,0,"<a href=""https://testing.com"" rel=""nofollow"">UK Sports News Bot</a>",,False,218,0
1.1621E+18,2019-08-15 20:30:36+00:00,jt_ozterrier,Join my Fantasy Premier League with the league code 0irnr6 at https://t.co/6qjP3EfaiL,,0,0,0,"<a href=""https://ifttt.com"" rel=""nofollow"">IFTTT</a>","Melbourne, Australia",False,900,31
1.16212E+18,2019-08-15 22:11:49+00:00,EricJrPodcast,Check it out folks. Brand new episode of a philly sports podcast featuring ... you guessed it Fantasy Football talk followed by so English Premier league questions. Oh yeah we talk about the Phillies too.  https://t.co/lgFhnndwY5,,0,1,0,"<a href=""http://twitter.com/download/iphone"" rel=""nofollow"">Twitter for iPhone</a>","Pennsylvania, USA",False,935,2810
1.16228E+18,2019-08-16 08:37:31+00:00,ChiemelieEze,"@GHOZHIE 
If you already have a Fantasy Premier league team, to join MuipFPL league you have to register online through this link
https://t.co/pXMpor3WOf
I joined yesterday. After registering they will give you the league code. They take 3k to register",,0,0,0,"<a href=""http://twitter.com/download/android"" rel=""nofollow"">Twitter for Android</a>",,False,180,432
1.16233E+18,2019-08-16 11:42:38+00:00,Carrie_Nkosi,"@maamoyoo Download premier league app, sign up for fantasy and create your team",,0,1,0,"<a href=""http://twitter.com/download/android"" rel=""nofollow"">Twitter for Android</a>","Johannesburg, South Africa",False,517,495
1.16243E+18,2019-08-16 18:41:10+00:00,StartevAfrica,"How prepared are you for the Premier League Gameweek 2 tomorrow?
Join the Startev Fantasy League today and stand the chance to win 20,000.
Sign up on https://t.co/yRZ2EZ4Xzx &amp; follow Startev Fanatasy to get your invitation code.
#FantasyFootball #FPL #FPLCommunity #premierleauge","['FantasyFootball', 'FPL', 'FPLCommunity', 'premierleauge']",0,0,0,"<a href=""https://mobile.twitter.com"" rel=""nofollow"">Twitter Web App</a>",Africa,False,822,7
1.16244E+18,2019-08-16 18:46:20+00:00,texsaspost,The Fantasy Football Scout: Best tips for Gameweek 2 and Premier League team news https://t.co/Gb2cIac9YF,,0,0,0,"<a href=""http://publicize.wp.com/"" rel=""nofollow"">Jetpack.com</a>",,False,28,0
1.16244E+18,2019-08-16 18:46:57+00:00,Graphicgh,Join the Graphic Sports Fantasy Premier League. Use the code --- 6qt0ni --- for the opportunity to win mouth-watering prizes. https://t.co/F9vM7tscQF,,2,11,0,"<a href=""https://mobile.twitter.com"" rel=""nofollow"">Twitter Web App</a>","Accra, Ghana",True,223582,176
1.16246E+18,2019-08-16 20:28:24+00:00,CoachesVoice,"Our Fantasy Premier League picks for this weekend 👇

https://t.co/jBTki3bc6V",,0,2,0,"<a href=""http://twitter.com/download/iphone"" rel=""nofollow"">Twitter for iPhone</a>","London, England",True,135312,1873
1.16263E+18,2019-08-17 07:20:45+00:00,joabodeke_,@OfficialFPL @acjimbo Join our fantasy PREMIER LEAGUE using this code: o1jo4l,,0,0,0,"<a href=""http://twitter.com/download/android"" rel=""nofollow"">Twitter for Android</a>",Nairobi KE. ,False,512,1491
1.16278E+18,2019-08-17 17:22:20+00:00,Ibrahimjafr,@dat_man_u_bae Fantasy premier league it's an app,,0,0,0,"<a href=""http://twitter.com/download/android"" rel=""nofollow"">Twitter for Android</a>","Westeros, Winterfell",False,7062,4631
1.16292E+18,2019-08-18 02:34:42+00:00,stacoviak,"Única coisa que me deixa feliz é que estou mitando no fantasy premier league
#fpl",['fpl'],0,0,0,"<a href=""http://twitter.com/download/android"" rel=""nofollow"">Twitter for Android</a>",Curitiba-Pr - Brasil,False,291,553
1.16293E+18,2019-08-18 03:45:07+00:00,BigKensyn,@liverpool Fantasy Premier  league boom!!!! gradually walking up https://t.co/p6bwMM25DJ,,0,0,0,"<a href=""https://mobile.twitter.com"" rel=""nofollow"">Twitter Web App</a>",Nigeria,False,1301,3642
1.16314E+18,2019-08-18 17:09:43+00:00,Wavyhair_Lemie,Apa Wilfred Ndidi wabaya. Fantasy Premier League izawama sure.,,0,1,0,"<a href=""http://twitter.com/download/android"" rel=""nofollow"">Twitter for Android</a>",Malawi,False,2946,2200
1.16316E+18,2019-08-18 18:39:46+00:00,Hussein_Hazard,"@ZIatanFacts Hi!
I'm playing Fantasy Premier League in a league called JUST FOR FUN. Why not join me?

The code to join this league is: ihy2q8

Enjoy the game!",,0,0,0,"<a href=""http://twitter.com/download/android"" rel=""nofollow"">Twitter for Android</a>",Stamford Bridge,False,614,2227
1.16316E+18,2019-08-18 18:41:43+00:00,victor_zaviano,God knows I'm not picking any Chelsea player next week on my Premier League Fantasy League. 21 points at the end of week 2 😭😭😭😭😭. Week 3 come already.,,1,5,1,"<a href=""http://twitter.com/download/android"" rel=""nofollow"">Twitter for Android</a>","Benin-City, Nigeria",False,4554,673
1.16318E+18,2019-08-18 20:12:37+00:00,DagHoelseth,"Ang. Fantasy Premier League: Hva er egentlig forskjellen mellom den private ligaen TV2 Fantasy og den «globale» ligaen TV2? Hvorfor 2 forskjellige? Vet du, @endreosnes? Har fått en brukbar start med mitt Oppsal Canaries, men det går vel nedover etter hvert ... 😀 #fpl",['fpl'],0,0,1,"<a href=""http://twitter.com/#!/download/ipad"" rel=""nofollow"">Twitter for iPad</a>","Oslo, Norway",False,766,1355
1.1632E+18,2019-08-18 21:39:27+00:00,lioenzosama,"kinda mad i forgot to build my fantasy league premier team, we could be top",,0,0,0,"<a href=""http://twitter.com/download/iphone"" rel=""nofollow"">Twitter for iPhone</a>",,False,318,299
1.1634E+18,2019-08-19 10:25:21+00:00,a23_fantasy,"Today's answer: Craig Bellamy for 7 Premier League clubs. Congratulations 
@SunilDSouza_
, 
@vinayakjain13
, 
@CreativeTwitz
, 
@Beingsankii
 &amp; 
@Laxmikant5897
You'll have won a free entry to the #WOLMUN #EPL match. DM us your email IDs. #FanFightQuiz","['WOLMUN', 'EPL', 'FanFightQuiz']",1,3,4,"<a href=""https://mobile.twitter.com"" rel=""nofollow"">Twitter Web App</a>",,False,5146,212
1.16354E+18,2019-08-19 20:06:47+00:00,Berlan_11,@G_BrielleJKT48 fantasy premier league,,0,0,0,"<a href=""http://twitter.com/download/android"" rel=""nofollow"">Twitter for Android</a>","Jakarta Selatan, DKI Jakarta",False,7,159
1.16355E+18,2019-08-19 20:24:03+00:00,numanabaci1,@hazar_buyuka Premier league fantasy kullanan varsa lig fln yapalim,,0,0,0,"<a href=""http://twitter.com/download/android"" rel=""nofollow"">Twitter for Android</a>",,False,4,58
1.16373E+18,2019-08-20 08:16:07+00:00,PapersFootball,Fantasy Premier League: The 10 Players Who Scooped Man of the Match in Gameweek 2 https://t.co/TGl0f8byOR https://t.co/F8u6af3Nh2,,0,0,0,"<a href=""http://publicize.wp.com/"" rel=""nofollow"">Jetpack.com</a>",,False,672,22
1.16373E+18,2019-08-20 08:27:02+00:00,BetFastcom,Fantasy Premier League: The 10 Players Who Scooped Man of the Match in Gameweek 2▶️ https://t.co/3X7IEikpWH https://t.co/qwq5GEXwQp #Sportsbetting #Soccer,"['Sportsbetting', 'Soccer']",0,0,0,"<a href=""https://dlvrit.com/"" rel=""nofollow"">dlvr.it</a>",,False,11122,10774
1.16385E+18,2019-08-20 16:43:53+00:00,Toffees_Updates,Fantasy Premier League: The Dream Team From Gameweek 2 https://t.co/PcmCx5rDp0,,0,0,0,"<a href=""https://ifttt.com"" rel=""nofollow"">IFTTT</a>",Liverpool,False,3166,2207
1.16393E+18,2019-08-20 21:48:26+00:00,SaintMichaelA,"Why didn't u take the penalty,my fantasy premier league score would have been awesome",,0,0,0,"<a href=""http://twitter.com/download/android"" rel=""nofollow"">Twitter for Android</a>",Nigeria lagos,False,326,234
1.16404E+18,2019-08-21 05:11:26+00:00,AlertsHotspur,FANTASY PREMIER LEAGUE managers will be tempted to overhaul their squads ahead of the weekend as they react to some stellar early season performances. #THFC https://t.co/PNHtPFGNTF,['THFC'],0,0,0,"<a href=""https://alertshotspur.com"" rel=""nofollow"">alertshotspur project 1</a>",,False,2950,32
1.16415E+18,2019-08-21 12:36:04+00:00,BabaCric,"#BPvsHT #Dream11 #Fantasy #Cricket #Prediction #News 
BP vs HT (Karnataka Premier League)
Tips and Information Updated 
https://t.co/4wUBGNJF9X","['BPvsHT', 'Dream11', 'Fantasy', 'Cricket', 'Prediction', 'News']",0,0,0,"<a href=""https://play.google.com/store/apps/details?id=com.a3sinfobit.dreamtips11baba"" rel=""nofollow"">Dream Tips 11</a>",,False,4241,28
1.16447E+18,2019-08-22 09:44:54+00:00,nicheguru1,"Fantasy Premier League 2019/20 Gameweek 3: Three in, three out https://t.co/Rmrh30XzPj via @1X Bet Review Nigeria",,0,0,0,"<a href=""http://twitter.com"" rel=""nofollow"">Twitter Web Client</a>",Nigeria,False,279,957
1.16454E+18,2019-08-22 14:21:22+00:00,jockyblue82,Following in Dylan Thomas's footsteps by venturing across the Rhossili Bay causeway to Worms Head. Here I'm wondering who to make captain in my Fantasy Premier League team this weekend... #tailsforwales 🏴󠁧󠁢󠁷󠁬󠁳󠁿 https://t.co/RgCVWLSi72,['tailsforwales'],0,4,0,"<a href=""http://twitter.com/download/android"" rel=""nofollow"">Twitter for Android</a>","Merstham, Surrey",False,159,844
1.16482E+18,2019-08-23 08:40:30+00:00,mchlsteven,@Egbohenry @I_pissVodka premier league fantasy football,,0,0,1,"<a href=""http://twitter.com/download/android"" rel=""nofollow"">Twitter for Android</a>",Kano,False,156,418
1.16486E+18,2019-08-23 11:34:57+00:00,jftaveira1993,"@fantasy_futebol Qualquer pessoa gostaria de incluir os 3 do costume, mas estou confiante. Tanto na premier league como na Bundesliga. Nas restantes, estou com optimismo cauteloso. https://t.co/semlsp1aeZ",,0,1,1,"<a href=""https://mobile.twitter.com"" rel=""nofollow"">Twitter Web App</a>",Portugal,False,2415,442
1.16502E+18,2019-08-23 21:50:06+00:00,TheresaHughes96,You can tell that my new department is like 70% male by the fact that we keep getting emails about Fantasy Football teams and taking bets on the Premier League 😂,,0,1,0,"<a href=""http://twitter.com/download/android"" rel=""nofollow"">Twitter for Android</a>","Limerick, Ireland",False,231,93
1.16523E+18,2019-08-24 11:40:17+00:00,khal_haji,Pukki has to make the pots for my Fantasy Premier League's sake,,0,0,0,"<a href=""http://twitter.com/download/android"" rel=""nofollow"">Twitter for Android</a>",Northriding,False,2432,2339
1.16524E+18,2019-08-24 12:30:00+00:00,Jab1r,Yesss pukki in my Fantasy Premier League 😎,,0,3,0,"<a href=""http://twitter.com/download/android"" rel=""nofollow"">Twitter for Android</a>",Islam 🕋 ,False,1258,900
1.16533E+18,2019-08-24 18:25:31+00:00,BryceMac5,First week playing Premier League fantasy and I made Abraham my Captain it’s over for y’all,,0,0,0,"<a href=""http://twitter.com/download/iphone"" rel=""nofollow"">Twitter for iPhone</a>","Seattle, WA",False,207,636
1.16551E+18,2019-08-25 06:11:16+00:00,DylanMwaura,"Fantasy Premier League #FPL
League Name: FPL STARS. 
Join code: pkzolg 
#fplcommunity","['FPL', 'fplcommunity']",0,0,0,"<a href=""https://mobile.twitter.com"" rel=""nofollow"">Mobile Web (M2)</a>","Ruaka, Kenya",False,1119,504
1.16572E+18,2019-08-25 20:27:39+00:00,OnlineRule,"Today I discovered that the @premierleague has a Spotify account. There’s a fantasy football playlist that’s updated with new music every week, as well as The Official Premier League Music Playlist.  

https://t.co/OoTNQcUUp5",,0,3,0,"<a href=""http://twitter.com/download/iphone"" rel=""nofollow"">Twitter for iPhone</a>",UK,False,3482,3792
1.16586E+18,2019-08-26 05:37:24+00:00,cityfcfans,Raheem Sterling has jokingly apologised to Fantasy Premier League Managers https://t.co/Z6Nw5bw83R https://t.co/9K8hWvGttf,,0,0,0,"<a href=""https://ifttt.com"" rel=""nofollow"">IFTTT</a>",United Kingdom,False,1879,3170
1.16588E+18,2019-08-26 07:05:23+00:00,BabaCric,"#BPvsBIJ #Dream11 #Fantasy #Cricket #Prediction #News 
BP vs BIJ (Karnataka Premier League)
https://t.co/1FapNJobnv","['BPvsBIJ', 'Dream11', 'Fantasy', 'Cricket', 'Prediction', 'News']",0,1,0,"<a href=""https://play.google.com/store/apps/details?id=com.a3sinfobit.dreamtips11baba"" rel=""nofollow"">Dream Tips 11</a>",,False,4241,28
1.16597E+18,2019-08-26 12:45:19+00:00,ThreeMenOnABoat,[new article on #3mob] Fantasy Premier League: Our top 10 after game week 3 https://t.co/ucQJqVV9Jp https://t.co/LTfnnL5J3H,['3mob'],0,0,0,"<a href=""http://publicize.wp.com/"" rel=""nofollow"">Jetpack.com</a>",Zimbabwe,False,20414,801
1.16671E+18,2019-08-28 13:53:12+00:00,tech_city_,#WednesdayWisdom #matilampulagi #pretoriacbd #เถ้าแก่น้อย #kpss2019 #RahulShamesIndia #RahulBacksPakistan join our fantasy PREMIER LEAGUE using this code: o1jo4l,"['WednesdayWisdom', 'matilampulagi', 'pretoriacbd', 'เถ้าแก่น้อย', 'kpss2019', 'RahulShamesIndia', 'RahulBacksPakistan']",0,0,0,"<a href=""http://twitter.com/download/android"" rel=""nofollow"">Twitter for Android</a>","Nairobi City, Kenya",False,500,1679
1.16748E+18,2019-08-30 16:58:12+00:00,frenchUTD,My fantasy premier league team is it good what do you think I should improve on? https://t.co/L1hzseCXoC,,0,1,0,"<a href=""http://twitter.com/download/iphone"" rel=""nofollow"">Twitter for iPhone</a>",,False,163,266
1.1677E+18,2019-08-31 07:43:23+00:00,stumpnbails,"Fantasy Picks For Bellary Tuskers vs Hubli Tigers Final | Karnataka Premier League 2019 | KPL | Playing XI, Pitch Report &amp; Fantasy Picks | Dream11 Fantasy Cricket Tips | BLARY vs HT https://t.co/xWSWEILFRr via @stumpnbails @KPLKSCA #KPL2019 #KPLFinal #Dream11Team #Dream11Tips","['KPL2019', 'KPLFinal', 'Dream11Team', 'Dream11Tips']",2,4,0,"<a href=""https://mobile.twitter.com"" rel=""nofollow"">Twitter Web App</a>",india,False,573,266
1.16787E+18,2019-08-31 18:24:27+00:00,melekkocalar,Yalnız bu güzel golün Fantasy Premier League’te bana 9 puancık getirmesi 🙄 bir hatam var ama nerede bilmiyorum..,,0,0,0,"<a href=""http://twitter.com/download/iphone"" rel=""nofollow"">Twitter for iPhone</a>",,False,105,104
1.16804E+18,2019-09-01 06:05:39+00:00,LadyToluu,"@Taichimastar Google fantasy premier league and sign up.

Create your team then ask for different league codes so you can join various competitive leagues",,0,1,2,"<a href=""http://twitter.com/download/android"" rel=""nofollow"">Twitter for Android</a>","London, In Jesus' Name",False,14087,4224
1.16812E+18,2019-09-01 11:22:08+00:00,DerrickDosoo,"@OfficialFPL Who ever need this should thank me later
Go to phone settings
Select apps
Select Fantasy premier league app
Then click on uninstall
Bye https://t.co/Cm16IsRbg7",,0,0,0,"<a href=""http://twitter.com/download/android"" rel=""nofollow"">Twitter for Android</a>",Ghana,False,2308,2477
1.16815E+18,2019-09-01 13:05:37+00:00,Puneetg97,"Fantasy Premier League is well and truly back.

Take Moise Keane out of my team for never starting a game.

Moise Keane starts a game.

Moise Keane probably scores.",,0,0,1,"<a href=""http://twitter.com/download/android"" rel=""nofollow"">Twitter for Android</a>",Plato's Cave,False,469,159
1.16826E+18,2019-09-01 20:50:45+00:00,SpursD22,@NozAhmed Lol bro this is fantasy it doesn’t count as an official assist by the Premier League,,0,0,1,"<a href=""http://twitter.com/download/iphone"" rel=""nofollow"">Twitter for iPhone</a>","Stockholm, Sverige",False,458,846
1.16845E+18,2019-09-02 08:52:41+00:00,Toffees_Updates,Fantasy Premier League: The 10 Players Who Scooped Man of the Match in Gameweek 4 https://t.co/KhBoerXZNh,,0,0,0,"<a href=""https://ifttt.com"" rel=""nofollow"">IFTTT</a>",Liverpool,False,3166,2207
1.16909E+18,2019-09-04 03:16:03+00:00,blackwolf2112,FANTASY PREMIER LEAGUE BEST TRANSFERS AHEAD OF GAMEWEEK 5! FPL GW 5 BEST... https://t.co/1yWGNSUIVl via @YouTube,,0,0,0,"<a href=""http://twitter.com"" rel=""nofollow"">Twitter Web Client</a>",,False,174,184
1.16919E+18,2019-09-04 10:14:34+00:00,aslifpc,"Hate this international break can't even use my wildcard in the fantasy premier league yet because god knows if players will come back without an injury #football #premierleague 
@brfootball 
@SkySports 
@FabrizioRomano","['football', 'premierleague']",0,0,0,"<a href=""http://twitter.com/download/android"" rel=""nofollow"">Twitter for Android</a>",miss,False,23,61
1.1692E+18,2019-09-04 10:26:32+00:00,poisonivyyyyyy_,@fcbApaar is it free like premier league fantasy?,,0,1,1,"<a href=""http://twitter.com/download/android"" rel=""nofollow"">Twitter for Android</a>",,False,1895,843
1.1693E+18,2019-09-04 17:14:06+00:00,Ou_maima_rm,و انا نلعب في fantasy premier league حاسه روحي كي جبري في عاصمة و الله 😂😂,,0,3,0,"<a href=""http://twitter.com/download/android"" rel=""nofollow"">Twitter for Android</a>",Tunisie ,False,11233,726
1.16952E+18,2019-09-05 08:03:35+00:00,joabodeke_,@Everton @OfficialFPL That's my team: join our fantasy PREMIER LEAGUE using this code: o1jo4l https://t.co/E0CQVr0ku9,,0,1,1,"<a href=""http://twitter.com/download/android"" rel=""nofollow"">Twitter for Android</a>",Nairobi KE. ,False,512,1491
1.16971E+18,2019-09-05 20:30:32+00:00,jt_ozterrier,Join my Fantasy Premier League with the league code 0irnr6 at https://t.co/6qjP3EfaiL,,0,0,0,"<a href=""https://ifttt.com"" rel=""nofollow"">IFTTT</a>","Melbourne, Australia",False,900,31
1.16994E+18,2019-09-06 11:49:44+00:00,Ceeya_Mav,The guy who was on the Fantasy Premier League show last night hates Sterling,,0,0,0,"<a href=""https://mobile.twitter.com"" rel=""nofollow"">Twitter Web App</a>",,False,8810,2052
1.17034E+18,2019-09-07 14:30:00+00:00,sportsden123,"The Caribbean Premier League continues! Make your fantasy team now!

Play more, win more!
#fantasy #cricket https://t.co/IAK7H4deK8","['fantasy', 'cricket']",0,0,0,"<a href=""https://about.twitter.com/products/tweetdeck"" rel=""nofollow"">TweetDeck</a>",,False,20,0
1.17185E+18,2019-09-11 18:22:15+00:00,websfavourites,Fantasy Premier League tips: Give Harry Kane the armband and bring in Daniel James https://t.co/EXXrXp182u,,0,0,0,"<a href=""http://publicize.wp.com/"" rel=""nofollow"">Jetpack.com</a>","Lagos, Nigeria",False,105,91
1.17212E+18,2019-09-12 12:06:12+00:00,patoleey1,"@OfficialFPL 
 @17johnmuniu 
Welcome to fantasy premier league",,1,3,1,"<a href=""http://twitter.com/download/android"" rel=""nofollow"">Twitter for Android</a>",Home sweet home,False,3091,3220
1.1724E+18,2019-09-13 07:00:00+00:00,ALeagueFC,"Fantasy Premier League is back this weekend with #GW5 and we've made one change this week with half an eye on Gameweek 6 to play our Wildcard.

✅ Callum Robinson
❌ Ayoze Perez

#ALeagueFC #FPL #FantasyFootball https://t.co/og0DVtaD5S","['GW5', 'ALeagueFC', 'FPL', 'FantasyFootball']",0,0,0,"<a href=""https://about.twitter.com/products/tweetdeck"" rel=""nofollow"">TweetDeck</a>","Lancashire, England",False,812,4117
1.17241E+18,2019-09-13 07:38:11+00:00,apnafootbaladda,"FPL Tips GW # 5 Fantasy Premier League Game Week # 5 2019/20 #apnafootba... https://t.co/gyI51kMx2V via @YouTube #fpl,#fplshow,#epl,#premierleague,#football,#apnafootballadda,#fplteam,#fplfans,#fplstrikers,#fpltipsgameweek5,#captainpicks,#gw5,#fpltips,#wildcard,#fplchips","['apnafootba', 'fpl', 'fplshow', 'epl', 'premierleague', 'football', 'apnafootballadda', 'fplteam', 'fplfans', 'fplstrikers', 'fpltipsgameweek5', 'captainpicks', 'gw5', 'fpltips', 'wildcard', 'fplchips']",1,0,0,"<a href=""http://twitter.com"" rel=""nofollow"">Twitter Web Client</a>",,False,8,60
1.17249E+18,2019-09-13 12:45:54+00:00,909originals,"With the passing of the international break, the 909originals Fantasy Premier League in association with @futurepastuk heads into its second Gameweek... :)

https://t.co/B8nIPV3tkq

#fantasyfootball #futurepastclothing #acidhousefashion #futurepast https://t.co/5e419rzZex","['fantasyfootball', 'futurepastclothing', 'acidhousefashion', 'futurepast']",0,0,0,"<a href=""http://twitter.com"" rel=""nofollow"">Twitter Web Client</a>",Ireland,False,3346,2685
1.17292E+18,2019-09-14 16:59:42+00:00,oke_chi1,Fantasy premier league is definitely not for me. I think am done..... what sort of lubbish is this na...,,0,0,0,"<a href=""http://twitter.com/download/android"" rel=""nofollow"">Twitter for Android</a>",,False,1635,1448
1.17468E+18,2019-09-19 13:41:51+00:00,CraigFarquhar92,@fras99 Fantasy premier league tips,,0,0,0,"<a href=""http://twitter.com/download/android"" rel=""nofollow"">Twitter for Android</a>",,False,382,556
1.17502E+18,2019-09-20 12:31:54+00:00,BedadiKhaled,@seadk6 @EuropaLeague @DAZN_DE You are in my squad in the game Fantasy Premier League .. I hope to score a goal and assist against Aston Villa on Sunday and of course with Clean Sheet,,0,0,0,"<a href=""https://mobile.twitter.com"" rel=""nofollow"">Twitter Web App</a>",Ouargla.alger                 ,False,25,682
1.17505E+18,2019-09-20 13:56:25+00:00,mykhelcom,"Fantasy Premier League Tips: Five players to get ahead of Gameweek 6
@premierleague
#PremierLeagueFantasy 
#FantasyFootball
#fantasypremierleague

https://t.co/w4N9TSkQLh","['PremierLeagueFantasy', 'FantasyFootball', 'fantasypremierleague']",0,0,0,"<a href=""https://about.twitter.com/products/tweetdeck"" rel=""nofollow"">TweetDeck</a>",Bengaluru,False,10840,952
1.17566E+18,2019-09-22 06:19:35+00:00,theedexterr,I'm am literally the ONLY BOY that doesn't not understand this fantasy premier league thing💔,,0,1,0,"<a href=""http://twitter.com/download/android"" rel=""nofollow"">Twitter for Android</a>",they/them,False,3995,1936
1.17578E+18,2019-09-22 14:44:49+00:00,DaveWA16TTS,"And with that #WHUMUN match, my Premier League fantasy team is completely shot",['WHUMUN'],0,0,0,"<a href=""http://twitter.com/download/iphone"" rel=""nofollow"">Twitter for iPhone</a>","El Paso, TX",False,113,596
1.17601E+18,2019-09-23 05:56:37+00:00,ivanmuro_,@Aubameyang7 I get you’re a team player but can you please take all the goals you’re my fantasy premier league striker and captain..please and thank you lol,,0,0,0,"<a href=""http://twitter.com/download/iphone"" rel=""nofollow"">Twitter for iPhone</a>","Los Angeles, CA",False,218,231
1.17624E+18,2019-09-23 21:14:51+00:00,kwirirayi,Fantasy Premier League:  Our top 10 after Game Week 6 https://t.co/gsPgpWH7Hk via @ThreeMenOnABoat #3mob,['3mob'],0,0,0,"<a href=""http://twitter.com/download/android"" rel=""nofollow"">Twitter for Android</a>",Zimbabwe,False,45456,741
1.17624E+18,2019-09-23 21:15:33+00:00,ThreeMenOnABoat,#3mobSport | Fantasy Premier League:  Our top 10 after Game Week 6 https://t.co/8EUqqZ5mJG #3mob,"['3mobSport', '3mob']",0,0,0,"<a href=""http://twitter.com/download/android"" rel=""nofollow"">Twitter for Android</a>",Zimbabwe,False,20414,801
1.17652E+18,2019-09-24 15:38:33+00:00,BetFastcom,Fantasy Premier League: The 10 Players Who Scooped Man of the Match in Gameweek 6▶️ https://t.co/3X7IEikpWH https://t.co/qwq5GEXwQp #Sportsbetting #Soccer,"['Sportsbetting', 'Soccer']",0,0,0,"<a href=""https://dlvrit.com/"" rel=""nofollow"">dlvr.it</a>",,False,11121,10774
1.17653E+18,2019-09-24 15:56:03+00:00,BrasileirosFpl,"Como foi sua semana 6 no Fantasy premier league 👍ou 👎 ? Alguma transferência ou formação que deu certo ou errado?Futuros planos?
                                                       👇
#FPL #PL #FantasyPL https://t.co/KOTghNphI3","['FPL', 'PL', 'FantasyPL']",0,2,3,"<a href=""http://twitter.com/download/iphone"" rel=""nofollow"">Twitter for iPhone</a>","Boston, USA",False,341,140
1.17653E+18,2019-09-24 16:18:20+00:00,JornadaPremier,"📲 Alineaciones posibles para la Jornada 7 de la Premier League. Triunfa en tu comunidad de @Biwenger, #Comunio o #MísterFantasy con todas las novedades fantasy. 

https://t.co/Uh71x7DMb6","['Comunio', 'MísterFantasy']",0,2,0,"<a href=""https://mobile.twitter.com"" rel=""nofollow"">Twitter Web App</a>",España,False,1869,171
1.17685E+18,2019-09-25 13:29:03+00:00,Burnley_TT1,Premier League Fantasy Football: The Dream Team From Gameweek 6 #BurnleyFC https://t.co/WjrnRutJoV,['BurnleyFC'],0,0,0,"<a href=""http://www.burnleychat.co.uk"" rel=""nofollow"">Burnley Chat</a>",,False,647,10
1.17694E+18,2019-09-25 19:40:08+00:00,Kbahousechamp,Top 20 teams in our Fantasy Premier League are shown here. https://t.co/EbZRmNm6v9,,5,1,0,"<a href=""http://twitter.com/#!/download/ipad"" rel=""nofollow"">Twitter for iPad</a>",,False,2209,83
1.17712E+18,2019-09-26 07:02:52+00:00,Footballorgin,FPL FYI Gameweek 7 | Wildcard Selections &amp; Premium Picks | Fantasy Premier League,,0,0,0,"<a href=""http://www.footballorgin.com/"" rel=""nofollow"">Footballorgin</a>",,False,434,50
1.1773E+18,2019-09-26 19:00:00+00:00,india_fantasy,"TKR vs BAR Dream11 Match Prediction | Caribbean Premier League 2019.
#CPL2019 #CPL19

https://t.co/IMW3NDT11Z","['CPL2019', 'CPL19']",0,0,0,"<a href=""https://about.twitter.com/products/tweetdeck"" rel=""nofollow"">TweetDeck</a>",,False,14367,190
1.17734E+18,2019-09-26 21:43:01+00:00,ClassicJohnno,"Fantasy Premier league players!

What should my starting XI be this week

*there’s not really anyone better to draft in this week* https://t.co/JfngqC4MA6",,0,0,0,"<a href=""http://twitter.com/download/iphone"" rel=""nofollow"">Twitter for iPhone</a>","Engadine, Sydney",False,513,286
1.17784E+18,2019-09-28 07:17:33+00:00,passionepremier,Fantasy Premier League – Guida alla 7^ Giornata https://t.co/ELa7EpE6LK,,0,0,0,"<a href=""http://www.passionepremier.com"" rel=""nofollow"">passionepremier</a>",,False,642,160
1.17785E+18,2019-09-28 07:35:14+00:00,Melvin_fj,Here's my fantasy premier league team for gameweek 7 https://t.co/88VHdpxvMH,,0,2,0,"<a href=""http://twitter.com/download/android"" rel=""nofollow"">Twitter for Android</a>",,False,2,214
1.1783E+18,2019-09-29 13:27:28+00:00,dan_goldsworthy,"@MikeTagliereNFL Completely agree. I 100% wouldn’t follow NFL at all if it wasn’t for fantasy, due to already watching so much NHL and premier league. As it is I watch as many of the teams games that feature my players as I can.",,0,0,0,"<a href=""http://twitter.com/download/iphone"" rel=""nofollow"">Twitter for iPhone</a>","Scotland, United Kingdom",False,212,59
1.17857E+18,2019-09-30 07:17:34+00:00,villanews_app,Fantasy Premier League tips: Best fantasy football transfers for FPL GW8: https://t.co/roVJRXeC11,,0,0,0,"<a href=""http://james-miller.co.uk"" rel=""nofollow"">Villa News App</a>",,False,290,168
1.17872E+18,2019-09-30 17:00:01+00:00,india_fantasy,"ARS vs MUN Dream11 Match Prediction | Premier League.
#dream11Prediction #Dream11

https://t.co/BkwXOQjDEI","['dream11Prediction', 'Dream11']",0,0,0,"<a href=""https://about.twitter.com/products/tweetdeck"" rel=""nofollow"">TweetDeck</a>",,False,14367,190
1.17943E+18,2019-10-02 16:21:32+00:00,BurpTips,Fantasy Premier League tips Gameweek 8: Midfielders https://t.co/hVMesyJKjA https://t.co/XVedShq8zq,,0,0,0,"<a href=""http://publicize.wp.com/"" rel=""nofollow"">Jetpack.com</a>",,False,15,0
1.1801E+18,2019-10-04 12:51:38+00:00,1960tipsblog,Premier League Fantasy Football: Who’s Hot and Who’s Not in Gameweek 8 https://t.co/5YMmU1tR8a,,0,0,0,"<a href=""http://publicize.wp.com/"" rel=""nofollow"">Jetpack.com</a>",,False,458,888
1.18083E+18,2019-10-06 13:15:43+00:00,Milcent_Mily,@benj_amin11 Keep in your fantasy premier league 😂😂😂🤣,,0,1,1,"<a href=""https://mobile.twitter.com"" rel=""nofollow"">Twitter Web App</a>",Somewhere Near You,False,12120,4792
1.18086E+18,2019-10-06 14:51:35+00:00,twinphilemon,Fantasy Premier League 🙌,,1,3,0,"<a href=""http://twitter.com/download/android"" rel=""nofollow"">Twitter for Android</a>","Paris, France",False,2476,359
1.18162E+18,2019-10-08 17:27:46+00:00,Valdethebest1,"@OfficialFPL Finally I understand the fantasy premier league what is all about... 
I just want a help about ranking and league to play 🤔",,0,1,0,"<a href=""http://twitter.com/download/android"" rel=""nofollow"">Twitter for Android</a>","AFRICA  ,Namibia ",False,2878,2844
1.1819E+18,2019-10-09 11:50:00+00:00,BBCSport,"An Ex-Liverpool defender is leading the Fantasy Premier League

See how he's done it 👉 https://t.co/3ppcreER0X https://t.co/1Enaw6jwNz",,9,85,2,"<a href=""https://about.twitter.com/products/tweetdeck"" rel=""nofollow"">TweetDeck</a>","MediaCityUK, Salford",True,10746507,687
1.18223E+18,2019-10-10 09:34:06+00:00,RayPa,Former Red is world No.1 in Fantasy Premier League https://t.co/iy8uKNoq2l,,0,0,0,"<a href=""https://ifttt.com"" rel=""nofollow"">IFTTT</a>","London, England",False,60,289
1.18223E+18,2019-10-10 09:45:03+00:00,A51FR3D,"Former Red is world No.1 in Fantasy Premier League: As Liverpool lead the way in the real thing, a former Reds player is currently top of the world in Fantasy Premier League. https://t.co/1lSQZR5mRV https://t.co/UsdgC02F0H",,0,0,0,"<a href=""https://dlvrit.com/"" rel=""nofollow"">dlvr.it</a>","London, UK",False,531,1394
1.18294E+18,2019-10-12 08:30:37+00:00,footbull_tokyo,"サッカーの最高のマーケティングツール？

“空想”の試合に世界が熱狂。サッカーの楽しみ方を変えた「ファンタジーフットボール」の醍醐味

https://t.co/F140IsUULL…

Fantasy Premier League, Official Fantasy Football Game of the Premier League

https://t.co/RbHQdsOD2f https://t.co/YefeJN4KYw",,0,0,0,"<a href=""https://mobile.twitter.com"" rel=""nofollow"">Twitter Web App</a>",名古屋市,False,36,109
1.18414E+18,2019-10-15 15:55:40+00:00,Everton_Fanly,Fantasy Football: Shrewd selections as the Premier League returns #Everton  https://t.co/7UOfAdTOd0 https://t.co/eUxyQOOkLQ,['Everton'],0,0,0,"<a href=""http://www.fanly.me/getapp"" rel=""nofollow"">Everton_Fanly</a>",England,False,5489,4980
1.18414E+18,2019-10-15 15:57:40+00:00,Arsenal_Fanly,Fantasy Football: Shrewd selections as the Premier League returns #AFC  https://t.co/iXG4Ca7aMt https://t.co/5IeS30F6RF,['AFC'],0,0,0,"<a href=""http://www.fanly.me/getapp"" rel=""nofollow"">Arsenal_Fanly</a>",England,False,9174,5095
1.18485E+18,2019-10-17 15:21:53+00:00,IbkSports,"Check out Episode 8 of Fanbase with Babajide Guerrero and Myself!!

&gt; Weekend Premier league Preview
&gt; #CR700
&gt; Fantasy Premier league
&gt; Predictions/Possible outcomes for this weekend games

Here is the link
👇👇👇👇👇👇👇👇👇
https://t.co/AP36dpmA4Z",['CR700'],2,2,0,"<a href=""http://twitter.com/download/android"" rel=""nofollow"">Twitter for Android</a>",Nigeria,True,123866,2406
1.18518E+18,2019-10-18 13:03:00+00:00,FootySuperTips,"REPLY with your Fantasy Premier League teams and any questions...

GO! 👇 https://t.co/k4bklelOQp",,0,8,16,"<a href=""https://about.twitter.com/products/tweetdeck"" rel=""nofollow"">TweetDeck</a>",,True,411467,617
1.18595E+18,2019-10-20 16:17:55+00:00,charlodely,Might as well I delete my fantasy premier league points,,0,0,0,"<a href=""http://twitter.com/download/iphone"" rel=""nofollow"">Twitter for iPhone</a>",Vincy me say !!!! ,False,883,838
1.18639E+18,2019-10-21 20:54:15+00:00,Kamali_21,"Fantasy premier league ekaye baba. 😂🙌🏾 
Captain and vice captain biwero gaciya https://t.co/3wpEOdd0re",,0,1,0,"<a href=""http://twitter.com/download/iphone"" rel=""nofollow"">Twitter for iPhone</a>","Uganda, Kenya & South Africa",False,15499,5406
1.18662E+18,2019-10-22 12:46:24+00:00,thexplorerbug,Fantasy Premier League: The Dream Team From Gameweek 9 https://t.co/lmfyQLxv87 https://t.co/F6ow75ME8I,,0,0,0,"<a href=""http://publicize.wp.com/"" rel=""nofollow"">Jetpack.com</a>","Mumbai, India",False,350,867
1.18665E+18,2019-10-22 14:43:22+00:00,FootballBurp,Fantasy Premier League tips Gameweek 10: Defenders #GW10 #FPL https://t.co/9sJB1MnhU5,"['GW10', 'FPL']",0,0,0,"<a href=""http://footballburp.com/"" rel=""nofollow"">FootballBurp.com</a>",England,False,3249,1145
1.18744E+18,2019-10-24 18:42:19+00:00,graham_hogg,Man Utd are finished as a big club. Ed talking about winning the premier league is fantasy need to get in the top 10 would be a start #ManUtd #hummin,"['ManUtd', 'hummin']",0,0,0,"<a href=""http://twitter.com/download/iphone"" rel=""nofollow"">Twitter for iPhone</a>",scotland,False,343,1890
1.1877E+18,2019-10-25 12:03:23+00:00,SkyFantasyFooty,"You can pick ONE player from ANY Premier League era to captain your Fantasy Football team this weekend... ⭐️©️

Who are you picking? 🤔👇 https://t.co/7YlYjLAypn",,11,119,78,"<a href=""https://mobile.twitter.com"" rel=""nofollow"">Twitter Web App</a>",England,True,52637,112
1.18783E+18,2019-10-25 20:22:50+00:00,PhilWhomes,Great week to transfer Vardy out of my Fantasy Premier League Team.,,0,1,0,"<a href=""http://twitter.com/download/android"" rel=""nofollow"">Twitter for Android</a>",South Cambridgeshire,False,601,1455
1.18785E+18,2019-10-25 21:53:44+00:00,HarryEverett_14,Just got back from winning a village hall quiz absolutely buzzing!😃🎉...then see the premier league score of the random Friday night game I didn’t even realise was happening.... pretty worried I put Vestergard in my fantasy team.... #moodkiller 💔 https://t.co/H76dkHsljT,['moodkiller'],0,2,0,"<a href=""http://twitter.com/download/iphone"" rel=""nofollow"">Twitter for iPhone</a>","South West, England",False,2271,1808
1.18801E+18,2019-10-26 08:14:20+00:00,mbulski23,"Poranek po piątku bez Lisów w składzie FPL:

Ron Jeremy. Sasha Grey. Fantasy Premier League.",,0,34,4,"<a href=""http://twitter.com/download/android"" rel=""nofollow"">Twitter for Android</a>","Poznań, Polska",False,5339,344
1.18805E+18,2019-10-26 11:03:10+00:00,ray17pongdatu,@OfficialFPL Fantasy Pep League = Pep has different level of fantasy premier league,,0,2,0,"<a href=""http://twitter.com/download/iphone"" rel=""nofollow"">Twitter for iPhone</a>",indonesia,False,355,410
1.18815E+18,2019-10-26 17:51:54+00:00,Zishangama_2,"@MissB20_10 I just want them to concede even if it's one goal, 🙏😁it's rough kwa Fantasy premier league.",,0,0,1,"<a href=""http://twitter.com/download/android"" rel=""nofollow"">Twitter for Android</a>",,False,997,1150
1.18843E+18,2019-10-27 12:35:36+00:00,thelanigan,"@JohnBrewin_ @sobisamazing Although my entire weekend is heavily influenced by the Fantasy element. In fact, my Fantasy league is the super-structure from which the Premier League is suspended.",,0,0,1,"<a href=""https://mobile.twitter.com"" rel=""nofollow"">Twitter Web App</a>","London, England",False,463,5011
1.18851E+18,2019-10-27 17:48:57+00:00,__peterBraxton,@theMagunga You've gone too far...just the premier League (being a Manchester United fan) + fantasy premier League and you're officially dead!,,0,0,1,"<a href=""http://twitter.com/download/android"" rel=""nofollow"">Twitter for Android</a>","Nairobi, Kenya",False,1914,413
1.18852E+18,2019-10-27 18:17:27+00:00,The_PPL,"@fence79 It counts in Fantasy League, not in Premier League stats. And not in PPL11’s question 4!",,0,0,0,"<a href=""http://twitter.com/download/iphone"" rel=""nofollow"">Twitter for iPhone</a>","Bexley, Kent",False,706,2256
1.18879E+18,2019-10-28 12:02:44+00:00,BlueFoxNews,Fantasy Premier League GW10 Dream Team: Chilwell among Foxes quartet (https://t.co/nWGwwZ591f) https://t.co/Fz7IrshfvL,,0,0,0,"<a href=""https://ifttt.com"" rel=""nofollow"">IFTTT</a>",,False,2334,479
1.1892E+18,2019-10-29 15:14:27+00:00,NUFC__Toon,Fantasy Premier League: The Dream Team From Gameweek 10 https://t.co/r0JrrYusFw,,0,0,0,"<a href=""https://ifttt.com"" rel=""nofollow"">IFTTT</a>",Newcastle,False,6861,4321
1.19025E+18,2019-11-01 12:44:00+00:00,talkSPORT,"These Fantasy Premier League tips will give you something to think about ahead of Gameweek 11

https://t.co/dnSZ5OTJJA",,0,12,0,"<a href=""https://about.twitter.com/products/tweetdeck"" rel=""nofollow"">TweetDeck</a>",United Kingdom,True,2189762,1971
1.19029E+18,2019-11-01 15:49:33+00:00,Spurs___News,Premier League Fantasy Football: Who's Hot and Who's Not in Gameweek 11 https://t.co/9A35k3maqK,,0,0,0,"<a href=""https://ifttt.com"" rel=""nofollow"">IFTTT</a>",,False,6639,3294
1.19032E+18,2019-11-01 17:15:00+00:00,SportPlaylists,"Some of the world's biggest &amp; best artists are competing for @OfficialFPL glory in the FPL Music League this season 🎧⚽️

Keep up-to date with who's topping the table &amp; listen to the Fantasy Premier League playlist on Spotify: https://t.co/0N7QqbiaGl

#FPL #FantasyPremierLeague https://t.co/gHD7rQDPoq","['FPL', 'FantasyPremierLeague']",0,0,0,"<a href=""https://about.twitter.com/products/tweetdeck"" rel=""nofollow"">TweetDeck</a>",London,False,6181,3052
1.19067E+18,2019-11-02 16:59:57+00:00,AceAweis,Fantasy Premier League smashed the fuck out of it today!!!!,,0,0,0,"<a href=""http://twitter.com/download/iphone"" rel=""nofollow"">Twitter for iPhone</a>",,False,143,246
1.19142E+18,2019-11-04 18:06:25+00:00,City__Latest,Fantasy Premier League: The 10 Players Who Scooped Man of the Match in Gameweek 11 https://t.co/RxBsKgYI8I,,0,0,0,"<a href=""https://ifttt.com"" rel=""nofollow"">IFTTT</a>",UK,False,2103,898
1.19142E+18,2019-11-04 18:36:00+00:00,TOMMYS_TAKES,"Just ripped off my friend, Tom Buckley, in a Premier League fantasy trade. What a sucker!!! Hope he doesn't spit out his lunch reading this!",,0,6,1,"<a href=""https://about.twitter.com/products/tweetdeck"" rel=""nofollow"">TweetDeck</a>","New York, New York",False,842,4850
1.19272E+18,2019-11-08 08:27:02+00:00,thatsagoal,"Play Fantasy Football for CASH prizes!

Give @PPFantasy a go in the Premier League this weekend with their £20 risk free offer.

How to play and all the details here &gt; https://t.co/3zzkkS2Nt1.

#FPL #FantasyFootball

(T&amp;Cs apply. 18+. New customers only for the £20)","['FPL', 'FantasyFootball']",1,0,0,"<a href=""https://mobile.twitter.com"" rel=""nofollow"">Twitter Web App</a>","England, United Kingdom",False,29711,584
1.19277E+18,2019-11-08 11:26:18+00:00,UnitedPeoplesTV,Current top 10 in the United Peoples TV Fantasy Premier League: Jan Åge Sævareid on top with 701 points and he has both Rashford &amp; Martial. Strong loyalty. https://t.co/YSx0g5iiSQ,,0,10,1,"<a href=""https://about.twitter.com/products/tweetdeck"" rel=""nofollow"">TweetDeck</a>",Become a part of UPTV here 👇,False,72826,479
1.19279E+18,2019-11-08 12:58:08+00:00,Footstock,"@ManUtd 🚨 £10,000 Premier League freeroll fantasy football tournament launches today at https://t.co/cnIaEUvLRv 🚨 

£5,000 to the winner!!!

1.Sign up free, get £1.50 and 3 free players to get you going 💰 
2.Pick your team 🤓 
3.Smash the opposition 💪🏾 

#fpl #premierleague https://t.co/r8rcVoWTNo","['fpl', 'premierleague']",0,0,0,"<a href=""http://twitter.com/download/iphone"" rel=""nofollow"">Twitter for iPhone</a>","England, United Kingdom",False,3419,145
1.19285E+18,2019-11-08 17:08:46+00:00,FootballBurp,Fantasy Premier League tips Gameweek 12: Goalkeepers #FPL #GW12 https://t.co/gtOyM1p0oD,"['FPL', 'GW12']",0,0,0,"<a href=""https://about.twitter.com/products/tweetdeck"" rel=""nofollow"">TweetDeck</a>",England,False,3249,1145
1.19286E+18,2019-11-08 17:59:40+00:00,FootballBurp,Fantasy Premier League tips Gameweek 12: Midfielders #GW12 #FPL https://t.co/Cl6SUlIyn9,"['GW12', 'FPL']",0,0,0,"<a href=""http://footballburp.com/"" rel=""nofollow"">FootballBurp.com</a>",England,False,3249,1145
1.19295E+18,2019-11-08 23:27:46+00:00,FantasyScout_11,"CHE vs CRY | Chelsea vs Crystal Palace | Premier League: Best Dream11 Combination, Probable Lineups, Team News &amp; Fantasy Tips.

#CHECPL #ChelseaPalace #PremierLeague #Dream11

https://t.co/MFulSGdG9t","['CHECPL', 'ChelseaPalace', 'PremierLeague', 'Dream11']",0,0,0,"<a href=""https://mobile.twitter.com"" rel=""nofollow"">Twitter Web App</a>",,False,6806,917
1.1932E+18,2019-11-09 16:20:05+00:00,SalyaChikitsa,"@OfficialFPL Hi

I'm playing Fantasy Premier League in a league called Wakanda League 2019/20. Why not join me?

The code to join this league is: buu6zq

Enjoy the game!",,0,1,0,"<a href=""http://twitter.com/download/android"" rel=""nofollow"">Twitter for Android</a>",,False,1086,854
1.19471E+18,2019-11-13 20:26:05+00:00,davethee_mc,"@SaruMasai Heh.. go to the premier League website, create a fantasy account and start😂 you can join one of your homies leagues or something..",,0,0,1,"<a href=""http://twitter.com/download/android"" rel=""nofollow"">Twitter for Android</a>",Somewhere,False,1380,3025
1.19493E+18,2019-11-14 10:44:27+00:00,TemiladeGold2,Join fantasy premier league and be the manager 😍😍😍 https://t.co/amyuJhYURr,,0,3,0,"<a href=""http://twitter.com/download/android"" rel=""nofollow"">Twitter for Android</a>",Lagos nigeria,False,279,734
1.19528E+18,2019-11-15 09:41:17+00:00,_whatthesport,"The 15 Top Scoring Defenders in Fantasy Premier League &amp; Whether You Should Buy Them

https://t.co/QPq15YypT1
#football
#whatthesport
#premierleague
#EPL
#England 
#Championsleague
#Europaleague
#Arsenal #Chelsea #ManUtd #LFC #FCbarcelona #realmadrid","['football', 'whatthesport', 'premierleague', 'EPL', 'England', 'Championsleague', 'Europaleague', 'Arsenal', 'Chelsea', 'ManUtd', 'LFC', 'FCbarcelona', 'realmadrid']",0,0,0,"<a href=""https://zapier.com/"" rel=""nofollow"">Zapier.com</a>",London,False,208,0
1.19535E+18,2019-11-15 14:37:19+00:00,EFC__News,The 15 Top Scoring Midfielders in Fantasy Premier League &amp; Whether You Should Buy Them https://t.co/yWYr1dE8bl,,0,0,0,"<a href=""https://ifttt.com"" rel=""nofollow"">IFTTT</a>",Merseyside,False,6893,4534
1.19555E+18,2019-11-16 03:50:17+00:00,Big__Erv,Join my fantasy premier league mini league pwhqgz,,0,0,1,"<a href=""https://mobile.twitter.com"" rel=""nofollow"">Twitter Web App</a>","Lagos, Nigeria",False,24697,10667
1.19637E+18,2019-11-18 10:05:56+00:00,DraftGym,"We're introducing our new article series. EPL First Look is your early guide to the fantasy ⚽ Premier League game week. Our gorgeous sortable cheat-sheets will help you run a deep analysis of the match-ups and best players!

https://t.co/eoH3pQFv5F

#fantasypl #FPL #FanTeam https://t.co/srSpxf2YnV","['fantasypl', 'FPL', 'FanTeam']",0,0,0,"<a href=""https://mobile.twitter.com"" rel=""nofollow"">Twitter Web App</a>",,False,3712,2017
1.19681E+18,2019-11-19 15:34:36+00:00,Toffees_Updates,The 15 Top Scoring Forwards in Fantasy Premier League &amp; Whether You Should Buy Them https://t.co/0jOA060VE4,,0,0,0,"<a href=""https://ifttt.com"" rel=""nofollow"">IFTTT</a>",Liverpool,False,3166,2207
1.19684E+18,2019-11-19 17:17:34+00:00,evertonnewsapp,The 15 Top Scoring Forwards in Fantasy Premier League &amp; Whether You Should Buy Them: https://t.co/YfdJHUPFGL,,0,0,0,"<a href=""http://james-miller.co.uk"" rel=""nofollow"">Everton News App</a>","Liverpool, England",False,82,86
1.19732E+18,2019-11-21 00:58:35+00:00,DerKaiserBM,"@RedmondKristian @BlueCitizenn @SkySportsPL That's why they have 4 CL titles between them in their entire history... and we are talking about 5 teams where as Bayern alone has 5, let that sink in and stop living in you Premier League fantasy, that's why English football is utterly mediocre",,0,0,0,"<a href=""https://mobile.twitter.com"" rel=""nofollow"">Twitter Web App</a>",Wherever there’s a ball ,False,22493,450
1.19744E+18,2019-11-21 09:15:09+00:00,theusposts1,Fantasy Premier League tips: Who should you captain in FPL GW13? https://t.co/R8KzNFT4rV,,0,0,0,"<a href=""http://publicize.wp.com/"" rel=""nofollow"">Jetpack.com</a>",washington,False,16,0
1.19786E+18,2019-11-22 12:53:09+00:00,ArmyCrusaders,That #FridayFeeling when internationals break is over and the Premier League is back on. Don’t forget to adjust your fantasy teams everyone! https://t.co/q2q3NowxQY,['FridayFeeling'],0,6,0,"<a href=""http://twitter.com/download/iphone"" rel=""nofollow"">Twitter for iPhone</a>",Aldershot,False,352,364
1.19791E+18,2019-11-22 16:01:58+00:00,tiptoptoptips,"@GJS83_ Kinda, atm you invest game by game like Fantasy Premier League but with Money",,0,0,0,"<a href=""http://twitter.com/download/android"" rel=""nofollow"">Twitter for Android</a>",,False,9495,261
1.19796E+18,2019-11-22 19:17:35+00:00,evertonnewsapp,Fantasy Premier League tips: Best Fantasy Football transfers for FPL GW13: https://t.co/VvkIYrVREk,,0,0,0,"<a href=""http://james-miller.co.uk"" rel=""nofollow"">Everton News App</a>","Liverpool, England",False,82,86
1.1982E+18,2019-11-23 11:05:04+00:00,That_Stat_,"Fantasy Premier League Football 🚨⚽️

@OfficialFPL

To be in with a chance of winning a £20 Amazon voucher 💳

Enter our league using the code; 

➡️ qj0vc2

https://t.co/yhcqkYrGxD

#FPL #FantasyFootball https://t.co/ijZDfPNs36","['FPL', 'FantasyFootball']",0,0,0,"<a href=""https://www.hootsuite.com"" rel=""nofollow"">Hootsuite Inc.</a>",United Kingdom,False,14466,8106
1.19823E+18,2019-11-23 13:22:51+00:00,rbakoto84,@ghanafaofficial @kurtokraku I suggest you speak to @Superbru to host a Ghana Premier League fantasy game on their app/platform. It will help whip up excitement for the game. #BringBackTheLove,['BringBackTheLove'],0,0,0,"<a href=""http://twitter.com/download/iphone"" rel=""nofollow"">Twitter for iPhone</a>","Akuapem, E/R, Ghana",False,824,1683
1.19932E+18,2019-11-26 13:28:24+00:00,Tweet__THFC,Fantasy Premier League: The Dream Team From Gameweek 13 https://t.co/alI2VEsFCT,,0,0,0,"<a href=""https://ifttt.com"" rel=""nofollow"">IFTTT</a>",England,False,2201,1072
1.19938E+18,2019-11-26 17:25:25+00:00,Lammy_cafe,Fantasy Premier League 英超第十三週賽後分析 https://t.co/o61JAeVhGc https://t.co/xBqc7Us4qp,,0,0,0,"<a href=""http://publicize.wp.com/"" rel=""nofollow"">Jetpack.com</a>",King’s Lynn,False,60,48
1.20008E+18,2019-11-28 15:42:54+00:00,Frankeleven11,"@SkySportsPL Click on this link and follow the page to get exciting football updates, from the English Premier League to UEFA Champions League and even Fantasy Premier League and other football related articles https://t.co/2eQsdg5I57
You won't be disappointed",,0,0,0,"<a href=""http://twitter.com/download/android"" rel=""nofollow"">Twitter for Android</a>",Port Harcourt ,False,1334,1274
1.20009E+18,2019-11-28 16:32:25+00:00,Toffees_Updates,Premier League Fantasy Football: Who's Hot and Who's Not in Gameweek 14 https://t.co/abWi8EFgd3,,0,0,0,"<a href=""https://ifttt.com"" rel=""nofollow"">IFTTT</a>",Liverpool,False,3166,2207
1.20009E+18,2019-11-28 16:33:56+00:00,_whatthesport,"Premier League Fantasy Football: Who’s Hot and Who’s Not in Gameweek 14

https://t.co/e39HohTzxI
#football
#whatthesport
#premierleague
#EPL
#England 
#Championsleague
#Europaleague
#Arsenal #Chelsea #ManUtd #LFC #FCbarcelona #realmadrid","['football', 'whatthesport', 'premierleague', 'EPL', 'England', 'Championsleague', 'Europaleague', 'Arsenal', 'Chelsea', 'ManUtd', 'LFC', 'FCbarcelona', 'realmadrid']",0,0,0,"<a href=""https://zapier.com/"" rel=""nofollow"">Zapier.com</a>",London,False,208,0
1.20009E+18,2019-11-28 16:43:55+00:00,Everton_Fanly,Premier League Fantasy Football: Who's Hot and Who's Not in Gameweek 14 #Everton  https://t.co/Dao0Zn5jhh https://t.co/ScYpUNYaHo,['Everton'],0,0,1,"<a href=""http://www.fanly.me/getapp"" rel=""nofollow"">Everton_Fanly</a>",England,False,5489,4980
1.20013E+18,2019-11-28 18:55:30+00:00,FPLMarinerro,"Lider klasyfikacji meczów z minimum 5 punktami w Fantasy Premier League po #GW13 pozostaje P. #Aubameyang, który ma 9 takich meczów. 

Na 2. miejscu z 8 meczami jest 4 zawodników: #Vardy, #Mane, #Robertson, #DeBruyne https://t.co/io8nS9BoAA","['GW13', 'Aubameyang', 'Vardy', 'Mane', 'Robertson', 'DeBruyne']",0,0,0,"<a href=""https://mobile.twitter.com"" rel=""nofollow"">Twitter Web App</a>","Warszawa, Polska",False,577,1768
1.20113E+18,2019-12-01 13:24:38+00:00,Snoops_Nephew,I should be dead asleep but here I am just adjusting my Premier League Fantasy Team 🙄,,0,2,0,"<a href=""http://twitter.com/download/iphone"" rel=""nofollow"">Twitter for iPhone</a>",,False,305,475
1.20114E+18,2019-12-01 13:48:19+00:00,PoorBoyRoy,I need Teemu Pukki to get a brace today! My fantasy premier league team won't be losing today! 👍😀😀 #PremiereLeague #LFG https://t.co/TV0uNNbOgz,"['PremiereLeague', 'LFG']",0,0,0,"<a href=""http://twitter.com/download/android"" rel=""nofollow"">Twitter for Android</a>","Chicago, IL, USA, Earth",False,552,908
1.20128E+18,2019-12-01 23:35:42+00:00,myFPLstrategy,"🎥NEW #FPL VIDEO🎥

TEAM REVIEW – GAMEWEEK 15 TRANSFER THOUGHTS | Fantasy Premier League 2019/20

▶️https://t.co/eohVsDd3dk https://t.co/ftlfbLXeR1",['FPL'],0,0,0,"<a href=""https://mobile.twitter.com"" rel=""nofollow"">Twitter Web App</a>",🌍 OR: ,False,890,428
1.20151E+18,2019-12-02 14:41:29+00:00,CPFC_Fanly,Premier League Fantasy Football: Who's Hot and Who's Not in Gameweek 15 #CrystalPalace  https://t.co/FLL8nxEvbW https://t.co/Q94FuwVgnP,['CrystalPalace'],0,0,0,"<a href=""http://www.fanly.me/getapp"" rel=""nofollow"">CPFC_Fanly</a>",England,False,3785,2617
1.20157E+18,2019-12-02 18:39:54+00:00,FantasyFPundit,"⚽️ Fantasy Premier League Gameweek 14 ⚽️

▪️ Vardy most picked and captained
▪️ Alli clicking with Mourinho
▪️ Van Dijk's first double digit haul of the season

#FPL https://t.co/Wk2EvKljr1",['FPL'],0,1,0,"<a href=""https://mobile.twitter.com"" rel=""nofollow"">Twitter Web App</a>",facebook.com/FantasyFPundit,False,11766,75
1.20214E+18,2019-12-04 08:16:28+00:00,__zamo,"@LuthoNgqaqu My fantasy premier League soldier, gets me points on the regular this lad😁",,1,1,1,"<a href=""http://twitter.com/download/android"" rel=""nofollow"">Twitter for Android</a>",EKapa,False,1485,1439
1.20227E+18,2019-12-04 16:57:47+00:00,ArchitectFpl,"Jamie Vardy has been captained by over 2 million people playing the Fantasy Premier League game this week.

The most captained player in a game-week EVER! 😳",,0,3,2,"<a href=""http://twitter.com/download/iphone"" rel=""nofollow"">Twitter for iPhone</a>",Ireland,False,657,1313
1.20233E+18,2019-12-04 20:45:24+00:00,SiyandaMlipha,"Jamie Vardy is a jewel right now in premier league fantasy 😈🔪🙌🏾, Get in. #FPL",['FPL'],0,0,0,"<a href=""http://twitter.com/download/iphone"" rel=""nofollow"">Twitter for iPhone</a>",Swaziland,False,554,598
1.20277E+18,2019-12-06 01:43:06+00:00,momentofmagnus,"Sorry Marvel, but the fact that world chess champion Magnus Carlsen is #9 (out of 7+million) in Fantasy Premier League right now is ACTUALLY the greatest Crossover Event in history https://t.co/zhxJC5SNmz",,0,3,0,"<a href=""http://twitter.com"" rel=""nofollow"">Twitter Web Client</a>",New York City,False,120,931
1.20294E+18,2019-12-06 13:11:12+00:00,Villains_News,Premier League Fantasy Football: Who's Hot and Who's Not in Gameweek 16 https://t.co/Q4Yy5iogMZ,,0,0,0,"<a href=""https://ifttt.com"" rel=""nofollow"">IFTTT</a>",UK,False,3209,2039
1.20296E+18,2019-12-06 14:17:34+00:00,villanews_app,Premier League Fantasy Football: Who's Hot and Who's Not in Gameweek 16: https://t.co/SBWLc1fuyT,,0,0,0,"<a href=""http://james-miller.co.uk"" rel=""nofollow"">Villa News App</a>",,False,290,168
1.20319E+18,2019-12-07 05:38:25+00:00,dreamprime11com,EVE vs CHE Dream11 Team Prediction: Premier League 2019 - Dream11 Prime | Play fantasy game on Dream11 and win money.create fantasy cricket team with our fantasy dream11 info.We offer free fantasy dream team for all match. https://t.co/bQMdIdhrg0,,0,0,0,"<a href=""http://twitter.com"" rel=""nofollow"">Twitter Web Client</a>",india,False,281,62
1.20325E+18,2019-12-07 09:36:12+00:00,sweetganjabae,"@sadotonin Fantasy premier league, kitne United ke players rakhe hai bro",,0,0,1,"<a href=""http://twitter.com/download/android"" rel=""nofollow"">Twitter for Android</a>","New Delhi, India",False,678,953
1.20325E+18,2019-12-07 10:03:01+00:00,sotrixbax,"Who is your captain in Fantasy Premier league this game week?

Mine: Pukki.",,4,45,15,"<a href=""http://twitter.com/download/android"" rel=""nofollow"">Twitter for Android</a>",Mugii’s neighbor e Canada,False,83197,25609
1.20327E+18,2019-12-07 11:28:10+00:00,NewsLiverpool,Fantasy Premier League tips: Last minute Fantasy Football transfers for FPL GW16 https://t.co/rkTX7L3xTy #lfc,['lfc'],0,1,0,"<a href=""http://www.liverpoolfcnews.net/"" rel=""nofollow"">Liverpool News RSS</a>",Liverpool,False,119674,23484
1.20332E+18,2019-12-07 14:19:51+00:00,SamSpooner1994,"Juergen klopp is the biggest fucking dickhead , fucking with my fantasy premier league selections 🤯🤯🤯😤😤😤",,0,0,0,"<a href=""http://twitter.com/download/iphone"" rel=""nofollow"">Twitter for iPhone</a>","Nottingham, England",False,211,416
1.20335E+18,2019-12-07 16:19:10+00:00,hfzllah,@nadiahusna27 Fantasy premier league,,0,0,1,"<a href=""http://twitter.com/download/iphone"" rel=""nofollow"">Twitter for iPhone</a>","Johore, Malaysia",False,538,365
1.20337E+18,2019-12-07 17:44:18+00:00,MetalBoks,"@seulgisolomon He's in my Fantasy Premier League team, of course.",,0,1,0,"<a href=""https://mobile.twitter.com"" rel=""nofollow"">Twitter Web App</a>",,False,186,1273
1.20371E+18,2019-12-08 16:10:50+00:00,PederAas6,Magnus spiller rekordraskt for å sjekke Fantasy Premier League. For en mann! #2sjakk,['2sjakk'],0,0,0,"<a href=""http://twitter.com/download/iphone"" rel=""nofollow"">Twitter for iPhone</a>","Oslo, Norge",False,431,490
1.20432E+18,2019-12-10 08:34:55+00:00,footballtalksFR,"2019 a offert une compétition incroyable dans le football #Fantasy de la Premier League Russe. #Zenith a été champion et a commencé la saison comme favori.

https://t.co/gz5TyjQHiM","['Fantasy', 'Zenith']",0,0,0,"<a href=""https://mobile.twitter.com"" rel=""nofollow"">Twitter Web App</a>",,False,227,836
1.20437E+18,2019-12-10 11:56:36+00:00,Superbru,"Premier League Team of Round 16 🔥

Here's a look at the best possible XI you could have selected in the most recent PL fantasy round at Superbru.

A very strong community average this week! 💪 https://t.co/WfERMakUFn",,1,1,0,"<a href=""https://about.twitter.com/products/tweetdeck"" rel=""nofollow"">TweetDeck</a>",London,True,17947,760
1.20478E+18,2019-12-11 15:03:01+00:00,TrademateSports,"Need some help in the world of Fantasy Premier League? Check out how Marius &amp; Alex performed last week and what transfers they've made this week:  https://t.co/psHWDkaFRo 
#fantasypremierleague #fpl #fantasyfootball #fantasy #football #soccer #premierleague #epl #manutd https://t.co/zuGpORCfO4","['fantasypremierleague', 'fpl', 'fantasyfootball', 'fantasy', 'football', 'soccer', 'premierleague', 'epl', 'manutd']",2,0,0,"<a href=""https://eclincher.com"" rel=""nofollow"">eClincher</a>","Oslo, Norge",False,4844,261
1.20592E+18,2019-12-14 18:48:35+00:00,newsyc100,World Chess Champion Magnus Carlsen Is Now World Fantasy Premier League #1 https://t.co/9UoBiZxfgZ (https://t.co/2Eu1DO42cI),,0,1,0,"<a href=""http://news.ycombinator.com"" rel=""nofollow"">newsyc</a>","Silicon Valley, Calif.",False,10169,0
1.20597E+18,2019-12-14 22:14:06+00:00,nephronic,"@JariTervo1 Vitsit, pakko kysyä:
Kun pallosta ahkerasti twiittailet, niin onkos sulla omaa FPL-joukkuetta? Fantasy Premier League hommista siis kyse.",,0,1,0,"<a href=""http://twitter.com/download/iphone"" rel=""nofollow"">Twitter for iPhone</a>","Varsinais-Suomi, Suomi",False,65,309
1.20608E+18,2019-12-15 05:18:35+00:00,erlingjohnsenDK,"Det her er fandeme mind blowing. 
Største afstand ever mellem nr.1 og 2 i både skakrating og Fantasy Premier League (med vist 7+ millioner deltagere) - og begge førstepladser er besat af ham den brainy nordmand. 🙄🤔🤯",,0,10,1,"<a href=""http://twitter.com/download/android"" rel=""nofollow"">Twitter for Android</a>","København, Danmark",False,676,2013
1.20635E+18,2019-12-15 23:06:38+00:00,JohnBrewin_,Second to Magnus Carlsen in Fantasy Premier League (still be updated) appears to be Nick Tanner of Liverpool early-90s infamy. https://t.co/IbfgGnoetq,,0,3,1,"<a href=""https://mobile.twitter.com"" rel=""nofollow"">Twitter Web App</a>","London, England via Macc",True,41109,7456
1.20652E+18,2019-12-16 10:16:18+00:00,arihaxhiajdinii,fantasy premier league playing too much with your emotions man,,0,5,2,"<a href=""http://twitter.com/download/iphone"" rel=""nofollow"">Twitter for iPhone</a>",,False,364,377
1.20667E+18,2019-12-16 20:21:25+00:00,lovable_daniels,Fantasy Premier League: World chess champion Magnus Carlsen takes top spot https://t.co/lmVvGTpa6A https://t.co/EyZI0uBtdK,,0,0,0,"<a href=""http://publicize.wp.com/"" rel=""nofollow"">Jetpack.com</a>","Lagos, Nigeria",False,207,162
1.2067E+18,2019-12-16 22:05:18+00:00,FootballBurp,Fantasy Premier League tips Gameweek 18: Captains #FPL #GW18 https://t.co/6kqxjFOyat,"['FPL', 'GW18']",0,0,0,"<a href=""http://footballburp.com/"" rel=""nofollow"">FootballBurp.com</a>",England,False,3249,1145
1.20691E+18,2019-12-17 12:07:06+00:00,NCFC__News,Fantasy Premier League: The Dream Team From Gameweek 17 https://t.co/sjQkl7C9VI,,0,0,0,"<a href=""https://ifttt.com"" rel=""nofollow"">IFTTT</a>",Norwich,False,4005,2031
1.20692E+18,2019-12-17 12:43:38+00:00,AFCB_Fanly,Fantasy Premier League: The Dream Team From Gameweek 17 #AFCB  https://t.co/BmnDScoHON https://t.co/5yAfjUUhJU,['AFCB'],0,0,0,"<a href=""http://www.fanly.me/getapp"" rel=""nofollow"">AFCB_Fanly</a>",England,False,4502,3637
1.20886E+18,2019-12-22 21:24:25+00:00,PropertyPetuity,Magnus Carlsen makes a splash in Fantasy Premier League https://t.co/FOsj19AkUf via @IndianExpress https://t.co/QfUUkeisQu,,0,0,0,"<a href=""http://twibble.io"" rel=""nofollow"">Twibble.io</a>","West Midlands, England",False,2541,4672
1.20942E+18,2019-12-24 10:29:00+00:00,Betfair,It's a double bill of Fantasy Premier League tips as @FFCommunity_ share their picks for the busy festive period...,,0,0,0,"<a href=""https://ads-api.twitter.com"" rel=""nofollow"">Twitter for Advertisers.</a>",,True,162245,1213
1.20976E+18,2019-12-25 08:42:52+00:00,FPLJag,It's Christmas Day but let's face it.. We're all still thinking about Fantasy Premier League 😉 Merry Christmas all! 🎄 #FPL,['FPL'],2,33,2,"<a href=""http://twitter.com/download/android"" rel=""nofollow"">Twitter for Android</a>",,False,3444,764
1.20992E+18,2019-12-25 19:40:18+00:00,ThomasOvenden,@tySchmitt5 @137pm Tyler. Do you do fantasy premier league?,,0,2,0,"<a href=""http://twitter.com/download/iphone"" rel=""nofollow"">Twitter for iPhone</a>",Pittsburgh,False,382,584
1.21059E+18,2019-12-27 15:45:46+00:00,panparapaan,@OfficialFPL How do I join the Fantasy Premier League. Please can anyone spare sometime to explain how I can participate,,0,0,0,"<a href=""http://twitter.com/download/android"" rel=""nofollow"">Twitter for Android</a>",In the Burberry Muffins ,False,117,134
1.21066E+18,2019-12-27 20:34:10+00:00,TopiLaakso,"Two missed penalties for Sterling, one goal as a result of those. It'll be very irritating to watch him bag three fantasy premier league BONUS points today #WOLMCI #FantasyFootball","['WOLMCI', 'FantasyFootball']",0,0,0,"<a href=""https://mobile.twitter.com"" rel=""nofollow"">Twitter Web App</a>","Helsinki, Finland",False,256,320
1.21127E+18,2019-12-29 13:08:03+00:00,myfinal11,"Status Note: ARS vs CHE Lineup Out Check Playrs Positions

Fantasy match Preview

ARS vs CHE Dream11 Match Prediction | EPL: Arsenal vs Chelsea |

Preview: https://t.co/9Kfs5sfWdN

#EPL #Premier_League #Dream11 #Dream11Tips https://t.co/9W8DcJTpkn","['EPL', 'Premier_League', 'Dream11', 'Dream11Tips']",0,0,0,"<a href=""http://twitter.com/download/android"" rel=""nofollow"">Twitter for Android</a>",,False,1144,237
1.21139E+18,2019-12-29 20:39:21+00:00,schoolofthewolf,@MhmedElShazly @FPLEditor @LetsTalk_FPL Premier fantasy tools,,0,1,0,"<a href=""http://twitter.com/download/android"" rel=""nofollow"">Twitter for Android</a>",Kaer Morhen,False,65,472
1.21142E+18,2019-12-29 23:04:41+00:00,CLINICALFPL,@Judelong8 The official premier league fantasy site and then check GW history.,,0,0,0,"<a href=""http://twitter.com/download/iphone"" rel=""nofollow"">Twitter for iPhone</a>",,False,1430,989
1.30471E+18,2020-09-12 09:13:50+00:00,jamiedownie_98,"@Ryanhardie9 https://t.co/YiOmJOfzFv Play Fantasy Premier League and join my mini-league
League Code: 5o2ciz",,0,0,0,"<a href=""http://twitter.com/download/iphone"" rel=""nofollow"">Twitter for iPhone</a>",,False,153,1440
1.30471E+18,2020-09-12 09:14:45+00:00,pleasedlocalman,"PREMIER LEAGUE DAY 1 
JOIN THE HIP HOP TWITTER FANTASY LEAGUE RIGHT NOW BEFORE THE BEGINNING OF THE SEASON

https://t.co/3vXlBF9U5r",,0,1,0,"<a href=""http://twitter.com/download/iphone"" rel=""nofollow"">Twitter for iPhone</a>",,False,1249,772
1.30471E+18,2020-09-12 09:21:08+00:00,fqkhri,"@disortir For the 2020/21 Fantasy Premier League why don't you join my mini-league ""Liga Pertamina Tower""?

https://t.co/40HQlA9B7E

League Code: skyuj1

Looking forward to playing against you this season!",,0,0,2,"<a href=""http://twitter.com/download/android"" rel=""nofollow"">Twitter for Android</a>",,False,515,234
1.30472E+18,2020-09-12 09:43:46+00:00,chairmann_,Fantasy Premier League auto join link - United fans only pls https://t.co/OnZBKdh1bY,,1,0,0,"<a href=""http://twitter.com/download/iphone"" rel=""nofollow"">Twitter for iPhone</a>","Akwa Ibom, Nigeria",False,365,285
1.30472E+18,2020-09-12 09:58:25+00:00,kwame_KAK,"@Curtis0073 @OfficialFPL Play Fantasy Premier League and join my mini-league
https://t.co/vXoF30CaB4
 League Code: zgdtfs",,0,1,0,"<a href=""http://twitter.com/download/android"" rel=""nofollow"">Twitter for Android</a>","Accra, Ghana",False,1055,916
1.30472E+18,2020-09-12 09:59:32+00:00,DBJohnsonSE,"Hey bro, get fit quickly FFS. I have a Fantasy Premier League to win @tsilva3",,0,0,0,"<a href=""http://twitter.com/download/android"" rel=""nofollow"">Twitter for Android</a>",The mighty Plymouth ,False,122,243
1.30472E+18,2020-09-12 10:00:02+00:00,Domez99,"FANTASY PREMIER LEAGUE!!! 

Team Reveal: Here we go!!! 
Formation... 3-4-3
Salah - (C) 💪 #FPL https://t.co/uIH10ds4O6",['FPL'],1,3,0,"<a href=""http://twitter.com/download/android"" rel=""nofollow"">Twitter for Android</a>",Football Nation,False,1794,963
1.30473E+18,2020-09-12 10:43:27+00:00,shuaib_DB,"Premier league is back, fantasy disappointments and many more to come, I miss this league, about time..🔥#PremierLeague #FPLCommunity","['PremierLeague', 'FPLCommunity']",0,2,0,"<a href=""http://twitter.com/download/iphone"" rel=""nofollow"">Twitter for iPhone</a>",India,False,1952,1460
1.30474E+18,2020-09-12 11:23:13+00:00,FootballGogme,Any Fantasy Premier League leagues by Spurs Twitter open to enter?,,0,0,0,"<a href=""http://twitter.com/download/android"" rel=""nofollow"">Twitter for Android</a>",the Netherlands,False,749,1129
1.30474E+18,2020-09-12 11:24:12+00:00,trippjpg,Being in an NFL Fantasy League and a Premier League fantasy League is more work that uni and work combined,,0,3,0,"<a href=""http://twitter.com/download/android"" rel=""nofollow"">Twitter for Android</a>","Leeds, England",False,357,1212
1.30475E+18,2020-09-12 12:02:47+00:00,JGD6,@dt_alerts Willian made the assist. Please update your points system. Even the premier league fantasy footy credited him with the assist.,,0,0,0,"<a href=""http://twitter.com/download/iphone"" rel=""nofollow"">Twitter for iPhone</a>","Manchester, England",False,197,1069
1.30476E+18,2020-09-12 12:40:02+00:00,Ryan_Matt98,What a start to fantasy premier league. Mitro benched. Aubameyang already got a yellow. I love this game,,0,1,0,"<a href=""http://twitter.com/download/android"" rel=""nofollow"">Twitter for Android</a>",middle of nowhere,False,2235,4064
1.30477E+18,2020-09-12 13:03:24+00:00,SulemanSalahal1,"@Jose_lexz @cameron_fontana @Ankamagyimi @OfficialFPL Fantasy includes imaginary stuff
A rebound is not an assist in Premier league but in fantasy Premier league
@premierleague is the page for football not fantasy",,0,2,1,"<a href=""http://twitter.com/download/android"" rel=""nofollow"">Twitter for Android</a>",,False,3354,3603
1.30479E+18,2020-09-12 14:21:14+00:00,_Alfian10,"@tumpangpete @eastsiderz97 Play Fantasy Premier League and join my mini-league
https://t.co/OzOjVGFog2
 League Code: e06ngv",,0,0,0,"<a href=""http://twitter.com/download/android"" rel=""nofollow"">Twitter for Android</a>",Yogyakarta,False,36,253
1.3048E+18,2020-09-12 14:55:41+00:00,ebm_moneymay,@MercuryTrophySL I already register for the fantasy premier league and how can I be part of the Mercury trophy fpl  should I re-register or what,,0,0,1,"<a href=""http://twitter.com/download/android"" rel=""nofollow"">Twitter for Android</a>",Sierra Leone,False,814,4574
1.3048E+18,2020-09-12 15:11:48+00:00,ftbltee,"@crgreenelantern @TMN3218 I’m arguing about Fantasy Football which is about the English premier league, sounds like you’ve been played my friend 😏 https://t.co/MqoUD9P8BM",,0,0,1,"<a href=""http://twitter.com/download/iphone"" rel=""nofollow"">Twitter for iPhone</a>",Anfield,False,149,440
1.30485E+18,2020-09-12 18:16:16+00:00,rafaelbrayan_,Eu desisto do Fantasy da Premier League,,0,0,1,"<a href=""http://twitter.com/download/iphone"" rel=""nofollow"">Twitter for iPhone</a>","Poá, São Paulo",True,4570,891
1.30485E+18,2020-09-12 18:22:47+00:00,Abibaasa,"Today I captained Salah, just forgot to hit that triple captain button but anyway, he has bagges a Hatrick.

Join the MelBet Fantasy Premier League here.

Link 📲  https://t.co/fmhPs04PFk

League code 🟢 4kumzk

#DelightInTheGame",['DelightInTheGame'],1,3,2,"<a href=""http://twitter.com/download/iphone"" rel=""nofollow"">Twitter for iPhone</a>","Kampala, Uganda",False,13893,855
1.3049E+18,2020-09-12 21:49:50+00:00,DeOmarre,"@badniggafela Fantasy premier league is back. Here's a pay to enter league where you can win weekly prizes:
https://t.co/9sHXZWa4t6",,0,0,0,"<a href=""http://twitter.com/download/android"" rel=""nofollow"">Twitter for Android</a>",Gotham's Witness protection,False,1734,1707
1.30491E+18,2020-09-12 22:21:04+00:00,dr_abboudi,"Play Fantasy Premier League and join my mini-league 
https://t.co/xnQSKOFIF9
League Code: w94s2o https://t.co/xnQSKOFIF9",,1,1,0,"<a href=""http://twitter.com/download/iphone"" rel=""nofollow"">Twitter for iPhone</a>","Kaduna, Nigeria",False,609,608
1.30505E+18,2020-09-13 07:56:34+00:00,HumansOfMyMind,"Good morning 👋☀️
Play Fantasy Premier League and join my mini-league
https://t.co/yaGgEJkbiH
 League Code: 8qv0zf",,0,0,1,"<a href=""http://twitter.com/download/android"" rel=""nofollow"">Twitter for Android</a>",Cairo,False,18405,945
1.30515E+18,2020-09-13 14:33:49+00:00,onedanelly,@premierleague Fantasy Premier League fans join FPL masters code: 2anq4c,,0,1,0,"<a href=""http://twitter.com/download/android"" rel=""nofollow"">Twitter for Android</a>",Kenya,False,12547,10670
1.3052E+18,2020-09-13 17:42:56+00:00,mukovhe_nefuri,"@pkunyenya @qmpunzi @nqabamatshazi @lizweC @NikisiNikisi7 @AnesuMakosa @ChirenjeAnesu Play Fantasy Premier League and join my mini-league
League Code: bhwcnp
https://t.co/OSighX64Oy hi mate you can also join the head to head Champions League",,0,0,1,"<a href=""http://twitter.com/download/iphone"" rel=""nofollow"">Twitter for iPhone</a>","Johannesburg, South Africa",False,11,174
1.3052E+18,2020-09-13 17:54:43+00:00,nanaoseiike,Newbies to Fantasy Premier League be like 👇 https://t.co/Z0KB5gmbMw,,0,1,1,"<a href=""http://twitter.com/download/iphone"" rel=""nofollow"">Twitter for iPhone</a>",,False,7417,2869
1.30522E+18,2020-09-13 19:15:59+00:00,CharlesTilley,One weekend down and I already think my NFL fantasy and Premier league fantasy teams are a pile of rubbish.,,0,1,1,"<a href=""http://twitter.com/download/iphone"" rel=""nofollow"">Twitter for iPhone</a>",Leigh-on-Sea,False,499,706
1.30528E+18,2020-09-13 22:50:53+00:00,NameIsJamie,"I made my Premier League fantasy team last week, guarantee I look at it again another 3 times max this season",,0,2,0,"<a href=""http://twitter.com/download/iphone"" rel=""nofollow"">Twitter for iPhone</a>","Cwmbran, South Wales ",False,3824,3642
1.30547E+18,2020-09-14 11:17:36+00:00,shwan35030581,The Official Fantasy Premier League Podcast 2020/21 via @premierleague https://t.co/Q4Vbp7INdj,,0,0,0,"<a href=""http://twitter.com/download/iphone"" rel=""nofollow"">Twitter for iPhone</a>",,False,1,9
1.30553E+18,2020-09-14 15:42:00+00:00,oluwatosin_o92,"@OfficialFPL Play Fantasy Premier League and join my mini-league
https://t.co/CAbw2dba9o
 League Code: ri3jh1",,0,1,0,"<a href=""http://twitter.com/download/android"" rel=""nofollow"">Twitter for Android</a>",,False,87,72
1.30565E+18,2020-09-14 23:19:52+00:00,PilotFlame226,"OUR LATEST #FPL 🎥 IS OUT NOW!

FPL: GAMEWEEK 2 WILDCARD DRAFTS! | MAN UTD COVER? | FANTASY PREMIER LEAGUE TIPS 2020/21

#FPL #FantasyPremierLeague #GW2 #FPLCommunity #Wildcard

Watch it here! 👉 https://t.co/K4CgvCgHOI https://t.co/8rnLwDVGId","['FPL', 'FPL', 'FantasyPremierLeague', 'GW2', 'FPLCommunity', 'Wildcard']",0,0,0,"<a href=""https://mobile.twitter.com"" rel=""nofollow"">Twitter Web App</a>",,False,280,296
1.30575E+18,2020-09-15 05:50:26+00:00,westcoast1865,"https://t.co/CSfMGIjIUG, join my fantasy premier league",,0,0,0,"<a href=""http://twitter.com/download/android"" rel=""nofollow"">Twitter for Android</a>","Ibadan, Nigeria",False,3748,3952
1.30578E+18,2020-09-15 07:50:59+00:00,HibaDvilla,@ThakurMS_ Fantasy Premier league - it’s a game!,,0,0,1,"<a href=""http://twitter.com/download/iphone"" rel=""nofollow"">Twitter for iPhone</a>","Palestine, TX",False,2607,796
1.30587E+18,2020-09-15 13:57:45+00:00,KahaaniTak,English premier league fantasy premier league BSS School awarded most Admirable Edu Brand https://t.co/SObEdSwx12,,0,0,0,"<a href=""http://publicize.wp.com/"" rel=""nofollow"">Jetpack.com</a>",India,False,31,186
1.30634E+18,2020-09-16 20:58:26+00:00,PostAddison,"https://t.co/vxEfImxguj Play Fantasy Premier League and join my mini-league
League Code: o0a957 join my FPL league if your already in one it doesn’t matter you can be in multiple",,0,1,0,"<a href=""http://twitter.com/download/iphone"" rel=""nofollow"">Twitter for iPhone</a>",On planet earth ,False,531,381
1.3066E+18,2020-09-17 14:11:24+00:00,Lenox_Arinda,"@Nyuka_Bel @markgoldbridge We should compete in the fantasy premier league, I want to beat you there.",,0,0,1,"<a href=""https://mobile.twitter.com"" rel=""nofollow"">Twitter Web App</a>","Muhoroni, Kenya",False,68,992
1.30661E+18,2020-09-17 15:09:51+00:00,quant_success,"""Identification of skill in an online game: The case of Fantasy Premier League"", Joey O'Brien (@obrienj_) unveiling the secrets of Fantasy Football players! @netsci2020 @SoBigData https://t.co/5mo53zWYn6 @lucpappalard @musci8 @Alex_Gates42 @fede7j @onurvarol",,1,3,0,"<a href=""https://mobile.twitter.com"" rel=""nofollow"">Twitter Web App</a>",online,False,128,26
1.30662E+18,2020-09-17 15:41:41+00:00,Independent,Fantasy Premier League: Price changes ahead of gameweek 2 https://t.co/KSwo20OBsV,,1,1,1,"<a href=""https://www.echobox.com"" rel=""nofollow"">Echobox</a>","London, England",True,3628597,440
1.30696E+18,2020-09-18 14:34:09+00:00,Varun_Wadh,"@FPL_mantra https://t.co/wipCVeuzSn

Hi Everyone....  Please have a look at my YouTube channel where I'll talk about updates and suggestions for Fantasy Premier League. Kindly LIKE, SHARE, SUBSCRIBE and hit the bell icons for weekly updates.",,0,0,0,"<a href=""http://twitter.com/download/android"" rel=""nofollow"">Twitter for Android</a>","Toronto, Ontario",False,45,214
1.30697E+18,2020-09-18 14:35:26+00:00,Varun_Wadh,"@OfficialFPL @budfootball https://t.co/wipCVeuzSn

Hi Everyone....  Please have a look at my YouTube channel where I'll talk about updates and suggestions for Fantasy Premier League. Kindly LIKE, SHARE, SUBSCRIBE and hit the bell icons for weekly updates.",,0,0,0,"<a href=""http://twitter.com/download/android"" rel=""nofollow"">Twitter for Android</a>","Toronto, Ontario",False,45,214
1.30697E+18,2020-09-18 15:01:10+00:00,Varun_Wadh,"@JAC0B_AFC https://t.co/wipCVeuzSn

Hi Everyone....  Please have a look at my YouTube channel where I'll talk about updates and suggestions for Fantasy Premier League. Kindly LIKE, SHARE, SUBSCRIBE and hit the bell icons for weekly updates.",,0,0,0,"<a href=""http://twitter.com/download/android"" rel=""nofollow"">Twitter for Android</a>","Toronto, Ontario",False,45,214
1.307E+18,2020-09-18 16:34:36+00:00,razzanneupane,Fantasy Premier League Team Updated ✅,,0,0,0,"<a href=""https://mobile.twitter.com"" rel=""nofollow"">Twitter Web App</a>",,False,889,234
1.30707E+18,2020-09-18 21:16:20+00:00,_retiredhoe,Why is there no Fantasy premier league for bundesliga and Bayern @Bundesliga_EN 😂😂😂,,0,0,0,"<a href=""http://twitter.com/download/iphone"" rel=""nofollow"">Twitter for iPhone</a>",,False,160,66
1.30718E+18,2020-09-19 04:48:56+00:00,GameZ91official,"Create your best fantasy XI cricket team for the Indian Premier League 2020 (T20) to win BIG, visit https://t.co/RHzm3Pno8X #Games91 #AbSabKhelenge #IndianPremierLeague2020 #T20 #Cricketleague
#fantasycricket https://t.co/dA0QaQcvaW","['Games91', 'AbSabKhelenge', 'IndianPremierLeague2020', 'T20', 'Cricketleague', 'fantasycricket']",0,0,1,"<a href=""https://mobile.twitter.com"" rel=""nofollow"">Twitter Web App</a>","Mumbai, India",False,88,57
1.30724E+18,2020-09-19 08:42:22+00:00,siddhanthjm,"@ankitnagori27 We’re playing fantasy premier league. Pls do join if you’re interested!
 
https://t.co/SmBIrtImzG",,0,1,0,"<a href=""https://mobile.twitter.com"" rel=""nofollow"">Twitter Web App</a>","Bangalore, India",False,645,1642
1.30726E+18,2020-09-19 09:50:43+00:00,Rashousmane,"@OfficialFPL Play Fantasy Premier League and join my mini-league
https://t.co/qK05ad2hOf

 League Code: gho6cx",,0,0,0,"<a href=""http://twitter.com/download/android"" rel=""nofollow"">Twitter for Android</a>",,False,40935,4450
1.30726E+18,2020-09-19 09:55:09+00:00,malakaifc,GW2 Fantasy Premier League Team. #FantasyPL #fpl https://t.co/hh4fZi5Ows,"['FantasyPL', 'fpl']",0,0,1,"<a href=""http://twitter.com/download/iphone"" rel=""nofollow"">Twitter for iPhone</a>","Perth, Western Australia",False,239,1981
1.30726E+18,2020-09-19 10:20:25+00:00,MutahiBrian,"#FPL For the 2020/21 Fantasy Premier League why don't you join my mini-league ""NAIROBI FINEST FPL PLAYERS""? Simply use the link below and you'll be added automatically https://t.co/PsI3o8YJJS Code: 14yph5
Looking forward to playing against you this season!",['FPL'],0,2,0,"<a href=""http://twitter.com/download/android"" rel=""nofollow"">Twitter for Android</a>",kahawa,False,153,194
1.30733E+18,2020-09-19 14:27:25+00:00,rivianccy,@Lepere_Chris @iwilsonnonny Fantasy Premier League?,,0,0,2,"<a href=""https://mobile.twitter.com"" rel=""nofollow"">Twitter Web App</a>",,False,3171,4085
1.30735E+18,2020-09-19 16:06:22+00:00,naufalthedude,"Main Fantasy Premier League udah kayak judi. Sekarang Gue bener"" nyesal engga masukkin Bamford dalam starting eleven. Gatau deh gimana soal ga masukin Zaha en Townsend gara"" Crystal malam ini lawan MUFC. Semoga keputusan yang tepat!!!...",,0,0,0,"<a href=""http://twitter.com/download/android"" rel=""nofollow"">Twitter for Android</a>",,False,1608,342
1.30736E+18,2020-09-19 16:42:33+00:00,chelseamilgrau_,"Nossa Liga no Fantasy Premier League  

https://t.co/EsLmfqRlB0",,0,0,0,"<a href=""http://twitter.com/download/android"" rel=""nofollow"">Twitter for Android</a>",Brasil,False,3175,558
1.30741E+18,2020-09-19 19:44:12+00:00,ikngetich,🤔🤔So why do you play fantasy premier league?,,0,1,0,"<a href=""https://mobile.twitter.com"" rel=""nofollow"">Twitter Web App</a>",Kenya,False,581,768
1.30759E+18,2020-09-20 07:52:09+00:00,N_Carty_,"@fulhamtoby Hello Toby, ashame about Fulham FC losing in the road to Leeds United, luckily I had mitrovic in my English premier League fantasy team!😀👍",,0,2,0,"<a href=""http://twitter.com/download/android"" rel=""nofollow"">Twitter for Android</a>","London, England",False,62,194
1.3076E+18,2020-09-20 08:32:48+00:00,MoneyJHooley,"Hope you’re all a great weekend, for those of you who follow the Premier League ⚽️, it’s certainly been an exciting weekend. @EuanCopeland, I and a couple of others have created a fantasy premier league league for YouTubers, let us know if you’d like to join! Come on u gonners!!!",,0,2,1,"<a href=""http://twitter.com/download/iphone"" rel=""nofollow"">Twitter for iPhone</a>","London, England",False,97,151
1.30764E+18,2020-09-20 11:27:04+00:00,AshFr0st,Kane and Ings goals disallowed and I've got 15 points on the bench from Pereira and Mitchell. Cba with Fantasy Premier League already 😂,,0,0,1,"<a href=""http://twitter.com/download/android"" rel=""nofollow"">Twitter for Android</a>",Suffolk,False,278,364
1.30766E+18,2020-09-20 12:37:56+00:00,goceninoglu,@46matrax Fantasy Premier League'e gel,,0,0,0,"<a href=""http://twitter.com/download/android"" rel=""nofollow"">Twitter for Android</a>","İstanbul, Türkiye",False,70,304
1.30767E+18,2020-09-20 13:08:47+00:00,Guaton_10,@Famell77 premier league fantasy,,0,1,0,"<a href=""http://twitter.com/download/android"" rel=""nofollow"">Twitter for Android</a>",,False,11892,5583
1.30773E+18,2020-09-20 17:12:14+00:00,katya_kuz14,playing fantasy premier league is really warping my opinions on the results of other teams and I’ve not yet decided how I feel about that,,0,0,0,"<a href=""http://twitter.com/download/iphone"" rel=""nofollow"">Twitter for iPhone</a>","Salt Lake City, UT",False,40,160
1.30817E+18,2020-09-21 22:32:43+00:00,elgamal_samara,@OfficialFPL Best tour in Fantasy Premier League for me 3 years ago 🔥💪🏆 https://t.co/NRyIMwluGl,,0,1,3,"<a href=""http://twitter.com/download/android"" rel=""nofollow"">Twitter for Android</a>",,False,126,120
1.30822E+18,2020-09-22 01:33:47+00:00,rayen_bouz,"@FPLPriceChanges Why James didn't rise, he's 130% in the Fix Fantasy Premier League application",,0,0,2,"<a href=""http://twitter.com/download/android"" rel=""nofollow"">Twitter for Android</a>","Boudouaou, Boumerdas, Algeria ",False,1015,1729
1.30823E+18,2020-09-22 02:12:34+00:00,Laface88,"@Durchiga Too many FIFA, Football Manager and Fantasy Premier League “managers” out there. Too many knee jerk reactions.

The season is long. Let’s judge at the end, rather than every 5 minutes.",,0,0,0,"<a href=""http://twitter.com/download/iphone"" rel=""nofollow"">Twitter for iPhone</a>",,False,480,389
1.30829E+18,2020-09-22 06:36:04+00:00,lukas_pecene,"2. GW #TwitterLiga #FPL

Druhý hrací týden Fantasy Premier League je za námi, tak vám zase ve vlákně nabízím přehled toho, jak to vypadá v naší Twitter lize! https://t.co/1hW6OkTz6Z","['TwitterLiga', 'FPL']",0,19,2,"<a href=""http://twitter.com/download/iphone"" rel=""nofollow"">Twitter for iPhone</a>",,False,6324,1163
1.30832E+18,2020-09-22 08:37:31+00:00,Scouser_SC,@cha_ya_non fantasy premier league ครับ https://t.co/Amxf9OSwzE,,1,0,1,"<a href=""http://twitter.com/download/iphone"" rel=""nofollow"">Twitter for iPhone</a>","Chiang Mai, Thailand",False,122,846
1.30838E+18,2020-09-22 12:10:43+00:00,beckennn,Fantasy premier league de lig var mı tanıdık gireyim,,0,0,0,"<a href=""http://twitter.com/download/android"" rel=""nofollow"">Twitter for Android</a>",,False,285,374
1.30843E+18,2020-09-22 15:53:24+00:00,OmarHabibJr,"Play Fantasy Premier League and join my mini-league
League Code: n72yg1 https://t.co/aKyQx8F0p9",,0,0,0,"<a href=""http://twitter.com/download/iphone"" rel=""nofollow"">Twitter for iPhone</a>","Cairo, Egypt ",False,957,585
1.30849E+18,2020-09-22 19:31:35+00:00,DangajiM,Fantasy premier league is ruining football but y’all are not ready for this discussion. #FPL,['FPL'],1,3,4,"<a href=""http://twitter.com/download/iphone"" rel=""nofollow"">Twitter for iPhone</a>",SecureNorth!,False,1593,1713
1.30869E+18,2020-09-23 08:52:22+00:00,Varun_Wadh,"@ThereseUTD https://t.co/LHdFZCo1PR

Please SUBSCRIBE to my channel. Have a look at the channel where I'll talk about updates and suggestions for Fantasy Premier League. Kindly LIKE, SHARE, SUBSCRIBE and hit the bell icons for weekly updates",,0,0,0,"<a href=""http://twitter.com/download/android"" rel=""nofollow"">Twitter for Android</a>","Toronto, Ontario",False,45,214
1.3087E+18,2020-09-23 09:26:02+00:00,2019Sophie,"@OfficialFPL https://t.co/8IMTWoR3Xy

Guys let's have fun while watching premiere league games.
Fantasy Premier League, Official Fantasy Football Game of the Premier League
https://t.co/ZjBdKheHev",,0,0,0,"<a href=""https://mobile.twitter.com"" rel=""nofollow"">Twitter Web App</a>",Port Harcourt ,False,1545,1446
1.30873E+18,2020-09-23 11:26:04+00:00,jamesallcott,"NEW VIDEO 🚨 💸💸💸💸💸💸💸

🎥£14.5M LEFT IN THE BANK!! | MY FANTASY PREMIER LEAGUE STEALS SQUAD
🔗 https://t.co/WKoFcz8aAv

Let me know what you think!

Any RTs much appreciated 🙏 https://t.co/21O4TJDK8v",,1,5,0,"<a href=""https://mobile.twitter.com"" rel=""nofollow"">Twitter Web App</a>",London,False,55473,2440
1.30874E+18,2020-09-23 12:21:11+00:00,adamcls,"Dahla saham jatuh, point premier league fantasy football pun jatuh. Hare tul-",,0,0,0,"<a href=""http://twitter.com/download/iphone"" rel=""nofollow"">Twitter for iPhone</a>",Ben MaHa,False,92,429
1.30876E+18,2020-09-23 13:29:15+00:00,passionepremier,Fantasy Premier League 2020/21 – La classifica dopo la 2^ Giornata https://t.co/eP5AAVMvF5,,0,0,0,"<a href=""http://www.passionepremier.com"" rel=""nofollow"">passionepremier</a>",,False,642,160
1.30876E+18,2020-09-23 13:44:32+00:00,FPL365,Fantasy Football TV Guide – Your Schedule for the Best Video Content for Gameweek 3: Gameweek 3 is a big week in Fantasy Premier League after contrasting starts to the season for managers ... https://t.co/aswgIz9Tl9,,0,0,0,"<a href=""https://dlvrit.com/"" rel=""nofollow"">dlvr.it</a>","Not official, but better",False,610,0
1.30893E+18,2020-09-24 00:30:53+00:00,lilmitchi,"@khang_taa @OfficialFPL https://t.co/0oKN0qELZT Play Fantasy Premier League and join my mini-league
League Code: n85xhz",,0,0,0,"<a href=""http://twitter.com/download/iphone"" rel=""nofollow"">Twitter for iPhone</a>",,False,145,452
1.30951E+18,2020-09-25 15:07:33+00:00,topcrnr,"FPL 2020/21: Gameweek 3 Preview – Team News | Fantasy Premier League Tips 2020/21 

 #pl #epl

https://t.co/2l7xIRwfPZ","['pl', 'epl']",0,0,0,"<a href=""https://www.topcrnr.com"" rel=""nofollow"">topcrnr1</a>",,False,92,37
1.30974E+18,2020-09-26 06:33:12+00:00,JkTkpt,EP.3 : Week-3 Fantasy Premier League : แฟนตาซีพรีเมียร์ลีก วีค 3 ฺBig หั... https://t.co/QUktdq8xc1 via @YouTube,,0,0,0,"<a href=""https://mobile.twitter.com"" rel=""nofollow"">Twitter Web App</a>",,False,5,80
1.30978E+18,2020-09-26 08:44:40+00:00,QUOLYNX,Please I need the code for the fantasy premier league#WontumiSports,,0,0,0,"<a href=""http://twitter.com/download/android"" rel=""nofollow"">Twitter for Android</a>",,False,11,76
1.30978E+18,2020-09-26 08:57:04+00:00,WeTalkSportsHQ,"You can still join our Fantasy Premier League and stand a chance to win N50,000 #WTSPremierLeague 

Join here: https://t.co/VI2BQVxUio https://t.co/N6mZYb7niM",['WTSPremierLeague'],3,1,1,"<a href=""http://twitter.com/download/android"" rel=""nofollow"">Twitter for Android</a>",Sports,False,114,17
1.30978E+18,2020-09-26 09:07:14+00:00,topcrnr,"FPL Breakfast Club Gameweek 3 | WILDCARD REVEAL! | Fantasy Premier League Tips 20/21 

 #pl #epl

https://t.co/cMOSuaykVm","['pl', 'epl']",0,0,0,"<a href=""https://www.topcrnr.com"" rel=""nofollow"">topcrnr1</a>",,False,92,37
1.30979E+18,2020-09-26 09:32:29+00:00,kanyashinsky,"Play Fantasy Premier League and join my mini-league
https://t.co/oVpDDAHZgu
 League Code: 4pl618 #EPLOnK24TV",['EPLOnK24TV'],0,0,0,"<a href=""http://twitter.com/download/android"" rel=""nofollow"">Twitter for Android</a>","Nairobi, Kenya",False,1773,1859
1.30979E+18,2020-09-26 09:45:44+00:00,scottfmackay,De Gea doesn’t have a clue how Fantasy Premier League works.,,0,0,0,"<a href=""http://twitter.com/download/iphone"" rel=""nofollow"">Twitter for iPhone</a>",United Kingdom,False,734,1819
1.30983E+18,2020-09-26 12:28:12+00:00,yonkersfpl,"@AutocratismIV Ye, analysis done for Fantasy Premier League purposes👍",,0,0,0,"<a href=""https://mobile.twitter.com"" rel=""nofollow"">Twitter Web App</a>",,False,2868,358
1.31022E+18,2020-09-27 14:16:08+00:00,gsbreivik,Er det nokon advokatar som tek søksmål mot Premier League-managerar som tek ut fantasy-kapteinen din ved pause?,,0,9,3,"<a href=""http://twitter.com/download/iphone"" rel=""nofollow"">Twitter for iPhone</a>",,False,1671,335
1.31026E+18,2020-09-27 16:32:12+00:00,TerryFooty,@Yungooners @BlancoAshay lolol yes they do but it isn't called La Liga fantasy premier league lol,,0,1,0,"<a href=""https://mobile.twitter.com"" rel=""nofollow"">Twitter Web App</a>",,False,588,945
1.31026E+18,2020-09-27 16:54:02+00:00,Salah_AlSayed93,The previous tweet was just for Fantasy Premier League purposes.,,0,0,1,"<a href=""http://twitter.com/download/iphone"" rel=""nofollow"">Twitter for iPhone</a>",Bahrain,False,533,184
1.31026E+18,2020-09-27 16:54:03+00:00,xen_da,"For the 2020/21 Fantasy Premier League why don't you join my mini-league ""Gobɛ Classic""?

 https://t.co/TRJpbvhkIM... 

League Code: 595nyw

Winner gets one month gob3 subscription 😂
Looking forward to playing against you this season!",,0,0,0,"<a href=""http://twitter.com/download/iphone"" rel=""nofollow"">Twitter for iPhone</a>","Accra, Ghana",False,1467,2004
1.31027E+18,2020-09-27 17:25:54+00:00,legen_q,Fantasy Premier League is like a chess game against myself and I’m freaking losing this weekend!  #FPL my moves been shiiot!,['FPL'],0,0,0,"<a href=""http://twitter.com/download/iphone"" rel=""nofollow"">Twitter for iPhone</a>",,False,239,769
1.31028E+18,2020-09-27 18:14:59+00:00,TheSecretAcct,@HowardArcherUK I was a premier league neutral until I started doing fantasy football this season and now I’m obsessed with each game’s results. Miles better than gambling and miles better than gambling on pharma AIM stocks 😂,,0,1,2,"<a href=""http://twitter.com/download/iphone"" rel=""nofollow"">Twitter for iPhone</a>","Windermere, England",False,9836,223
1.31055E+18,2020-09-28 12:00:55+00:00,sudipadhikari10,"@84_rushabh @FotMob Nice catch bro 🤘🤘. Also @FotMob are we ever getting the premier league game week match-facts and predictions, its helps in betting and fantasy as well ? Thanks in advance. @FotMob keep growing 😀😀",,0,0,0,"<a href=""https://mobile.twitter.com"" rel=""nofollow"">Twitter Web App</a>",Kathmandu,False,114,214
1.31057E+18,2020-09-28 13:32:05+00:00,datapronetwork,Looping through the Fantasy Premier League API “Element-Summary” Endpoint to Download Player… https://t.co/hpku5QWR0o #datascience #pandas #python #dataanalysis https://t.co/82ZXynOyqA,"['datascience', 'pandas', 'python', 'dataanalysis']",0,0,0,"<a href=""https://dlvrit.com/"" rel=""nofollow"">dlvr.it</a>",,False,718,902
1.31071E+18,2020-09-28 22:35:26+00:00,FerOlmedo19,"La verdad no creí engancharme al fantasy de la Premier League, pero ¿qué les puedo decir? Me enganché bastante 😅",,0,1,0,"<a href=""http://twitter.com/download/android"" rel=""nofollow"">Twitter for Android</a>",El Salvador.,False,193,582
1.31086E+18,2020-09-29 08:25:19+00:00,Sof_iyah,"@OfficialFPL Hello,

For the 2020/21 Fantasy Premier League why don't you join my mini-league ""You can't guess my move""?

League scoring starting from GW4. Let's start afresh!

https://t.co/awvOmnXpsP

League Code: 7nbm87

Looking forward to playing against you this season!",,0,0,0,"<a href=""http://twitter.com/download/android"" rel=""nofollow"">Twitter for Android</a>",Nigeria,False,254,438
1.31094E+18,2020-09-29 13:58:00+00:00,WeLoveBettingUK,"⚽️ FANTASY FOOTBALL ⚽️

We've created a WLB Super League for the Premier League season - if you want to join, our code code is = sliu96 

Shout-out to @dwayneowen who's competing well with the Moriarty clan. 

👇
https://t.co/t1oSrfoos2 https://t.co/SaFf6263jE",,0,1,2,"<a href=""https://about.twitter.com/products/tweetdeck"" rel=""nofollow"">TweetDeck</a>",,False,24978,367
1.311E+18,2020-09-29 17:36:49+00:00,RonohClinton,When you triple captain Lacazette in your Fantasy Premier League team https://t.co/kDANB0EyBu,,1,18,1,"<a href=""http://twitter.com/download/android"" rel=""nofollow"">Twitter for Android</a>","Nairobi, Kenya",False,81142,50018
1.31122E+18,2020-09-30 08:11:13+00:00,Otwori7,The Official Fantasy Premier League Podcast 2020/21 via @premierleague https://t.co/vB9BLhJ8p7,,0,0,0,"<a href=""https://mobile.twitter.com"" rel=""nofollow"">Twitter Web App</a>",,False,6,58
1.3113E+18,2020-09-30 13:36:07+00:00,sharplinesjf,"A Fantasy Premier League is going to get started/drafted on Fantrax (Oct, 8) and 8 more players are needed to join to be completed. Come and play with us! #FPLfamily #FPLCommunity  https://t.co/Kr5ZkxHGJu","['FPLfamily', 'FPLCommunity']",0,0,0,"<a href=""https://mobile.twitter.com"" rel=""nofollow"">Twitter Web App</a>",Avid Readers 🇧🇷 ,False,201,844
1.31132E+18,2020-09-30 14:50:10+00:00,PlayFTC,"Fantasy Teams Challenge Gameweek 03 Results, for both Premier League, and Championship.

#FTC #Results #GW03 https://t.co/ruIxUXq3S7","['FTC', 'Results', 'GW03']",0,3,0,"<a href=""https://mobile.twitter.com"" rel=""nofollow"">Twitter Web App</a>",Algeria,False,19,21
1.31146E+18,2020-10-01 00:16:22+00:00,LatestN72062740,Fantasy Premier League loser becomes statue on streets of London https://t.co/vr429N5bXx,,0,0,1,"<a href=""http://publicize.wp.com/"" rel=""nofollow"">Jetpack.com</a>",USA,False,85,75
1.31192E+18,2020-10-02 07:02:13+00:00,spaqxx,Fantasy Premier League: Patrick Bamford is a bargain and expect Kevin De Bruyne to bounce back in GW4 https://t.co/8EF8fObbUy,,0,0,0,"<a href=""https://ifttt.com"" rel=""nofollow"">IFTTT</a>",,False,23,60
1.312E+18,2020-10-02 12:18:03+00:00,Ronnymisumba98,"@Expat_in_Europa @OfficialFPL Hello,

For the 2020/21 Fantasy Premier League why don't you join my mini-league ""KLAUS""?

Joining the league couldn't be easier. Simply use the link below and you'll be added automatically after you've entered the game.

https://t.co/0qWUGIFcYa

League Code: 416ixu",,0,0,0,"<a href=""http://twitter.com/download/android"" rel=""nofollow"">Twitter for Android</a>","Kisumu, Kenya",False,923,833
1.31233E+18,2020-10-03 09:51:27+00:00,11govind11,"CHE vs CRY Dream11 Predictions, Premier League 2020-21 Chelsea vs Crystal Palace Playing XI, Football Fantasy Tips https://t.co/29GnEfVkun",,0,0,0,"<a href=""http://publicize.wp.com/"" rel=""nofollow"">Jetpack.com</a>",Delhi ,False,20,36
1.31239E+18,2020-10-03 13:35:11+00:00,hdldurjrkkr,"Play Fantasy Premier League and join my mini-league
League Code: hywo60

Don’t forget to join the league ladssssss  https://t.co/hGPFXjvKzI",,0,0,0,"<a href=""http://twitter.com/download/iphone"" rel=""nofollow"">Twitter for iPhone</a>",Denmark,False,1149,719
1.31239E+18,2020-10-03 14:00:16+00:00,TheSantoz1,Werner is in my Fantasy Premier league team but I have the same goals as him!  Who is fooling who? I think he should also put me in his Fantasy Premier league too! 😂😂😂,,0,0,0,"<a href=""http://twitter.com/download/android"" rel=""nofollow"">Twitter for Android</a>",,False,18,41
1.31241E+18,2020-10-03 15:12:05+00:00,drudruzela,picking my fantasy premier league team based on the cut of each players jib,,0,8,0,"<a href=""http://twitter.com/download/android"" rel=""nofollow"">Twitter for Android</a>","Goshen, IN",False,153,308
1.31258E+18,2020-10-04 02:29:35+00:00,OddFarmX,"Hello,

For the 2020/21 Fantasy Premier League why don't you join my mini-league ""ODD FARM 11""?

Joining the league couldn't be easier. Simply use the link below and you'll be added automatically after you've entered the game.

https://t.co/2qC11HPEgZ

League Code: jv97b5",,0,0,1,"<a href=""http://twitter.com/download/iphone"" rel=""nofollow"">Twitter for iPhone</a>",,False,390,511
1.3126E+18,2020-10-04 03:33:44+00:00,news_naira,"Who are penalty takers for each of the Premier League clubs in 2020-21? - https://t.co/BfKeYTpbDr Here's what you need to know about which players are their club's dedicated penalty-kick takers, as well as some deputy options for your fantasy team  Premier League Fantasy Footb... https://t.co/a4NWHvpERe",,0,0,0,"<a href=""https://nairanews.com.ng"" rel=""nofollow"">nairanews</a>",,False,38,18
1.31275E+18,2020-10-04 13:23:06+00:00,PrinceWalsh8,"@ManUtd Hello, For the 2020/21 Fantasy Premier League why don't you join my mini-league ""#Edisoncavani""? Joining the league couldn't be easier. Simply use the link below and you'll be added automatically after you've entered the game. https://t.co/CxhgD8JJ4B League Code: 3ilx6n",['Edisoncavani'],0,0,0,"<a href=""http://twitter.com/download/android"" rel=""nofollow"">Twitter for Android</a>",,False,1,106
1.31278E+18,2020-10-04 15:43:25+00:00,rafaelbrayan_,Eu sou o pior jogador da história do Fantasy Premier League,,0,0,1,"<a href=""https://mobile.twitter.com"" rel=""nofollow"">Twitter Web App</a>","Poá, São Paulo",True,4570,891
1.31279E+18,2020-10-04 16:13:08+00:00,WatchMySpace,"Err, why did Fantasy Premier League tell me Son wasnt playing :(((",,0,0,0,"<a href=""http://twitter.com/download/android"" rel=""nofollow"">Twitter for Android</a>",,False,278,940
1.31283E+18,2020-10-04 19:13:35+00:00,Az_Edwards,"Premier League is bonkers 🙈😂 Glad I retired from the fantasy leagues a few years ago, these results would be doing me in 🤯🤬😂",,0,0,0,"<a href=""http://twitter.com/download/android"" rel=""nofollow"">Twitter for Android</a>",UK (often Brands Hatch),False,925,410
1.31284E+18,2020-10-04 19:47:12+00:00,dribrahimcelik7,Fantasy premier league başlarsın liverpoola yüklenirsin =&gt; oyun bilardoya döner #ASTLIV #liverpool,"['ASTLIV', 'liverpool']",0,1,0,"<a href=""http://twitter.com/download/android"" rel=""nofollow"">Twitter for Android</a>","İzmir, Türkiye",False,64,407
1.31284E+18,2020-10-04 19:50:13+00:00,nic_galleno,My fantasy premier league team is thriving right now,,0,2,0,"<a href=""http://twitter.com/download/iphone"" rel=""nofollow"">Twitter for iPhone</a>","San Francisco, CA",False,70,219
1.31284E+18,2020-10-04 19:59:41+00:00,ellawwfc,"it’s what i call, a fantasy premier league masterclass 🤩 https://t.co/FDiA09xmGV",,0,14,2,"<a href=""http://twitter.com/download/iphone"" rel=""nofollow"">Twitter for iPhone</a>",United Kingdom,False,2816,745
1.31285E+18,2020-10-04 20:03:41+00:00,LazyDavid,This result is totally worth having Van Dijk and Alexander-Arnold in your Fantasy Premier League team for,,0,0,0,"<a href=""http://twitter.com/download/android"" rel=""nofollow"">Twitter for Android</a>",,False,476,558
1.31285E+18,2020-10-04 20:18:17+00:00,KOFan2579,Don't be me when it comes to Fantasy Premier League. I'm so damn clueless. This team is so bad. Rodriguez saved me so bad. https://t.co/0mv2MkEMns,,0,1,0,"<a href=""http://twitter.com/download/android"" rel=""nofollow"">Twitter for Android</a>",,False,532,1092
1.31286E+18,2020-10-04 20:44:52+00:00,timiretimzzy_,"How To Delete Fantasy Premier League Account

1. Log into your account and navigate to https://t.co/DChFedjMfa.

2. Re-confirm details (you will see that no mailing options have been selected)

1/2",,0,1,1,"<a href=""http://twitter.com/download/android"" rel=""nofollow"">Twitter for Android</a>","Harare, Zimbabwe",False,51226,10747
1.31286E+18,2020-10-04 20:45:52+00:00,titobruce,"@superkweeen Play Fantasy Premier League and join my mini-league
https://t.co/zNvDf4muTN
 League Code: qrspa1",,0,0,0,"<a href=""http://twitter.com/download/android"" rel=""nofollow"">Twitter for Android</a>",lagos nigeria,False,424,588
1.31286E+18,2020-10-04 21:04:19+00:00,Sadeeq_SY,Imagine having grealish and Watkins in your fantasy premier league 🥺😪,,1,3,1,"<a href=""http://twitter.com/download/iphone"" rel=""nofollow"">Twitter for iPhone</a>",Abuja,False,4622,1605
1.31287E+18,2020-10-04 21:56:45+00:00,drinkwithsmile,"@pedrotemoteo Play Fantasy Premier League and join my mini-league
https://t.co/88pyxlmyAu
 League Code: 3t5ysj",,0,1,2,"<a href=""http://twitter.com/download/android"" rel=""nofollow"">Twitter for Android</a>",,False,462,590
1.31302E+18,2020-10-05 07:30:32+00:00,CharlieGulshan,@anubhav_roda IPL is a big relief for me and of course the Premier League. Fantasy is also a key factor to engage with the game. Can't imagine my life without sports.,,0,1,1,"<a href=""http://twitter.com/download/android"" rel=""nofollow"">Twitter for Android</a>","Udaipur, India",False,947,765
1.31306E+18,2020-10-05 10:28:20+00:00,BurpTips,Fantasy Premier League tips Gameweek 5: Captains https://t.co/3sfywsvodr,,0,0,0,"<a href=""http://publicize.wp.com/"" rel=""nofollow"">Jetpack.com</a>",,False,15,0
1.31308E+18,2020-10-05 11:39:52+00:00,words_of_aakas,"@OfficialFPL Hello,

For the 2020/21 Fantasy Premier League why don't you join my mini-league ""League Of Legends""?

Joining the league couldn't be easier. Simply use the link below and you'll be added automatically after you've entered the game.

https://t.co/t8grKvBK91

League Code: cuuzps",,0,0,0,"<a href=""https://mobile.twitter.com"" rel=""nofollow"">Twitter Web App</a>",,False,321,1471
1.31343E+18,2020-10-06 10:30:25+00:00,nazihemad44444,"@OfficialFPL 8239aq
This Code for play Fantasy Premier League in my league
Please join to my leauge 🙏🙏🔥🔥🔥",,0,0,0,"<a href=""http://twitter.com/download/android"" rel=""nofollow"">Twitter for Android</a>",Sudan,False,223,281
1.31349E+18,2020-10-06 15:00:33+00:00,halloweenjack01,@Marpett2 @LUFC @OfficialFPL Its the premier league fantasy football valuation...calm down with your conspiracy theories 😂,,0,1,0,"<a href=""http://twitter.com/download/android"" rel=""nofollow"">Twitter for Android</a>",United Kingdom,False,607,2654
1.31384E+18,2020-10-07 13:55:00+00:00,SASoccerMag,"Ollie Watkins rewarded his Fantasy Premier League backers at the weekend, while Patrick Bamford‘s scoring run ended – but what do the underlying figures tell us?

https://t.co/FKgdRsBZY1",,0,0,0,"<a href=""https://about.twitter.com/products/tweetdeck"" rel=""nofollow"">TweetDeck</a>","Cape Town, South Africa",False,2428,508
1.31483E+18,2020-10-10 07:08:24+00:00,pop_awny,No premier league today no fantasy https://t.co/oLw6caq61H,,0,0,0,"<a href=""http://twitter.com/download/iphone"" rel=""nofollow"">Twitter for iPhone</a>",,False,3309,596
1.3156E+18,2020-10-12 10:24:52+00:00,Chiefbeast2,@donsummerone Don summer what's the code for your fantasy premier league,,3,2,1,"<a href=""http://twitter.com/download/android"" rel=""nofollow"">Twitter for Android</a>","Kumasi, Ghana",False,19,144
1.31571E+18,2020-10-12 17:35:45+00:00,FplSer,"@RSBForum https://t.co/dIE9wFUHcy Follow the  best Fantasy Premier  League page  in Serbia 💥💥👆👆🇷🇸🇷🇸🇷🇸

#fantasy #FPL #PremierLeague #Serbia #football #fantasypremierleague #fantasyTips","['fantasy', 'FPL', 'PremierLeague', 'Serbia', 'football', 'fantasypremierleague', 'fantasyTips']",0,0,0,"<a href=""http://twitter.com/download/android"" rel=""nofollow"">Twitter for Android</a>",,False,13,182
1.31633E+18,2020-10-14 10:58:59+00:00,LFC_Belief,"Every word from Christian Purslow on Liverpool meeting, EFL bailout &amp; Premier League 'fantasy' - Birmingham Live  #LFC #Liverpool #LiverpoolFc  https://t.co/7Mq8YcLpFy","['LFC', 'Liverpool', 'LiverpoolFc']",0,0,0,"<a href=""http://twitter.com/download/iphone"" rel=""nofollow"">Twitter for iPhone</a>",,False,22762,13541
1.31706E+18,2020-10-16 10:55:48+00:00,FPL_Ross,FPL Salah’s Team Reveal For Gameweek 5 | Fantasy Premier League Tips 20/21 https://t.co/GytyiVjlGA #FPL #FPLCommunity,"['FPL', 'FPLCommunity']",0,0,0,"<a href=""https://zapier.com/"" rel=""nofollow"">Zapier.com</a>","London, England",False,253,272
1.31745E+18,2020-10-17 13:15:08+00:00,JCGadea07,Goool de Calvert-Lewin y mi Fantasy Premier League brinca de la alegría 😂,,0,1,0,"<a href=""http://twitter.com/download/iphone"" rel=""nofollow"">Twitter for iPhone</a>","Masaya,Nicaragua",False,264,1341
1.31749E+18,2020-10-17 15:21:54+00:00,vandejokes,Fantasy premier league 💪 https://t.co/yrSvcasTrY,,0,2,0,"<a href=""http://twitter.com/download/android"" rel=""nofollow"">Twitter for Android</a>",𝚃𝚇,False,2344,1055
1.31749E+18,2020-10-17 15:52:01+00:00,regaletfantasy,"🔁 تغيير لتشيلسي 🔵

د'89 | تيمو فيرنر ⤵️ يخرج بديلاً لـ ابراهام ⤴️  !

#فانتاسي
#رجالة_فانتاسي
#الدوري_الانجليزي 
#CHESOU
#fantasy
#fplfantasy
#regalet_fantasy
#premier_league","['فانتاسي', 'رجالة_فانتاسي', 'الدوري_الانجليزي', 'CHESOU', 'fantasy', 'fplfantasy', 'regalet_fantasy', 'premier_league']",0,1,1,"<a href=""https://mobile.twitter.com"" rel=""nofollow"">Twitter Web App</a>",🆁egalet 🅵antasy 🇪🇬🇸🇦🇰🇼,False,6543,283
1.31785E+18,2020-10-18 15:39:43+00:00,_owurakuampofo,"Fantasy Premier League's most profitable company:
Kane &amp; Son(s) ⚽️⚽️ https://t.co/iflnBW8JK0",,12,147,1,"<a href=""https://www.hootsuite.com"" rel=""nofollow"">Hootsuite Inc.</a>",Ghana,True,319995,2056
1.31786E+18,2020-10-18 16:19:26+00:00,evakisse,Hope winning the premier league fantasy this evening 😊#premierLeagueFantasy,['premierLeagueFantasy'],0,0,0,"<a href=""http://twitter.com/download/iphone"" rel=""nofollow"">Twitter for iPhone</a>",Douala Cameroon,False,285,547
1.31811E+18,2020-10-19 08:53:17+00:00,rizkidarm_,When your most valuable player on Fantasy Premier League suddenly got a horrible injury while he gives you point as much as he could. https://t.co/chsPqUm3QC,,0,0,0,"<a href=""http://twitter.com/download/iphone"" rel=""nofollow"">Twitter for iPhone</a>","Bogor, Indonesia",False,559,2076
1.31818E+18,2020-10-19 13:18:11+00:00,FantasyScout_11,"Premier League Preview:

WBA vs BUR | West Brom vs Burnley | Premier League: Best Dream11 Combination, Probable Lineups, Team News &amp; Fantasy Tips

#WBABUR #Dream11 #FS11

https://t.co/4hsLIzmnV6 https://t.co/NqUwUgWQLb","['WBABUR', 'Dream11', 'FS11']",0,2,1,"<a href=""https://mobile.twitter.com"" rel=""nofollow"">Twitter Web App</a>",,False,6806,917
1.3182E+18,2020-10-19 14:45:13+00:00,borsi3_afc,"Tak żeby uporządkować, plus jakby ktoś chciał wyciszyć jakiś content :

#POGROMCYFPL ➡️ wątki przed GW oraz reszta rzeczy o Fantasy Premier League 

#POGROMCYTIME ➡️ losy mojej drużyny w FPL 

#POGROMCYFIFA21 ➡️ rzeczy związanie z FIFA21","['POGROMCYFPL', 'POGROMCYTIME', 'POGROMCYFIFA21']",0,0,0,"<a href=""http://twitter.com/download/android"" rel=""nofollow"">Twitter for Android</a>","Askøy, Norge",False,606,503
1.31845E+18,2020-10-20 07:05:48+00:00,KingKandoro,@MissBia 😂 look for Fantasy Premier League.,,0,0,1,"<a href=""http://twitter.com/download/iphone"" rel=""nofollow"">Twitter for iPhone</a>",kingkandorolive.com,False,33532,1496
1.3186E+18,2020-10-20 16:50:19+00:00,ChikonkoJoel,"@OfficialFPL @budfootball Play Fantasy Premier League and join my mini-league
https://t.co/BE1J6Bc27E
League Code: lvwtg9
Scoring starts in GW6",,0,0,0,"<a href=""http://twitter.com/download/android"" rel=""nofollow"">Twitter for Android</a>",,False,15,76
1.31885E+18,2020-10-21 09:54:05+00:00,Jordjolly,This might be a stupid question but if a player hasn’t been picked in the premier league squad can they not play all season? (I’ve got Kai Havertz in fantasy football),,0,0,0,"<a href=""http://twitter.com/download/iphone"" rel=""nofollow"">Twitter for iPhone</a>",,False,1705,1706
1.31887E+18,2020-10-21 11:17:34+00:00,evertonnewsapp,Fantasy Premier League tips: Best fantasy football transfers for FPL GW6: https://t.co/8r2Y0T9KSe,,0,0,0,"<a href=""http://james-miller.co.uk"" rel=""nofollow"">Everton News App</a>","Liverpool, England",False,82,86
1.319E+18,2020-10-21 19:33:19+00:00,ChikonkoJoel,"@OfficialFPL Play Fantasy Premier League and join my mini-league
https://t.co/BE1J6Bc27E
League Code: lvwtg9
Scoring starts in GW6",,0,0,0,"<a href=""http://twitter.com/download/android"" rel=""nofollow"">Twitter for Android</a>",,False,15,76
1.319E+18,2020-10-21 19:37:33+00:00,ChikonkoJoel,"@OfficialFPL Play Fantasy Premier League and join my mini-league
https://t.co/BE1J6Bc27E
League Code: lvwtg9
Scoring starts in GW6",,0,1,0,"<a href=""http://twitter.com/download/android"" rel=""nofollow"">Twitter for Android</a>",,False,15,76
1.319E+18,2020-10-21 19:52:15+00:00,Jonny_Mee_Goode,@hailcheaters Every manager in the Fantasy Premier League is 2 good performances away from signing a new 5 year contract of purely bad performances,,0,0,0,"<a href=""http://twitter.com/download/iphone"" rel=""nofollow"">Twitter for iPhone</a>","København, Danmark",False,21,91
1.31914E+18,2020-10-22 04:50:35+00:00,XtraFootballShw,"FPL GAMEWEEK 6: BEST CAPTAIN OPTIONS | Fantasy Premier League 2020/21
📽️ https://t.co/MauP6VFX5j
#GW6 #FPL https://t.co/nqEkHJhh3k","['GW6', 'FPL']",0,1,0,"<a href=""https://mobile.twitter.com"" rel=""nofollow"">Twitter Web App</a>",Nepal,False,62,69
1.31928E+18,2020-10-22 14:05:58+00:00,Billylumsden10,"That time again already? The weekend is nearly here and so is a feast of Premier League action ⚽️

Check out the latest Sky Sports Fantasy Football Podcast 🎙",,0,1,0,"<a href=""http://twitter.com/download/iphone"" rel=""nofollow"">Twitter for iPhone</a>",,False,1714,599
1.31936E+18,2020-10-22 19:39:02+00:00,ibrahim74x,"@OzilThings @MesutOzil1088 Premier league fantasy🔥
اهم اللاعبين المتوقع تألقهم في الفانتازيا في الجولة السادسة.. 🔥
وقولنا فكومنت هتكبتن مين بعد متقرأ المقالة. ✍👇
https://t.co/9IIwvlqynN",,0,0,0,"<a href=""http://twitter.com/download/android"" rel=""nofollow"">Twitter for Android</a>",,False,143,618
1.31937E+18,2020-10-22 20:19:37+00:00,OAshobuj,"@FPLSkippy Play Fantasy Premier League and join my mini-league
https://t.co/EXRK4SxWFE
 League Code: 05gae2",,0,0,0,"<a href=""http://twitter.com/download/android"" rel=""nofollow"">Twitter for Android</a>","Dhaka, Bangladesh",False,60,310
1.31955E+18,2020-10-23 08:00:41+00:00,jt_ozterrier,Join my Fantasy Premier League with the league code l5czwk at https://t.co/6qjP3EfaiL,,0,0,0,"<a href=""https://ifttt.com"" rel=""nofollow"">IFTTT</a>","Melbourne, Australia",False,900,31
1.3196E+18,2020-10-23 11:26:17+00:00,ChikonkoJoel,"@OfficialFPL Play Fantasy Premier League and join my H2H mini-league
https://t.co/7uzkK6cNUs
League Code: vqccbg
Scoring starts in GW6",,0,0,0,"<a href=""http://twitter.com/download/android"" rel=""nofollow"">Twitter for Android</a>",,False,15,76
1.32042E+18,2020-10-25 17:59:16+00:00,Banksempire12,"@OfficialFPL Play Fantasy Premier League and join my mini-league
https://t.co/RATWRmKsRB
 League Code: aeyydw",,0,0,0,"<a href=""http://twitter.com/download/android"" rel=""nofollow"">Twitter for Android</a>",worldwide,False,28721,231
1.32058E+18,2020-10-26 04:16:31+00:00,Ti_Morighanfen,"@OfficialFPL Fantasy premier league should reward me Jamie Vardy's point. I picked him for a match last week and the wasn't use at all and I had no point from him. 
I benched him this weekend and he came from the bench as an injured player to score a goal.",,0,0,0,"<a href=""http://twitter.com/download/android"" rel=""nofollow"">Twitter for Android</a>",Nigeria,False,171,848
1.3206E+18,2020-10-26 05:24:34+00:00,ShChang6,@TheManUtdWay You need a coach who is good at tactics and will play his best players. Ole plays James and thinks he is United material. Playing in premier league is not playing in fantasy league. #OleOut,['OleOut'],0,0,0,"<a href=""http://twitter.com/download/iphone"" rel=""nofollow"">Twitter for iPhone</a>",,False,11,205
1.32107E+18,2020-10-27 12:47:43+00:00,f_riddle,@Zulfamuu Mirip Fantasy Premier League..,,0,0,0,"<a href=""http://twitter.com/download/android"" rel=""nofollow"">Twitter for Android</a>",Jember,False,4098,3261
1.32142E+18,2020-10-28 12:05:18+00:00,RBHSHouses,"Congratulations to our RBHS Fantasy Premier League manager of the week Josh C (10A) of Shackleton with 87 points. 

Followed in 2nd place by Luis S (11E) of Brunel with 80 and Mr McIntyre of Holmes in 3rd with 77 https://t.co/7KNNTlpBVu",,0,2,0,"<a href=""http://twitter.com/download/iphone"" rel=""nofollow"">Twitter for iPhone</a>",Bolton ,False,327,54
1.3219E+18,2020-10-29 19:30:36+00:00,jt_ozterrier,Join my Fantasy Premier League with the league code l5czwk at https://t.co/6qjP3EfaiL,,0,0,0,"<a href=""https://ifttt.com"" rel=""nofollow"">IFTTT</a>","Melbourne, Australia",False,900,31
1.32214E+18,2020-10-30 11:17:08+00:00,ne7esj,"O que é fantasy premier league?
Bem, neste momento há cerca de 2,25 milhões de bacanos à espera de uma conferência de imprensa para saber como estão os tomates do James Rodriguez e tbh it’s just another day at the office.",,1,12,1,"<a href=""http://twitter.com/download/iphone"" rel=""nofollow"">Twitter for iPhone</a>",,False,173,427
1.3223E+18,2020-10-30 22:09:03+00:00,futbal_navzdy,"482 570 hráčov Fantasy sa dnes spoliehalo na Zahu.

1 bod. 🤦🏼‍♂️

Rovnako dnes sklamal Jimenez, Traore či Saiss. 

📸 Fantasy Premier League https://t.co/A11PEGLQbz",,0,0,0,"<a href=""http://instagram.com"" rel=""nofollow"">Instagram</a>",,False,350,71
1.32242E+18,2020-10-31 06:13:06+00:00,TobiasWhales,"Am trying to live a life without fantasy football and Premier League.
My mental health matters 🙌🙌🙌",,2,7,0,"<a href=""http://twitter.com/download/android"" rel=""nofollow"">Twitter for Android</a>",Sudan 🇸🇩 ,False,62805,51765
1.32263E+18,2020-10-31 20:05:59+00:00,flammablemedal0,@simonsjors Som powerplay fast fantasy premier league,,0,0,0,"<a href=""http://twitter.com/download/iphone"" rel=""nofollow"">Twitter for iPhone</a>",,False,156,1039
1.32266E+18,2020-10-31 22:04:26+00:00,mclarich25,"Hello, For the 2020/21 Fantasy Premier League why don't you join my league ""ROYALTY LEAGUE 1""? Joining the league couldn't be easier. Simply use the link below and you'll be added automatically after you've entered the game. https://t.co/xv0tl3Zfxr",,0,0,0,"<a href=""http://twitter.com/download/android"" rel=""nofollow"">Twitter for Android</a>","Lagos, Nigeria",False,42,428
1.32302E+18,2020-11-01 22:08:52+00:00,nadia_gfx,"I'm once again asking, join my FPL league

Play Fantasy Premier League and join my mini-league
https://t.co/adgfOvcN4T
 League Code: 0nl4yw",,0,2,0,"<a href=""http://twitter.com/download/android"" rel=""nofollow"">Twitter for Android</a>","Dortmund, Germany",False,6427,544
1.32341E+18,2020-11-02 23:52:49+00:00,PilotFlame226,"WE ARE LIVE OVER ON TWITCH!

FPL: GAMEWEEK 8 PREVIEW | AUBAMEYANG SINKS MAN UTD! | LIVE STREAM | FANTASY PREMIER LEAGUE TIPS 2020/21

#FPL #GW8 #FantasyPremierLeague #FPLCommunity #GW8Preview

https://t.co/AgsEuWG7LH","['FPL', 'GW8', 'FantasyPremierLeague', 'FPLCommunity', 'GW8Preview']",0,2,1,"<a href=""https://streamlabs.com"" rel=""nofollow"">Streamlabs Twitter</a>",,False,280,296
1.32393E+18,2020-11-04 10:05:39+00:00,IrbyCC,"Irby CC Fantasy Premier League - Manager of the Month announced
https://t.co/b4YOqa7enS https://t.co/pRoYb5sKnd",,1,1,0,"<a href=""http://www.pitchero.com"" rel=""nofollow"">Pitchero App</a>","Mill Hill Road, Irby",False,2689,1864
1.32398E+18,2020-11-04 13:12:40+00:00,vinay123,"Former Arsenal and Chelsea star Cesc Fabregas reveals his new Premier League Fantasy Football team
       
https://t.co/tom8kMyUCl
      #avfc",['avfc'],0,0,0,"<a href=""https://ifttt.com"" rel=""nofollow"">IFTTT</a>","Los Altos, CA",False,1177,2250
1.32428E+18,2020-11-05 09:17:34+00:00,leedsnews_app,"Fantasy Premier League tips: Who should I captain in GW8 - Kane, Son, Vardy?: https://t.co/Ot53h8G4He",,0,0,0,"<a href=""http://www.james-miller.co.uk"" rel=""nofollow"">Leeds News App</a>","Leeds, England",False,536,278
1.32435E+18,2020-11-05 14:02:04+00:00,AlertsHotspur,"LATEST: Fantasy Premier League tips: After Son and Kane success, Chelsea and Man City double-ups... #THFC https://t.co/hsmEef6qsn",['THFC'],0,0,0,"<a href=""https://alertshotspur.com"" rel=""nofollow"">alertshotspur project 1</a>",,False,2950,32
1.32462E+18,2020-11-06 07:45:08+00:00,Cricfacts_,"GRD vs BGR, Match 1 Vincy Premier League T10: Fantasy Cricket Tips
#Cricket #IPL2020 #IPL2020Updates #IPLSchedule #IPLinUAE #IPL #VPL #VPLT10 #T10league #T10 #Dream11 #Dream11Team #Dream11IPL
https://t.co/X83GMBQ02I","['Cricket', 'IPL2020', 'IPL2020Updates', 'IPLSchedule', 'IPLinUAE', 'IPL', 'VPL', 'VPLT10', 'T10league', 'T10', 'Dream11', 'Dream11Team', 'Dream11IPL']",0,1,0,"<a href=""http://twitter.com/download/android"" rel=""nofollow"">Twitter for Android</a>","Ayodhya, India",False,548,430
1.32465E+18,2020-11-06 09:43:18+00:00,DistinctToday,Premier League Fantasy Football: Trust in Jamie Vardy as differential in attack https://t.co/UU8l5mOBwW,,0,0,0,"<a href=""http://publicize.wp.com/"" rel=""nofollow"">Jetpack.com</a>",,False,96,27
1.32472E+18,2020-11-06 14:07:49+00:00,LeeCPDAFC,"Just a few hours left to decide on my Fantasy Premier League conundrum, do I keep Mo Salah with Callum Wilson or drop Salah for a cheaper Midfielder to gain Werner?? #FPL #FPLCommunity","['FPL', 'FPLCommunity']",0,0,1,"<a href=""https://mobile.twitter.com"" rel=""nofollow"">Twitter Web App</a>","Dover, England",False,1206,2155
1.32473E+18,2020-11-06 15:16:40+00:00,billyknowmates,Shipped out Ederson and gone with Arsenal's Leno and Rúnar Alex Rúnarsson in the Premier League fantasy team Nil By Weymouth.,,0,0,0,"<a href=""https://mobile.twitter.com"" rel=""nofollow"">Twitter Web App</a>",Parts Unknown,False,167,378
1.325E+18,2020-11-07 08:52:50+00:00,kweeeeeeku,"Small fantasy premier league we dey play you people contact your gods, sigh",,1,19,0,"<a href=""http://twitter.com/download/iphone"" rel=""nofollow"">Twitter for iPhone</a>",,False,9719,3383
1.32507E+18,2020-11-07 13:21:39+00:00,__FordBruce,Fantasy Premier league page awarding an assist to rashford on Bruno’s second goal. i conf like how’s that an assist ???,,2,13,1,"<a href=""http://twitter.com/download/iphone"" rel=""nofollow"">Twitter for iPhone</a>",inside Life,False,4804,2433
1.32507E+18,2020-11-07 13:36:36+00:00,SomeonesKink,"@KomshiFkata Хахах, ете, знаеш како е 😂 Story of my fantasy premier league life 😆 22 бода (сега засега) плус бонуси на крај 😭",,0,1,1,"<a href=""http://twitter.com/download/android"" rel=""nofollow"">Twitter for Android</a>",,False,650,892
1.32522E+18,2020-11-07 23:33:54+00:00,brickski,@FPLCorrigan WTH? It’s Fantasy Premier League not Fantasy Beach Soccer.,,0,0,0,"<a href=""http://twitter.com/download/iphone"" rel=""nofollow"">Twitter for iPhone</a>","Naarm/Melbourne, AU",False,262,340
1.32544E+18,2020-11-08 14:07:19+00:00,PostKashi,"LEI vs WOL Dream11 Predictions, Premier League 2020-21 Leicester City vs Wolverhampton Wanderers Playing XI, Football Fantasy Tips https://t.co/zO4kI0KMac",,0,0,0,"<a href=""http://publicize.wp.com/"" rel=""nofollow"">Jetpack.com</a>",,False,37,0
1.3255E+18,2020-11-08 17:58:14+00:00,muhd_mujtaba,Fantasy premier league = headache🤕,,0,0,0,"<a href=""http://twitter.com/download/iphone"" rel=""nofollow"">Twitter for iPhone</a>",Beijing,False,591,933
1.32557E+18,2020-11-08 22:43:53+00:00,NeonPoyiatzis,"Can anyone explain to me how the premier league fantasy football league values Salah, Mane, Aubameyang, and DeBruyne above @HKane and Son based on their statistics and points this season??? https://t.co/uNY4IqdXXP",,0,0,1,"<a href=""http://twitter.com/download/iphone"" rel=""nofollow"">Twitter for iPhone</a>","England, United Kingdom",False,100,790
1.32573E+18,2020-11-09 09:32:50+00:00,BigCash_Live,"#MIvDC
THIS IS IT! 🤩 Who will claim the 🏆 in the #IPL2020 Final?🔥

Make your #BigCash 👉🏼 https://t.co/UoNEwuvZE3
Join the Action on 10th Nov at 7:30 PM
𝐏𝐨𝐨𝐥 𝐏𝐫𝐢𝐳𝐞: 10 LAKHS
.
.
.
..
#absabkhelenge #cricket #fantasy #match
IPL - Indian Premier League https://t.co/D09dVGOVYq","['MIvDC', 'IPL2020', 'BigCash', 'absabkhelenge', 'cricket', 'fantasy', 'match']",0,7,3,"<a href=""https://mobile.twitter.com"" rel=""nofollow"">Twitter Web App</a>","Gurgaon, India",False,7963,516
1.32575E+18,2020-11-09 10:57:10+00:00,BurpTips,Fantasy Premier League tips Gameweek 9: Captains https://t.co/hWbTMi1htf,,0,0,0,"<a href=""http://publicize.wp.com/"" rel=""nofollow"">Jetpack.com</a>",,False,15,0
1.32587E+18,2020-11-09 18:39:07+00:00,gentleliki,@Jameelahjemz Fantasy Premier League,,0,1,1,"<a href=""http://twitter.com/download/android"" rel=""nofollow"">Twitter for Android</a>","Jos, Nigeria",False,11844,6279
1.32606E+18,2020-11-10 07:04:44+00:00,neesnews1,"Indian Premier League Final, MI vs DC, Mumbai Indians vs Delhi Capitals Fantasy Team Predictions | Cricket News https://t.co/w219rAisWi",,0,0,0,"<a href=""http://publicize.wp.com/"" rel=""nofollow"">Jetpack.com</a>",nagpur,False,5,125
1.32615E+18,2020-11-10 13:13:55+00:00,cr7oone,"Ah, so the Fantasy Ghana Premier league no, when ego start? I want buy my players for matchday 1",,1,5,1,"<a href=""http://twitter.com/download/android"" rel=""nofollow"">Twitter for Android</a>",stretrford End ,False,9600,7642
1.32648E+18,2020-11-11 11:08:53+00:00,danny_dannyd,"@DanAuton2590 Brophy has four assists! Five, if you count the penalty he won against Wimbledon! Fantasy Premier League certainly would 🤣",,0,1,1,"<a href=""http://twitter.com/download/iphone"" rel=""nofollow"">Twitter for iPhone</a>","London, England",False,1173,902
1.32653E+18,2020-11-11 14:06:01+00:00,Allanoh97534416,@EbruTVKenya fantasy premier league code,,0,0,0,"<a href=""http://twitter.com/download/android"" rel=""nofollow"">Twitter for Android</a>",,False,61,189
1.32788E+18,2020-11-15 07:47:55+00:00,lastwordonsport,Fantasy Premier League Dilemma: Keep or Sell Mohamed Salah - https://t.co/Hvr5vMYNcV https://t.co/j8937TlfGe,,1,0,0,"<a href=""http://ms.lastwordonsports.com"" rel=""nofollow"">@LastWordOnSport</a>",worldwide,False,20561,15575
1.32799E+18,2020-11-15 14:50:24+00:00,BabaCric,"#MULvsLAH #Dream11 #Fantasy #Cricket #Prediction #News 
MUL vs LAH (Pakistan Premier League 2020)
Tips and Information Updated 
https://t.co/4wUBGNJF9X","['MULvsLAH', 'Dream11', 'Fantasy', 'Cricket', 'Prediction', 'News']",0,0,0,"<a href=""https://play.google.com/store/apps/details?id=com.a3sinfobit.dreamtips11baba"" rel=""nofollow"">Dream Tips 11</a>",,False,4241,28
1.32806E+18,2020-11-15 19:25:56+00:00,CrickBatsTips,"FCS vs DVE Prediction, Dream11 Fantasy Cricket Tips, Playing XI, Pitch Report &amp; Injury Update – Vincy Premier League T10 2020, Match 18 – CricTracker https://t.co/1HZPFXQPc2 #cricket #IPLT20","['cricket', 'IPLT20']",0,0,0,"<a href=""http://neliosoftware.com/content"" rel=""nofollow"">Nelio Content</a>","New Delhi, India",False,319,36
1.32864E+18,2020-11-17 09:44:41+00:00,KoneserzyFPL,"🚧 Zmiany cen zawodników Fantasy Premier League! 🧐

🔻Spadek:
▪️ Salah (LIV) - 12.3m
▪️ Fleck (SHU) - 5.6m 
▪️ Schlupp (CRY) - 5.4m
▪️ Tuanzebe (MUN) - 4.4m

#FPL #PremierLeague","['FPL', 'PremierLeague']",0,0,0,"<a href=""http://twitter.com/download/android"" rel=""nofollow"">Twitter for Android</a>",Polska 🇵🇱 ,False,22,82
1.32866E+18,2020-11-17 11:13:50+00:00,realjofizzy,Fantasy premier league is a relaxing and Fun pastime. Says @premierleague,,0,0,0,"<a href=""http://twitter.com/download/android"" rel=""nofollow"">Twitter for Android</a>",my house ,False,1568,1794
1.3294E+18,2020-11-19 12:06:13+00:00,TottenhamNews,My Premier League team of the season: a fantasy lineup drawn from the chaos https://t.co/hQDTLASG8p,,0,0,0,"<a href=""http://www.tottenhamnews.net/"" rel=""nofollow"">Spurs News RSS</a>",Tottenham,False,66816,8418
1.32949E+18,2020-11-19 18:03:34+00:00,_chem_and_math,About to watch fantasy premier league show🤩 @OfficialFPL,,0,1,1,"<a href=""http://twitter.com/download/android"" rel=""nofollow"">Twitter for Android</a>",California,False,6947,8090
1.32952E+18,2020-11-19 20:04:15+00:00,352ng,"Do you play fantasy premier league? Join our FPL league powered by @ConfluxAfrica and @QuidaxAfrica for weekly, monthly &amp; seasonal prizes.

To join our league, enter the code: Lhjhqs

To be eligible for prizes, simply fill this form: https://t.co/LRTpFRW8hr https://t.co/QTD6QftNCl",,60,12,1,"<a href=""http://twitter.com/download/android"" rel=""nofollow"">Twitter for Android</a>",Nigeria,False,1841,86
1.32979E+18,2020-11-20 14:14:43+00:00,SickofthePundit,"🚨 SOTPs - Jack Grealish Stars for England! 🚨

- England's new star: Jack Grealish 🏴󠁧󠁢󠁥󠁮󠁧󠁿
- Injuries &amp; Covid + 5 Subs Rule? 🚑
- Premier League Surprise Teams &amp; Players 🔮
- Fantasy Football Predictions ⚽

Please check it out &amp; subscribe 🙂🎥
https://t.co/CVq3PQmMJV

👍/❤/♻️ https://t.co/UASW0aacPy",,0,2,0,"<a href=""http://twitter.com/download/android"" rel=""nofollow"">Twitter for Android</a>",,False,959,1109
1.32984E+18,2020-11-20 17:50:04+00:00,SickofthePundit,"@realDonaldTrump @BreitbartNews 🚨 SOTPs - Jack Grealish Stars for England! 🚨

- England's new star: Jack Grealish 🏴󠁧󠁢󠁥󠁮󠁧󠁿
- Injuries &amp; Covid + 5 Subs Rule? 🚑
- Premier League Surprise Teams &amp; Players 🔮
- Fantasy Football Predictions ⚽

Please check it out &amp; subscribe 🙂🎥
https://t.co/CVq3PQmMJV

👍/❤/♻️ https://t.co/Oi6qRAksgA",,0,0,0,"<a href=""http://twitter.com/download/android"" rel=""nofollow"">Twitter for Android</a>",,False,959,1109
1.33044E+18,2020-11-22 09:16:14+00:00,MattStarling,It’s very close at the top between me &amp; @UKDanJones in the fantasy football premier league! If anyone else wants to join our league let me know &amp; I can share the details! https://t.co/8IalCpovnB,,0,5,4,"<a href=""http://twitter.com/download/iphone"" rel=""nofollow"">Twitter for iPhone</a>","London, England",False,2307,558
1.33083E+18,2020-11-23 10:59:21+00:00,TheFPLDude_Kris,"Fpl Chip Strategy Guide Fantasy Premier League Tips Double Gameweek 2020 https://t.co/Rf7AgIoqQi via @YouTube 

#FPL #FPLCommunity #GW10","['FPL', 'FPLCommunity', 'GW10']",0,1,0,"<a href=""https://mobile.twitter.com"" rel=""nofollow"">Twitter Web App</a>",,False,1450,823
1.33087E+18,2020-11-23 13:32:11+00:00,cor692,"EPL €4K Daily Showdown: Wolves vs Southampton
Premier League
#PremierLeague #FPL #DFS #GW9 #Football #WOLSOU #Wolves #Southampton #FantasyFootball #FantasyPL #FantasyCommunity #Fantasy
come
https://t.co/vEePeOzjYv https://t.co/c78bBRHyxv","['PremierLeague', 'FPL', 'DFS', 'GW9', 'Football', 'WOLSOU', 'Wolves', 'Southampton', 'FantasyFootball', 'FantasyPL', 'FantasyCommunity', 'Fantasy']",0,0,0,"<a href=""https://mobile.twitter.com"" rel=""nofollow"">Twitter Web App</a>",,False,92,127
1.33087E+18,2020-11-23 14:04:14+00:00,FantasyScout_11,"Premier League Preview:

WOL vs SOU | Wolves vs Southampton | Premier League: Best Dream11 Combination, Probable Lineups, Team News &amp; Fantasy Tips

#WOLSOU #EPL #Dream11 #WolvesSouthampton 

https://t.co/7sEfg1LWMW https://t.co/xsTAGhhNoQ","['WOLSOU', 'EPL', 'Dream11', 'WolvesSouthampton']",0,2,1,"<a href=""https://mobile.twitter.com"" rel=""nofollow"">Twitter Web App</a>",,False,6806,917
1.33168E+18,2020-11-25 19:30:47+00:00,iscorers,Fantasy Premier League Gameweek 10 preview: Fantasy Faithful https://t.co/oJX3yD0j52,,0,3,0,"<a href=""http://publicize.wp.com/"" rel=""nofollow"">Jetpack.com</a>",world,False,205,359
1.33195E+18,2020-11-26 13:29:55+00:00,GAMETECHSPORTS1,"CK vs KT Dream11 Prediction , Fantasy Cricket ,Lanka premier League, Match 1, 26th November 2020
https://t.co/ShAi1FlCJl

#Dream11 #LankaPremierLeague #LPL2020 #LPLT20 #LPL20 #CTvsKT
#ColomboKings #KandyTuskers","['Dream11', 'LankaPremierLeague', 'LPL2020', 'LPLT20', 'LPL20', 'CTvsKT', 'ColomboKings', 'KandyTuskers']",0,0,0,"<a href=""http://twitter.com/download/android"" rel=""nofollow"">Twitter for Android</a>",,False,67,65
1.33227E+18,2020-11-27 10:44:48+00:00,khalidmahmud6,"Fantasy Premier league gameweek 10
Captain choice
Jota, Maddison, KDB, Bruno or Bamford??
@OfficialFPL 
#PremierLeague",['PremierLeague'],0,1,3,"<a href=""http://twitter.com/download/android"" rel=""nofollow"">Twitter for Android</a>","Bangalore, India ",False,965,724
1.3323E+18,2020-11-27 12:47:05+00:00,Driscollmania,@FiGuide Fantasy Premier League function with it seasonally so don't see why #footballindex can't. Delivers certainty for a season rather than random rug pulling.,['footballindex'],0,0,0,"<a href=""https://mobile.twitter.com"" rel=""nofollow"">Twitter Web App</a>",,False,97,254
1.33239E+18,2020-11-27 18:30:22+00:00,Unibet_Sverige,"För er Fantasy-vurmare har vi inför kommande omgång av Premier League plockat fram ett par head to head-specialer. Vilka spelare plockar flest poäng?
Odds 👉 https://t.co/u3qSvtFCzo https://t.co/y8XgW0dqvO",,0,1,0,"<a href=""https://mobile.twitter.com"" rel=""nofollow"">Twitter Web App</a>",Sverige,True,33304,376
1.33244E+18,2020-11-27 21:46:55+00:00,CymruOllie,It's unreal how much I've started celebrating Premier League goals because if fantasy football,,0,0,0,"<a href=""http://twitter.com/download/android"" rel=""nofollow"">Twitter for Android</a>",IndyWales,False,1363,1673
1.33269E+18,2020-11-28 14:14:10+00:00,frozenunicorn_,@wickedstepmami Fantasy Premier League 😩,,0,0,1,"<a href=""http://twitter.com/download/android"" rel=""nofollow"">Twitter for Android</a>",,False,1282,419
1.33269E+18,2020-11-28 14:29:27+00:00,Adrian_Corbett,"Rarely I actually watch the abysmal “Product” The Premier League  (Fantasy Football) has become.

I’m glad I occasionally bother myself to do  so as it reminds of how ridiculous the introduction of new technology to make officiating better, has done exactly opposite
Utter garbage",,0,0,1,"<a href=""http://twitter.com/download/iphone"" rel=""nofollow"">Twitter for iPhone</a>",Selsey West Sussex,False,483,291
1.33343E+18,2020-11-30 15:08:26+00:00,maulana_s13,"@vardy7 @Raul_Jimenez9 Vardy, please make six goals in tonight. It will be very helpful with my Fantasy Premier League result. Get well soon @Raul_Jimenez9",,0,0,0,"<a href=""http://twitter.com/download/android"" rel=""nofollow"">Twitter for Android</a>",Subang - Bandung,False,435,503
1.33346E+18,2020-11-30 17:23:03+00:00,swiftlease,"How are you doing in the @swiftlease Fantasy Premier League? Are you the 'Special One'🤞 

https://t.co/dVdrA6m9zI",,0,0,0,"<a href=""https://sproutsocial.com"" rel=""nofollow"">Sprout Social</a>","Great Harwood, Lancashire",False,555,561
1.3337E+18,2020-12-01 08:54:42+00:00,TheLCFCStatMan,"My Fantasy Premier League update, end of Gameweek 10...

Gameweek points: 50
Overall points: 587
Overall rank: 630,267 (top 8.3%)

(First Wildcard played, Bench Boost played)

#FPL #FPLCommunity https://t.co/60HxRUSTJP","['FPL', 'FPLCommunity']",0,1,0,"<a href=""http://twitter.com/download/android"" rel=""nofollow"">Twitter for Android</a>","Leicester, England",False,3829,5
1.33371E+18,2020-12-01 09:59:11+00:00,Benhadlington1,@WBA @samjohnstone50 @IdealBoilers Whos your fantasy premier league captain? #AskSamForIdeal,['AskSamForIdeal'],0,0,0,"<a href=""http://twitter.com/download/android"" rel=""nofollow"">Twitter for Android</a>",,False,1594,545
1.33382E+18,2020-12-01 17:21:15+00:00,Johannesborstad,@EdwardStenlund @WildcardFC Nå er vel dette Fantasy Premier League da? 😂,,0,0,0,"<a href=""http://twitter.com/download/iphone"" rel=""nofollow"">Twitter for iPhone</a>",,False,1179,954
1.33385E+18,2020-12-01 19:06:21+00:00,FplJeb,"Martinez/Darlow owners, here is a little something for you:

Where do GKs get their points from in Fantasy Premier League?
#FPL #FantasyPremierLeague

https://t.co/7ouxLhcrAd","['FPL', 'FantasyPremierLeague']",0,4,1,"<a href=""http://twitter.com/download/iphone"" rel=""nofollow"">Twitter for iPhone</a>",Brussels,False,1234,542
1.33443E+18,2020-12-03 09:29:21+00:00,holyraksakse,@TweetAtok Fantasy football Premier league,,0,1,1,"<a href=""http://twitter.com/download/android"" rel=""nofollow"">Twitter for Android</a>",,False,51,1226
1.33446E+18,2020-12-03 11:36:21+00:00,lozionero,"@SouthamptonFC @premierleague @Alex_Macca23 Underrated , @chanda_shula , my fantasy premier league keeper 🙌🏿",,0,0,1,"<a href=""http://twitter.com/download/iphone"" rel=""nofollow"">Twitter for iPhone</a>",,False,363,604
1.3348E+18,2020-12-04 10:08:54+00:00,WokemillRadio,"Ese writes on How you can stay top of your Fantasy premier league Week in Week Out. “The Fantasy Premier League Conundrum” on WokeMill The Blog
 https://t.co/lYyzRuT4no. #TheWokeLot #FantasyFootball # https://t.co/TZeoWhBEZn","['TheWokeLot', 'FantasyFootball']",5,3,0,"<a href=""http://twitter.com/download/iphone"" rel=""nofollow"">Twitter for iPhone</a>","Lagos, Nigeria",False,655,620
1.33483E+18,2020-12-04 12:00:28+00:00,Footiecastle,"Check out our scout's Fantasy Premier League game week 11 selections
https://t.co/ibPxaEORvx",,7,2,0,"<a href=""https://mobile.twitter.com"" rel=""nofollow"">Twitter Web App</a>",,False,654,665
1.33485E+18,2020-12-04 13:25:29+00:00,SportsHealth241,Fantasy Premier League ideas: Kevin De Bruyne stays prime captain choose in GW11 https://t.co/W5FY1Sgwhy,,0,0,0,"<a href=""http://publicize.wp.com/"" rel=""nofollow"">Jetpack.com</a>",,False,769,1031
1.33495E+18,2020-12-04 20:14:52+00:00,ibrahim_uslu98,"@premierleague Play Fantasy Premier League and join my mini-league
https://t.co/NBcX2wHOxx
 League Code: 7vnb7j",,0,0,0,"<a href=""http://twitter.com/download/android"" rel=""nofollow"">Twitter for Android</a>",Kurdistane♥️✌️,False,8,81
1.33497E+18,2020-12-04 21:03:00+00:00,FFScout,"3⃣  What are the pros and cons of a triple-up in Fantasy Premier League?

🏆 Former FPL champion @MarchSimon discusses the cost of doing so, on-field minutes and unforeseen postponements when owning three players from a single club:

https://t.co/61KyQyeS4W

#FPL #GW11","['FPL', 'GW11']",0,26,0,"<a href=""https://mobile.twitter.com"" rel=""nofollow"">Twitter Web App</a>",,False,297329,236
1.33516E+18,2020-12-05 10:08:34+00:00,ibrahim_uslu98,"@Kenshiro771 @ManUtd @B_Fernandes8 Join in my league 😊 Play Fantasy Premier League and join my mini-league
https://t.co/NBcX2wHOxx
 League Code: 7vnb7j",,0,0,0,"<a href=""http://twitter.com/download/android"" rel=""nofollow"">Twitter for Android</a>",Kurdistane♥️✌️,False,8,81
1.33523E+18,2020-12-05 14:20:56+00:00,funmilee,"@idj0sh Lmao! You just had to say that 😆

Join my league: https://t.co/xpedR45meY Play Fantasy Premier League and join my mini-league
League Code: hzu0p0",,0,0,1,"<a href=""http://twitter.com/download/iphone"" rel=""nofollow"">Twitter for iPhone</a>",,False,324,245
1.33534E+18,2020-12-05 21:28:28+00:00,Lukhanyo_19,"A woman has been number 1 on our fantasy premier league for almost 11 weeks, and she will likely beat all 30 of us this season and lot guys will not accept this truth 😂",,0,0,0,"<a href=""http://twitter.com/download/android"" rel=""nofollow"">Twitter for Android</a>",Gqeberha,False,284,314
1.33558E+18,2020-12-06 13:41:22+00:00,iambalmzy,"@OfficialFPL Y'all that play fantasy premier league,join my league now💪🚀👇

https://t.co/Z79lwieAXg",,0,0,0,"<a href=""http://twitter.com/download/android"" rel=""nofollow"">Twitter for Android</a>","Lagos, Nigeria",False,961,1132
1.33571E+18,2020-12-06 22:31:07+00:00,ENGR_MOUTALLAB,Premier league Fantasy 😂🔥,,0,2,1,"<a href=""http://twitter.com/download/iphone"" rel=""nofollow"">Twitter for iPhone</a>",Mississippi NOKA ,False,1610,1415
1.33587E+18,2020-12-07 09:03:00+00:00,agungpyudha,"Play Fantasy Premier League and join my mini-league
League Code: 4e9hfs ⁦@pajarito0411⁩  https://t.co/svhcbNlUS5",,0,0,0,"<a href=""http://twitter.com/download/iphone"" rel=""nofollow"">Twitter for iPhone</a>",,False,193,203
1.33632E+18,2020-12-08 14:22:57+00:00,hrsnfbrn,"FANTASY PREMIER LEAGUE 2020/2021
KECEBONG FC - GW 11
© : DCL (12)

noted : salah, son, kane scored 1 goals and 1 assist. martinez, konsa, grealish blank gameweek. https://t.co/dMDAJGzSLi",,0,0,0,"<a href=""http://twitter.com/download/android"" rel=""nofollow"">Twitter for Android</a>",,False,1180,64
1.33698E+18,2020-12-10 10:17:57+00:00,FPLUnited08,"NEW #FPL VIDEO! 🎥

Reece James back IN?! 🤔

FPL TEAM SELECTION | James back IN?! | Gameweek 12 | Fantasy Premier Lea... https://t.co/wVzlihl5zq via @YouTube https://t.co/u84a3RXoCL",['FPL'],2,3,0,"<a href=""http://twitter.com/download/iphone"" rel=""nofollow"">Twitter for iPhone</a>",South Africa,False,2583,2085
1.33766E+18,2020-12-12 07:23:58+00:00,ibrahim_uslu98,"@BTBNationed @OfficialFPL Play Fantasy Premier League and join my mini-league
https://t.co/JqcnHqnhHr
 League Code: s5n8a0",,0,0,0,"<a href=""http://twitter.com/download/android"" rel=""nofollow"">Twitter for Android</a>",Kurdistane♥️✌️,False,8,81
1.33777E+18,2020-12-12 14:25:14+00:00,mista20to20,"決めたのは途中出場のエルガジ。
グリーリッシュが蹴るんじゃねーのかよ！！と思ったfantasy premier leagueでグリーリッシュをスタメンにしている人たちのため息が…。私もその1人ですが😩",,0,0,0,"<a href=""http://twitter.com/download/iphone"" rel=""nofollow"">Twitter for iPhone</a>",almost there.,False,198,424
1.33821E+18,2020-12-13 20:02:21+00:00,KingRobbo26,@ZiyaadCFC Yeah I'm talking about Fantasy premier League,,0,0,0,"<a href=""http://twitter.com/download/android"" rel=""nofollow"">Twitter for Android</a>",Tynecastle Park,False,1339,1396
1.33878E+18,2020-12-15 09:55:00+00:00,predictzcom,"Man City v West Brom tonight

Aguero back in the team?  He's played just 110 minutes of the Premier League season so far.

We're taking a punt on his as our captain in the fantasy team 😁

#MCIWBA #FPL https://t.co/i6Zj7rwDqN","['MCIWBA', 'FPL']",1,2,1,"<a href=""https://about.twitter.com/products/tweetdeck"" rel=""nofollow"">TweetDeck</a>","London, UK",False,33976,434
1.33888E+18,2020-12-15 16:23:05+00:00,ibrahim_uslu98,"@jaimev_95 @OfficialFPL Hello,

For the 2020/21 Fantasy Premier League why don't you join my mini-league ""Kurdistan 🦁""?

Joining the league couldn't be easier. Simply use the link below and you'll be added automatically after you've entered the game.

https://t.co/iK3NoKqfbV

League Code: 352uaa",,0,0,0,"<a href=""http://twitter.com/download/android"" rel=""nofollow"">Twitter for Android</a>",Kurdistane♥️✌️,False,8,81
1.33928E+18,2020-12-16 18:49:54+00:00,esraaahmed20141,"Fantasy premier League 
Goal : أي حد مش معايا 
Assist : أي حد مش معايا",,0,1,0,"<a href=""http://twitter.com/download/android"" rel=""nofollow"">Twitter for Android</a>","El Gharbia, Egypt ",False,658,767
1.33987E+18,2020-12-18 09:58:36+00:00,iscorers,Premier League Fantasy Picks: Salah can continue December streak as Sterling nears Man City record https://t.co/UsOL05u8nT,,0,0,0,"<a href=""http://publicize.wp.com/"" rel=""nofollow"">Jetpack.com</a>",world,False,205,359
1.3399E+18,2020-12-18 11:52:24+00:00,ibrahim_uslu98,"@dxta04 @OfficialFPL Hello,

For the 2020/21 Fantasy Premier League why don't you join my mini-league ""Kurdistan 🦁""?

Joining the league couldn't be easier. Simply use the link below and you'll be added automatically after you've entered the game.

https://t.co/iK3NoKqfbV

League Code: 352uaa",,0,0,1,"<a href=""http://twitter.com/download/android"" rel=""nofollow"">Twitter for Android</a>",Kurdistane♥️✌️,False,8,81
1.3402E+18,2020-12-19 07:38:33+00:00,FPL_Ross,Fantasy Premier League Gameweek 14 Transfer Tips | 2020/21 https://t.co/lEa7f7qCtL #FPL #FPLCommunity,"['FPL', 'FPLCommunity']",0,0,0,"<a href=""https://zapier.com/"" rel=""nofollow"">Zapier.com</a>","London, England",False,253,272
1.34022E+18,2020-12-19 08:45:10+00:00,ibrahim_uslu98,"@liverpool_30_ @OfficialFPL Hello,

For the 2020/21 Fantasy Premier League why don't you join my mini-league ""Kurdistan 🦁""?

Joining the league couldn't be easier. Simply use the link below and you'll be added automatically after you've entered the game.

https://t.co/iK3NoKqfbV

League Code: 352uaa",,0,0,0,"<a href=""http://twitter.com/download/android"" rel=""nofollow"">Twitter for Android</a>",Kurdistane♥️✌️,False,8,81
1.34022E+18,2020-12-19 08:51:24+00:00,ibrahim_uslu98,"@Odd_Cubes @OfficialFPL Hello,

For the 2020/21 Fantasy Premier League why don't you join my mini-league ""Kurdistan 🦁""?

Joining the league couldn't be easier. Simply use the link below and you'll be added automatically after you've entered the game.

https://t.co/iK3NoKqfbV

League Code: 352uaa",,0,0,0,"<a href=""http://twitter.com/download/android"" rel=""nofollow"">Twitter for Android</a>",Kurdistane♥️✌️,False,8,81
1.34022E+18,2020-12-19 08:58:32+00:00,ibrahim_uslu98,"@hesbonbii @OfficialFPL Hello,

For the 2020/21 Fantasy Premier League why don't you join my mini-league ""Kurdistan 🦁""?

Joining the league couldn't be easier. Simply use the link below and you'll be added automatically after you've entered the game.

https://t.co/iK3NoKqfbV

League Code: 352uaa",,0,0,0,"<a href=""http://twitter.com/download/android"" rel=""nofollow"">Twitter for Android</a>",Kurdistane♥️✌️,False,8,81
1.34031E+18,2020-12-19 14:54:11+00:00,dhanesshM,"@nayRvong I mean from a fantasy premier league point of view im really salty because you are up 4-0 and instead of bringing on origi, you bring on salah and risk getting him injured. Makes 0 sense in terms of protecting your main playmaker.",,0,0,0,"<a href=""http://twitter.com/download/iphone"" rel=""nofollow"">Twitter for iPhone</a>",On the way to Hell ,False,292,118
1.3405E+18,2020-12-20 03:42:19+00:00,ramadiyana,"@hrdbacot Group WA bandminton, futsal, fantasy premier league, ojol, sepedahan, cupang. Lengkap. Tapi jarang banget ikutan 😆",,0,8,0,"<a href=""http://twitter.com/download/android"" rel=""nofollow"">Twitter for Android</a>",Bandung,False,438,371
1.3406E+18,2020-12-20 10:05:21+00:00,HamsaVenkat,"@MichaelOllerton Started Fantasy Premier League for the first time this season, so loving all the stats as well as all the football!",,0,0,0,"<a href=""http://twitter.com/download/iphone"" rel=""nofollow"">Twitter for iPhone</a>","Dublin City, Ireland",False,317,276
1.34137E+18,2020-12-22 13:15:05+00:00,AnythinInPartic,"@GeoffreyDance @eliteserien @OffisiellESF FPL GW15: THE WATCHLIST | Wildcard Options | Gameweek 15 | Fantasy Premier League Tips  2020/2021

https://t.co/f1hzqkN7g7",,0,1,0,"<a href=""https://mobile.twitter.com"" rel=""nofollow"">Twitter Web App</a>",,False,126,55
1.34149E+18,2020-12-22 21:17:34+00:00,leedsnews_app,Fantasy Premier League tips: Seven transfers to consider for Gameweek 15: https://t.co/jBc8zCghJm,,0,0,0,"<a href=""http://www.james-miller.co.uk"" rel=""nofollow"">Leeds News App</a>","Leeds, England",False,536,278
1.34258E+18,2020-12-25 21:22:47+00:00,AnythinInPartic,"@olatunji_rhythm FPL GW15: TEAM SELECTION FOR GAMEWEEK 15 | 1 Transfer Made | Fantasy Premier League 2020/2021 Season

https://t.co/u0TUtTqfof",,0,0,0,"<a href=""https://mobile.twitter.com"" rel=""nofollow"">Twitter Web App</a>",,False,126,55
1.34316E+18,2020-12-27 11:55:16+00:00,djuricnikola,This might be the gameweek where I finally give up on the Fantasy Premier League. #FPL,['FPL'],0,0,0,"<a href=""https://mobile.twitter.com"" rel=""nofollow"">Twitter Web App</a>","Belgrade, Serbia",False,539,244
1.34333E+18,2020-12-27 22:38:53+00:00,PolegateFibber,Premier league fantasy football - First year I have played it with friends from work. I now know what a junkie feels like like looking for a fix. Which shirt off the back of my granny do I flog to get who I want? Shouting at the Beeb over reported scores. #ColdTurkey,['ColdTurkey'],0,0,0,"<a href=""http://twitter.com/#!/download/ipad"" rel=""nofollow"">Twitter for iPad</a>",Polegate....of course.,False,134,227
1.34356E+18,2020-12-28 14:01:22+00:00,Abreuelloco13,"Za one koji lose stoje na fantasy premier league danas je novi pocetak..

16. kolo je kvalifikaciono za kup takmicenje,posle cega ide nokaut faza do kraja..Pobednik ide na ostrvo sledece sezone..

Da li ce Čekić da klacuje?😁",,0,1,3,"<a href=""http://twitter.com/download/iphone"" rel=""nofollow"">Twitter for iPhone</a>",,False,1159,686
1.34357E+18,2020-12-28 14:57:23+00:00,Jamesbaker7,Almost as if Brendan Rogers gives zero shits about fantasy premier league managers. Not very festive at all.,,0,1,0,"<a href=""http://twitter.com/download/iphone"" rel=""nofollow"">Twitter for iPhone</a>",Surrey ,False,321,391
1.34361E+18,2020-12-28 17:16:07+00:00,txxhir,Convinced all premier league managers came together and said they gonna fuck over our fantasy 🙃,,0,0,0,"<a href=""http://twitter.com/download/android"" rel=""nofollow"">Twitter for Android</a>",,False,488,743
1.34434E+18,2020-12-30 17:59:33+00:00,FPLStation,"⚡️Introducing Fantasy Premier League Manager by FPL Station

A new and simpler way to manage your Fantasy Premier League team with ease.

Download the 📱 Android beta app from our website. 

Coming soon to the Play Store

https://t.co/b6PJIYkQXU

#FPL #PremierLeague #FPLCommunity https://t.co/gO98GzbgZv","['FPL', 'PremierLeague', 'FPLCommunity']",3,11,0,"<a href=""https://mobile.twitter.com"" rel=""nofollow"">Twitter Web App</a>",,False,811,2082
1.4256E+18,2021-08-11 23:18:54+00:00,CFCNotDaily,"https://t.co/wtfiMUb9xh Play Fantasy Premier League and join my mini-league
League Code: z1qqne",,0,0,0,"<a href=""http://twitter.com/download/iphone"" rel=""nofollow"">Twitter for iPhone</a>",,False,300,556
1.42562E+18,2021-08-12 01:02:53+00:00,aravindP_14,"@Soccermatics https://t.co/op2I0mbEAR Play Fantasy Premier League and join my mini-league
League Code: zjaftn",,0,0,0,"<a href=""http://twitter.com/download/iphone"" rel=""nofollow"">Twitter for iPhone</a>","Jersey City, NJ",False,12,251
1.42571E+18,2021-08-12 06:56:27+00:00,OseiAkoto_Kanu,"Premier League starts tomorrow. The OTEC SPORTS FANTASY LEAGUE has been reactivated. Here is the code to join;

s7ah59",,10,75,4,"<a href=""http://twitter.com/download/android"" rel=""nofollow"">Twitter for Android</a>","Kumasi, Ghana",False,37480,3814
1.42572E+18,2021-08-12 07:28:21+00:00,carlosrealist,Create &amp; Join Fantasy Football Leagues | Fantasy Premier League  https://t.co/NWR7I60Z31,,0,0,0,"<a href=""http://twitter.com/download/iphone"" rel=""nofollow"">Twitter for iPhone</a>",coded,False,198,204
1.42573E+18,2021-08-12 08:05:28+00:00,henrikedstrom31,"@BetssonSV @Wilbacher @hofmannjesper @TuttoBalutto Gå med i Respect Saturdays Fantasy Premier League liga! 
Förra året var vi 74 deltagande lag och ligasegraren kammade hem 12.000kr!
Insats 320kr
Ligakod: yr2vst
Vi har en fb grupp!
Skriv till mig vid intresse!",,0,0,0,"<a href=""http://twitter.com/download/iphone"" rel=""nofollow"">Twitter for iPhone</a>",Viken,False,101,86
1.42576E+18,2021-08-12 09:55:00+00:00,sportbible,"Fantasy Premier League Tips: 25 Players You Need This Season 👇

https://t.co/viTL2ICuA0",,2,41,5,"<a href=""https://about.twitter.com/products/tweetdeck"" rel=""nofollow"">TweetDeck</a>",contact@sportbible.com,True,2077019,3217
1.42577E+18,2021-08-12 10:46:54+00:00,cwpaulm,"Do many people here enter a team in the premier league fantasy football? 

Considering a league with a prize fund of 100 $ADA which will sit in a wallet staking from now until the winner gets the seed phrase at the end of the season May 2022 https://t.co/BhIrXaSNvi",,8,122,41,"<a href=""https://mobile.twitter.com"" rel=""nofollow"">Twitter Web App</a>",Ireland,False,20256,597
1.42578E+18,2021-08-12 11:36:56+00:00,GoonerGumsa,Not long to go now!! Join our league now!! DM us if you're interested in joining our @FTBFootbaII wide Fantasy Premier League League..... https://t.co/dh6eyT2tj6,,0,0,0,"<a href=""http://twitter.com/download/android"" rel=""nofollow"">Twitter for Android</a>","England, United Kingdom",False,384,337
1.42582E+18,2021-08-12 13:54:49+00:00,atmanirbharmomo,Fantasy Premier League Anxiety is gonna be back this weekend ☠️ #FPL https://t.co/xqUZo73jcL,['FPL'],0,0,0,"<a href=""http://twitter.com/download/android"" rel=""nofollow"">Twitter for Android</a>",,False,78,124
1.42582E+18,2021-08-12 14:05:53+00:00,artisticnasser,How do I gain from fantasy premier league?,,0,0,0,"<a href=""http://twitter.com/download/android"" rel=""nofollow"">Twitter for Android</a>",Uganda,False,1674,2563
1.42583E+18,2021-08-12 14:34:11+00:00,Slyman_Lambo,"Where my Fantasy Premier League Fam❣️??  
Are you ready?? 
Flaunt your teams 🔥 Let’s go 

#BrentfordFC #FPLCommunity #Arsenal #eplfantasy https://t.co/hl8XlRbYcB","['BrentfordFC', 'FPLCommunity', 'Arsenal', 'eplfantasy']",0,2,0,"<a href=""https://mobile.twitter.com"" rel=""nofollow"">Twitter Web App</a>","Lagos, Nigeria",False,3092,2898
1.42584E+18,2021-08-12 15:14:26+00:00,ImpSenatePod,"Merry Premier League Eve to all who celebrate! 

Time is running out to sign your personal squad up for this year's Fantasy Premier League competition! Whether you already have a team or not, come hang out in the Imperial Senate Fantasy Premier League! https://t.co/qlTdMuYQnh",,2,9,1,"<a href=""https://mobile.twitter.com"" rel=""nofollow"">Twitter Web App</a>","Imperial Center, Coruscant.",False,3221,1810
1.42584E+18,2021-08-12 15:40:06+00:00,1804khartel,"@daakinstips @GreenTips01 @MisturBets @Daily_booom @JoladeMUFC @DreyThaTipster @CHIZZY_BB @DenaroFreeBets @Jontech_tips @TipssAugur @Abbeytips101 @HtftTipster @TheLockTips @supa_bets @Andrewano https://t.co/YN9rOQGra3 Play Fantasy Premier League and join my mini-league
League Code: i73iul",,0,0,1,"<a href=""http://twitter.com/download/iphone"" rel=""nofollow"">Twitter for iPhone</a>",,False,686,683
1.42585E+18,2021-08-12 15:52:25+00:00,AdamHDGamer82,My Fantasy Premier league 21/22 Auto Pick: ChampionsClubfc.... #FPL #PremierLeague https://t.co/LXvq3hM5LC,"['FPL', 'PremierLeague']",0,2,0,"<a href=""https://mobile.twitter.com"" rel=""nofollow"">Twitter Web App</a>","London, England ",False,204,1007
1.42586E+18,2021-08-12 16:38:06+00:00,decustecu,"🚨⚽️Come join our Premier Fantasy League. Do normal, non-academic people tell you that you need to stop working and get a hobby? This (probably) counts! Join us, so that we can spend the next 10 months arguing about football. 
https://t.co/QlTZ1m3coO https://t.co/MR6dNZUB2K",,2,6,8,"<a href=""https://mobile.twitter.com"" rel=""nofollow"">Twitter Web App</a>",Colorado,False,4517,5002
1.42587E+18,2021-08-12 17:13:59+00:00,unveilplus,"https://t.co/Brd2r5jVzw 

Play Fantasy Premier League and join Unveil Plus mini-league

League Code: 3hmeik",,1,2,0,"<a href=""http://twitter.com/download/iphone"" rel=""nofollow"">Twitter for iPhone</a>",Caribbean,False,2245,150
1.42587E+18,2021-08-12 17:24:36+00:00,PrintsGhost,"Fantasy Premier League Code ⬇️

a2j5dn",,0,1,1,"<a href=""http://twitter.com/download/iphone"" rel=""nofollow"">Twitter for iPhone</a>","Manchester, England",False,8585,772
1.42589E+18,2021-08-12 18:28:33+00:00,jayoutdeh,"For the 2021/22 Fantasy Premier League why don't you join my mini-league ""Ole Futbol Mundial""?

https://t.co/KW4VKcMT2J

League Code: hw2tq3

Looking forward to playing against you this season!",,0,0,0,"<a href=""https://mobile.twitter.com"" rel=""nofollow"">Twitter Web App</a>","Kingston, PA",False,507,492
1.42589E+18,2021-08-12 18:36:57+00:00,bala_chuk,"For the 2021/22 Fantasy Premier League why don't you join my mini-league ""Mount Havertz!!!""?
Joining the league couldn't be easier. Use the link below and you'll be added automatically after you've entered the game.
https://t.co/gKE4QpKnEO
League Code: qs2jby #FPL @OfficialFPL",['FPL'],0,0,0,"<a href=""http://twitter.com/download/iphone"" rel=""nofollow"">Twitter for iPhone</a>","Seattle, Washington, USA",False,356,5004
1.4259E+18,2021-08-12 19:33:31+00:00,TheStands_co_uk,"Top 5 FPL picks - Aston Villa: Fantasy Premier League season is underway. The Stands brings you the top five FPL assets from Aston Villa! https://t.co/24Z5aRmaR3 
#FPL #fplcommunity","['FPL', 'fplcommunity']",0,1,0,"<a href=""https://mobile.twitter.com"" rel=""nofollow"">Twitter Web App</a>",,False,164,492
1.42592E+18,2021-08-12 20:51:47+00:00,AlexM237,Tu joues à Fantasy Premier League ? @Ko2le,,0,0,1,"<a href=""http://twitter.com/download/iphone"" rel=""nofollow"">Twitter for iPhone</a>",camp nou,False,4161,567
1.42594E+18,2021-08-12 22:04:09+00:00,algodeportes,"Hay torneo de Fantasy Premier league, quien se prende?",,0,0,0,"<a href=""http://twitter.com/download/android"" rel=""nofollow"">Twitter for Android</a>",,False,241,247
1.42594E+18,2021-08-12 22:11:48+00:00,mastersdog,"Play Fantasy Premier League and join my mini-league
League Code: 00ho84 https://t.co/RnliTOvMDn",,0,0,0,"<a href=""http://twitter.com/download/iphone"" rel=""nofollow"">Twitter for iPhone</a>",Lancashire,False,1674,3140
1.42594E+18,2021-08-12 22:14:02+00:00,SAGIRKALGO,"@talkchelsea @AlfredoPedulla Hello,

For the 2021/22 Fantasy Premier League why don't you join my mini-league ""Chelsea fans only""?

Joining the league couldn't be easier. Simply use the link below and you'll be added automatically after you've entered the this season!",,0,0,0,"<a href=""http://twitter.com/download/android"" rel=""nofollow"">Twitter for Android</a>",london,False,95,294
1.42594E+18,2021-08-12 22:14:28+00:00,SAGIRKALGO,"@Blue_Footy Hello,

For the 2021/22 Fantasy Premier League why don't you join my mini-league ""Chelsea fans only""?

Joining the league couldn't be easier. Simply use the link below and you'll be added automatically after you've entered the game.

https://t.co/4OZZez430z",,0,0,0,"<a href=""http://twitter.com/download/android"" rel=""nofollow"">Twitter for Android</a>",london,False,95,294
1.42594E+18,2021-08-12 22:18:30+00:00,Usamathejaved,Should I play fantasy premier league this time around?,,0,1,0,"<a href=""http://twitter.com/download/android"" rel=""nofollow"">Twitter for Android</a>","lahore,pk",False,205,297
1.42597E+18,2021-08-13 00:05:29+00:00,RicketyZubat,Decided to do an Fantasy Premier League team for fun and have already gotten way too invested considering I know maybe a quarter of the players,,0,0,1,"<a href=""http://twitter.com/download/android"" rel=""nofollow"">Twitter for Android</a>",Permanent Existential Crisis,False,174,935
1.42599E+18,2021-08-13 01:34:20+00:00,ahmedmaher096,"@LeCOUTINHO @frasskool @OfficialFPL Fantasy Premier League  ⚽🥇
Classic League Code
 vbl4qk
 and Head to Head
txp70m",,0,0,0,"<a href=""http://twitter.com/download/android"" rel=""nofollow"">Twitter for Android</a>","البحيرة, مصر",False,1258,37
1.42601E+18,2021-08-13 02:56:46+00:00,Apisbocey,"@FPL_MY Hello,

For the 2021/22 Fantasy Premier League why don't you join my mini-league ""Liga Pandemik AntiVaksin""?
Joining the league couldn't be easier.

https://t.co/xLfwVqLvy7…

League Code: 40fxry

Looking forward to playing against you this season!",,0,0,0,"<a href=""http://twitter.com/download/iphone"" rel=""nofollow"">Twitter for iPhone</a>",,False,226,223
1.42602E+18,2021-08-13 03:31:58+00:00,NielsJensen51,@NeilHubbucks Premier league starts tomorrow. Do you play fantasy?,,0,1,1,"<a href=""http://twitter.com/#!/download/ipad"" rel=""nofollow"">Twitter for iPad</a>",The recliner,False,351,1139
1.42605E+18,2021-08-13 05:28:09+00:00,Biswavijeta,"My Fantasy Premier League team is ready with @MoSalah leading the team. 
#PremierLeague #fantasypremierleague https://t.co/dAQQJdViy0","['PremierLeague', 'fantasypremierleague']",0,1,1,"<a href=""http://twitter.com/download/android"" rel=""nofollow"">Twitter for Android</a>",India,False,16,190
1.42607E+18,2021-08-13 06:23:04+00:00,SpacesalJP,"Play Fantasy Premier League and join my mini-league
League Code: e3gnq0 https://t.co/J4rWfhwQsq",,0,0,0,"<a href=""http://twitter.com/download/iphone"" rel=""nofollow"">Twitter for iPhone</a>","Singapore, India, USA",False,1387,1073
1.42609E+18,2021-08-13 07:49:31+00:00,sarponge80,"Good morning guys, hope we all good,

Fantasy premier league fans should join my league let’s have fun

Classic league: *fu2kxb*

Head to head :   *xqh5f0*",,12,18,1,"<a href=""http://twitter.com/download/iphone"" rel=""nofollow"">Twitter for iPhone</a>",Everywhere ,False,9362,6957
1.42609E+18,2021-08-13 08:14:21+00:00,Fextuz,@UnitedStandMUFC @FabrizioRomano @UnitedStandMUFC not on Fantasy Premier League this season?,,0,2,1,"<a href=""http://twitter.com/download/android"" rel=""nofollow"">Twitter for Android</a>",Troposphere 🌱,False,19639,12550
1.42611E+18,2021-08-13 09:06:51+00:00,OladapoJ,"Hello,

For the 2021/22 Fantasy Premier League why don't you join my mini-league ""Elite guys""?

Joining the league couldn't be easier. Simply use the link below and you'll be added automatically after you've entered the game.

https://t.co/BfMnu44Hm4

League Code: egm2z7",,1,0,0,"<a href=""http://twitter.com/download/iphone"" rel=""nofollow"">Twitter for iPhone</a>",Elite way ,False,1021,795
1.42611E+18,2021-08-13 09:24:30+00:00,uk_cardinals,2 spots left in our Fantasy Premier league dynasty league. Need to fill today... who wants in? #fantasypremierleague #FantasyFootball #fantrax,"['fantasypremierleague', 'FantasyFootball', 'fantrax']",1,1,0,"<a href=""https://mobile.twitter.com"" rel=""nofollow"">Twitter Web App</a>",,False,2221,519
1.42613E+18,2021-08-13 10:27:11+00:00,YeOldeMMRF,"Right, I've set up a head-to-head Fantasy Premier League competition for all and sundry. It's on the official Premier League app.

Join here! 

https://t.co/j6SRnMyHed",,1,2,1,"<a href=""http://twitter.com/download/android"" rel=""nofollow"">Twitter for Android</a>",,False,2225,366
1.42614E+18,2021-08-13 10:56:47+00:00,Shabbaz77,Join our Fantasy premier league. Winner will get a free football jersey for the 2022/2023 season 🏆,,0,0,0,"<a href=""http://twitter.com/download/iphone"" rel=""nofollow"">Twitter for iPhone</a>",Yorkshire and The Humber,False,2904,899
1.42614E+18,2021-08-13 11:14:31+00:00,Art_of_Football,"It’s Fantasy Premier League deadline day. 

To celebrate, here’s a throwback to last year’s collection of hand drawn FPL crests. Which is your favourite? #FPL https://t.co/teuSMyX6si",['FPL'],0,8,1,"<a href=""http://twitter.com/download/iphone"" rel=""nofollow"">Twitter for iPhone</a>",Home of Football,False,69645,1474
1.42614E+18,2021-08-13 11:26:56+00:00,hafizizran,Mahiaddin ni kalau main fantasy premier league confirm tempat last sekali. Tak pandai pilih player.,,0,1,0,"<a href=""http://twitter.com/download/iphone"" rel=""nofollow"">Twitter for iPhone</a>",,False,290,380
1.42615E+18,2021-08-13 11:50:21+00:00,ShefTransformed,There's still time to join our fantasy football league before the new Premier League season kicks off tonight.,,1,2,0,"<a href=""https://mobile.twitter.com"" rel=""nofollow"">Twitter Web App</a>","Sheffield, England",False,820,148
1.42615E+18,2021-08-13 12:03:15+00:00,MrJMHarris,@HWT_PE @Mr_C_PhysEdu Usually on the Sun dreamteam but new work is doing premier league fantasy - so in for a penny in for a pound. Game on,,0,1,1,"<a href=""http://twitter.com/download/iphone"" rel=""nofollow"">Twitter for iPhone</a>",Plymouth,False,1916,870
1.42616E+18,2021-08-13 12:42:00+00:00,Izat_Danial_,"Fantasy Premier League (Malaysia)
CODE FPL : h0trhc

MARI!!.....MARI!!....",,0,0,0,"<a href=""https://mobile.twitter.com"" rel=""nofollow"">Twitter Web App</a>",Asgard,False,260,1099
1.42617E+18,2021-08-13 13:02:20+00:00,elhwarym7,"@AVFCOfficial @OfficialFPL Cyclic
Al Ahly 1907 Fantasy Premier League
My turn face to face
cipher. j1oty8",,0,0,0,"<a href=""http://twitter.com/download/android"" rel=""nofollow"">Twitter for Android</a>","قنا, مصر",False,36,570
1.42617E+18,2021-08-13 13:15:43+00:00,ChelseaTBC,"The Premier League and Fantasy Premier League season starts TODAY. Be sure to join my league with the link below ⬇️ #FPL #PL #Chelsea

https://t.co/ykOMKs3oYy https://t.co/t56ZXkGyTp","['FPL', 'PL', 'Chelsea']",0,0,0,"<a href=""http://twitter.com/download/iphone"" rel=""nofollow"">Twitter for iPhone</a>","Stamford Bridge, England",False,42,56
1.42617E+18,2021-08-13 13:27:12+00:00,blondelmo1888,"@rhiannonefc18 https://t.co/4J259Ab8h0 Play Fantasy Premier League and join my mini-league
League Code: oabw8n",,0,0,1,"<a href=""http://twitter.com/download/iphone"" rel=""nofollow"">Twitter for iPhone</a>","Glasgow, Scotland",False,591,2648
1.42617E+18,2021-08-13 13:30:48+00:00,ConvoFoot,No Premier League fantasy team @sarajbz !?,,0,0,0,"<a href=""http://twitter.com/download/iphone"" rel=""nofollow"">Twitter for iPhone</a>",Around the Globe,False,31,315
1.42618E+18,2021-08-13 13:59:32+00:00,Martin_MurithiM,I regret to inform my football friends that this season 2021/2022 I won't be participating in Fantasy Premier league (FPL) because of personal reasons I hope you can all understand and wish you all the best.Meanwhile am giving Romelo Lukaku (5games) to determine if he is a scam,,0,0,0,"<a href=""http://twitter.com/download/android"" rel=""nofollow"">Twitter for Android</a>","Nairobi, Kenya",False,360,412
1.42619E+18,2021-08-13 14:22:12+00:00,chenealfrancis,"Last chance 😘
Play Fantasy Premier League and join my mini-league
League Code: i4rcga https://t.co/9TcmjzHvls",,1,0,0,"<a href=""http://twitter.com/download/iphone"" rel=""nofollow"">Twitter for iPhone</a>",South Africa,False,2310,1096
1.42619E+18,2021-08-13 14:32:00+00:00,FormulaCas_EFC,"Last chance to join my F1 TWT Fantasy Premier League. 

Code 3zd670

Anyone can join. Just for fun. Bit of friendly competition. 

Join before the 1st game of the season, tonight",,0,5,1,"<a href=""http://twitter.com/download/android"" rel=""nofollow"">Twitter for Android</a>",Liverpool ,False,1075,1531
1.4262E+18,2021-08-13 15:11:55+00:00,lifeizgod_1,@23donjose have you got a fantasy premier league account?? (NOT the Sky version),,0,0,1,"<a href=""https://mobile.twitter.com"" rel=""nofollow"">Twitter Web App</a>",Leeds England,False,3280,3074
1.4262E+18,2021-08-13 15:18:31+00:00,Orlami_10,@olywal ... please what is the code for sport cafe fantasy premier league... so I can join before game week 1 kickoff,,0,0,0,"<a href=""http://twitter.com/download/android"" rel=""nofollow"">Twitter for Android</a>",,False,197,1163
1.42622E+18,2021-08-13 16:25:13+00:00,MuadzMahfud,Fantasy Premier League. Bismillah. Tawakkal je mat! 🤲🏻,,0,0,0,"<a href=""http://twitter.com/download/android"" rel=""nofollow"">Twitter for Android</a>","Selangor, Malaysia",False,1357,804
1.42622E+18,2021-08-13 16:41:25+00:00,KirstyLFC1892,"Hello, For the 2021/22 Fantasy Premier League why don't you join my mini-league ""Twitter all Stars""? Joining the league couldn't be easier. Simply use the link below and you'll be added automatically after you've entered the game. https://t.co/vmlZ2wldTy League Code: xrnrfs",,1,7,3,"<a href=""http://twitter.com/download/android"" rel=""nofollow"">Twitter for Android</a>","Liverpool, England",False,10919,5708
1.42623E+18,2021-08-13 16:58:40+00:00,g__henderson,"Last calls for FPL! Free to enter, no real prize as such, just said I’ll buy the winner a pint! 🍻 
https://t.co/0oKcFQH2A3 Play Fantasy Premier League and join my mini-league
League Code: 6dxw8n",,0,0,0,"<a href=""http://twitter.com/download/iphone"" rel=""nofollow"">Twitter for iPhone</a>",Exeter,False,1222,1674
1.42623E+18,2021-08-13 17:01:07+00:00,derrickfromcbus,"@DegenerateTBone Want to join my free EPL fantasy league? Lots of us from @delaware_rising are in the league 🤘https://t.co/gz71i0uP9x Play Fantasy Premier League and join my mini-league
League Code: 4kdb7m",,1,2,0,"<a href=""http://twitter.com/download/iphone"" rel=""nofollow"">Twitter for iPhone</a>",,False,162,454
1.42623E+18,2021-08-13 17:26:14+00:00,xX420Jay69Xx,An exclusive look at xX420Jay69Xx's Fantasy Premier League team ahead of the deadline at 18:30 👀 https://t.co/98wfPhY3tY,,0,5,2,"<a href=""http://twitter.com/download/android"" rel=""nofollow"">Twitter for Android</a>",,False,315,942
1.42624E+18,2021-08-13 17:33:01+00:00,R__Cristiano,Premier League's coming back and I'm ready for another season of Fantasy #FPL https://t.co/qmL3vwyPgC,['FPL'],0,0,1,"<a href=""http://twitter.com/download/android"" rel=""nofollow"">Twitter for Android</a>",,False,75,759
1.42624E+18,2021-08-13 17:59:56+00:00,Olaakunle,"God gave man peace of mind, Man went to register Fantasy Premier League 😂😂😂
#FPL
#FPLCommunity https://t.co/AEsWBENw5X","['FPL', 'FPLCommunity']",0,2,0,"<a href=""http://twitter.com/download/android"" rel=""nofollow"">Twitter for Android</a>","Lagos, Nigeria",False,1478,867
1.42626E+18,2021-08-13 19:20:27+00:00,TobiasLea,"Siden jeg gikk skikkelig på trynet forrige sesong av Fantasy Premier League, så måtte jeg virkelig steppe up fra start denne sesongen med et bra lagnavn. 

Lagnavn: BendrissLikeBeckham.

(Screw you guys, that's funny)",,0,0,0,"<a href=""http://twitter.com/download/android"" rel=""nofollow"">Twitter for Android</a>",,False,643,2034
1.42628E+18,2021-08-13 20:31:30+00:00,ahadidanmusa,Let’s all spear a minute and laugh at those that included Ben white into their premier league Fantasy squad 🤣,,0,0,0,"<a href=""http://twitter.com/download/iphone"" rel=""nofollow"">Twitter for iPhone</a>",The Menu.,False,1667,1608
1.42637E+18,2021-08-14 02:20:28+00:00,beritauhu,@RusdiAziz205 Uit hang main fantasy premier league tak pel,,0,0,1,"<a href=""http://twitter.com/download/android"" rel=""nofollow"">Twitter for Android</a>",Crazy Noisy Bizarre Town,False,54,496
1.42647E+18,2021-08-14 09:00:57+00:00,Marketing4Recs,"It is a Saturday packed with Premier League football - today is a big one for scoring points on your fantasy team, make sure you are in The Marketing Junction's league to be in for the chance of winning big!

https://t.co/dg0CKecO41 https://t.co/EW2IehJ59I",,0,0,0,"<a href=""https://app.socialpilot.co/"" rel=""nofollow"">SocialPilot.co</a>",UK and Global,False,671,1118
1.42651E+18,2021-08-14 11:35:59+00:00,Times24TV,"#Leicester City vs #Wolverhampton Wanderers Live Streaming, Live Score, LEI vs WOL Dream11 Team Prediction, Lineups, EPL Kick-off Time: English Premier League 2021
#LEI #WOL #LEIvsWOL #WOLvsLEI  #Dream11 #dream11team #Fantasy #Football #manchester #ManUtd
https://t.co/kloNsb9qQ0","['Leicester', 'Wolverhampton', 'LEI', 'WOL', 'LEIvsWOL', 'WOLvsLEI', 'Dream11', 'dream11team', 'Fantasy', 'Football', 'manchester', 'ManUtd']",0,0,0,"<a href=""https://mobile.twitter.com"" rel=""nofollow"">Twitter Web App</a>",India,False,194,356
1.42658E+18,2021-08-14 16:06:41+00:00,88_captain,"So how did your fantasy premier league do today 

Me: https://t.co/bdW6ANvUy6",,0,0,0,"<a href=""http://twitter.com/download/android"" rel=""nofollow"">Twitter for Android</a>",,False,451,1224
1.42662E+18,2021-08-14 18:53:04+00:00,evzilliqa,"@UFFSports Fantasy premier league, been on the website and can’t find it",,0,1,1,"<a href=""http://twitter.com/download/iphone"" rel=""nofollow"">Twitter for iPhone</a>",,False,353,364
1.4269E+18,2021-08-15 13:52:24+00:00,ThatsMeFlawless,"We launched 3 new shows on @SarcasmCityTV this week (Chelsea Show, Liverpool Show &amp; a Fantasy Premier League Show) ..... 2 new shows will be also be added by the end of this month. #SarcasmCityTV https://t.co/iDJxtQtuez",['SarcasmCityTV'],3,15,2,"<a href=""http://twitter.com/download/android"" rel=""nofollow"">Twitter for Android</a>",Manchester,False,4178,706
1.42694E+18,2021-08-15 16:29:38+00:00,Magnum702,"@the_dannysmyth @J15Emerson @MauricioABC7 Yeah, he's not playing today. Unfortunately in Fantasy Premier League once the first game is played can't change your lineup. I had no option to move him out today.",,0,0,1,"<a href=""https://mobile.twitter.com"" rel=""nofollow"">Twitter Web App</a>","Las Vegas, NV",False,2007,688
1.42724E+18,2021-08-16 11:48:41+00:00,JoelChizaram,"@OfficialFPL Hello,

For the 2021/22 Fantasy Premier League why don't you join my mini-league ""HAWKIES LEAGUE""?

Joining the league couldn't be easier. Simply use the link below and you'll be added automatically after you've entered the game.

https://t.co/eXVk9JDmHK

League Code: iboj1e",,0,0,0,"<a href=""http://twitter.com/download/iphone"" rel=""nofollow"">Twitter for iPhone</a>",Twitter For Violence🔥🔥🔥,False,4901,4104
1.42728E+18,2021-08-16 14:39:01+00:00,iharare,Tip: Mistakes To Avoid When Selecting Your Fantasy Premier League Team https://t.co/u6lEnfsmOJ,,0,0,0,"<a href=""http://publicize.wp.com/"" rel=""nofollow"">Jetpack.com</a>",Zimbabwe,False,14926,429
1.42732E+18,2021-08-16 17:18:55+00:00,Halsdorfer,"At the start of the premier league there is a € 1,150,000 fantasy sport tournament on fanteam with € 230k for first place with a buy-in of € 23 

https://t.co/FWdFBs3g4e

If You register via my Link you will receive a 23€ ticket with a 20€ deposit 

#Bundesliga #pl #football","['Bundesliga', 'pl', 'football']",0,0,0,"<a href=""https://mobile.twitter.com"" rel=""nofollow"">Twitter Web App</a>",Germany,False,35,381
1.42754E+18,2021-08-17 07:41:01+00:00,IAys11,"@isa10_f https://t.co/CBC2ZbumuN Play Fantasy Premier League and join my mini-league
League Code: zdj0i9",,0,0,0,"<a href=""http://twitter.com/download/iphone"" rel=""nofollow"">Twitter for iPhone</a>",Riyadh,False,43574,1046
1.42772E+18,2021-08-17 19:45:07+00:00,SPORTSCIRCUSINT,Fantasy Premier League: Six rules to succeed during 2021-22 season https://t.co/zWSVFsngoA https://t.co/YZLLlP7OuN,,0,0,0,"<a href=""https://dlvrit.com/"" rel=""nofollow"">dlvr.it</a>",Germany / Great Britain,False,1452,2372
1.42774E+18,2021-08-17 20:59:48+00:00,OnTheStoopLolo,"Lolo's Premier League Fantasy Report Week 1: Pogba, Salah, Bruno, &amp; more https://t.co/pKmxfs5zvP",,0,3,0,"<a href=""https://periscope.tv"" rel=""nofollow"">Periscope</a>","Brooklyn, NY",False,2733,4918
1.42776E+18,2021-08-17 22:28:04+00:00,allsports70,Fantasy Premier League: Six rules to succeed during 2021-22 season https://t.co/0QC35tZRyi,,0,0,0,"<a href=""https://dlvrit.com/"" rel=""nofollow"">dlvr.it</a>",,False,202,694
1.42789E+18,2021-08-18 07:19:14+00:00,GavinQuinney,"I’ve dug up this old Twitter account to post #FPL nonsense - as the bio says: 

Football/Fantasy Football #FPL drivel by @GavinQuinney. Lives near Bordeaux, grows vines, makes wine.

‘@ChateauBauduc Premier League’ #FPL mini-league updates.

DM me for an invite. Top 6 win a case.","['FPL', 'FPL', 'FPL']",0,1,3,"<a href=""http://twitter.com/download/iphone"" rel=""nofollow"">Twitter for iPhone</a>",Bordeaux,False,9536,1337
1.42797E+18,2021-08-18 12:28:53+00:00,Streams94,"https://t.co/OA61JGdZYp Play Fantasy Premier League and join my mini-league
League Code: ey8t76",,0,0,0,"<a href=""http://twitter.com/download/iphone"" rel=""nofollow"">Twitter for iPhone</a>",,False,1475,1377
1.42803E+18,2021-08-18 16:12:02+00:00,standardsport,"So, how was it for you?

After a brilliant start for some, and a few Fernandes/Salah-sized regrets for others, here are our Fantasy Premier League tips for gameweek 2...

#FPL  https://t.co/CTMiYxgWtd",['FPL'],0,2,0,"<a href=""https://www.echobox.com"" rel=""nofollow"">Echobox</a>","London, England",True,74943,873
1.4281E+18,2021-08-18 21:00:45+00:00,noah_sammut,@markgoldbridge I hope that Sancho starts cos he is in my fantasy premier League team,,0,1,0,"<a href=""http://twitter.com/download/android"" rel=""nofollow"">Twitter for Android</a>",,False,0,69
1.4283E+18,2021-08-19 10:09:09+00:00,allsports70,"Fantasy Premier League tips gameweek 2: Dominic Calvert-Lewin, Bryan Mbeumo, Riyad Mahrez https://t.co/IUVXoBDSzp",,0,0,0,"<a href=""https://dlvrit.com/"" rel=""nofollow"">dlvr.it</a>",,False,202,694
1.42841E+18,2021-08-19 17:29:22+00:00,FPLGlobal_,"Doctor ‘My graph says that you have been having a lot of heart attacks recently because of a game you have been playing?’

Me: ‘𝗪𝗵𝗮𝘁 𝗴𝗮𝗺𝗲?’

Doctor: ‘It says you have been playing a certain game called Fantasy Premier League?’

Me: ‘𝗮𝗵, 𝘁𝗵𝗮𝘁 𝗴𝗮𝗺𝗲.’ #FPL",['FPL'],0,4,0,"<a href=""http://twitter.com/download/iphone"" rel=""nofollow"">Twitter for iPhone</a>",,False,423,168
1.42867E+18,2021-08-20 10:45:19+00:00,Fiker1207,"@jawor_8 @RealMadryt_pl Oby,mam go na ataku w Fantasy Premier League 😉⚽💪",,0,1,0,"<a href=""http://twitter.com/download/android"" rel=""nofollow"">Twitter for Android</a>",Polska,False,164,511
1.42875E+18,2021-08-20 16:02:12+00:00,BescotBanter,"Fantasy Premier League is back for 2021//22, &amp; so is the BBEFL!

To join the league, simply use the link below, and you'll be added automatically after you've entered the game.

https://t.co/ojIKxrsFGh

@OfficialFPL | #FPL #FantasyPremierLeague","['FPL', 'FantasyPremierLeague']",0,0,0,"<a href=""https://mobile.twitter.com"" rel=""nofollow"">Twitter Web App</a>","Walsall, England",False,3729,89
1.42877E+18,2021-08-20 17:30:34+00:00,atulpagarwal24,Looking to gain insights on Fantasy Premier League. Played for the first time in 2020-21; crossed 2300 point mark. Looking to do better this season. Would follow every FPL account/FPL fan that follows me. #FPL #FPLCommunity,"['FPL', 'FPLCommunity']",0,2,0,"<a href=""http://twitter.com/download/iphone"" rel=""nofollow"">Twitter for iPhone</a>","Mumbai, Maharashtra",False,131,240
1.42899E+18,2021-08-21 08:09:08+00:00,FantasyDream07,"LU vs EVE Dream11 Match Prediction, Premier League, Possible lineup, Fantasy Football Tips, https://t.co/JEWx9lErhQ",,0,0,0,"<a href=""http://publicize.wp.com/"" rel=""nofollow"">Jetpack.com</a>",Delhi,False,224,11
1.42914E+18,2021-08-21 18:07:03+00:00,FcPNE,Fantasy Premier League (FPL) for PNE supporters. Feel free to join. Code: ym6g69 #pne #pnefc,"['pne', 'pnefc']",0,1,0,"<a href=""http://twitter.com/download/iphone"" rel=""nofollow"">Twitter for iPhone</a>",,False,2240,2080
1.42918E+18,2021-08-21 20:29:40+00:00,namasoprop,People need to stop being fucking weird man. Ur making FPL ruin football. Why tf did I see Man Utd and other fans crying over Salahs disallowed goal and celebrating Liverpools clean sheet because of Fantasy Premier League?! wtf man,,0,11,2,"<a href=""http://twitter.com/download/android"" rel=""nofollow"">Twitter for Android</a>",,False,1762,874
1.42942E+18,2021-08-22 12:29:45+00:00,beastgamer0041,My FPL (Fantasy premier league) is going down the drain. With Firmino and @Sanchooo10  not starting :(,,0,0,0,"<a href=""https://mobile.twitter.com"" rel=""nofollow"">Twitter Web App</a>",,False,1,53
1.42945E+18,2021-08-22 14:33:54+00:00,nicstao1,เพิ่งเริ่มเล่น fantasy premier league กูเลือกใครมาเป็นทีมกู ของจริงเล่นกากหมด ทั้งแม็คไกว ทั้งบรูโน่ สัสเอ้ย,,0,0,0,"<a href=""http://twitter.com/download/iphone"" rel=""nofollow"">Twitter for iPhone</a>",Thailand,False,22,73
1.42986E+18,2021-08-23 17:20:23+00:00,_alonekid_,"@Andrewmufc223 @pra21k @OfficialFPL https://t.co/FCr5WFFJNG

Please join my fantasy premier league group",,0,0,0,"<a href=""http://twitter.com/download/android"" rel=""nofollow"">Twitter for Android</a>",someone's heart,False,773,756
1.42992E+18,2021-08-23 21:48:54+00:00,xx_toniaa,@__thetega There’s a fantasy premier league ☹️ weird name,,0,0,0,"<a href=""http://twitter.com/download/iphone"" rel=""nofollow"">Twitter for iPhone</a>",Port Harcourt,False,1149,678
1.42993E+18,2021-08-23 22:16:52+00:00,artypc94,"How on earth is my mum top 55,000 on fantasy football, her first season doing it and she still thinks Wigan are in the Premier League #FPL",['FPL'],0,1,1,"<a href=""http://twitter.com/download/iphone"" rel=""nofollow"">Twitter for iPhone</a>",Winchester,False,139,585
1.43089E+18,2021-08-26 13:49:05+00:00,stayvexxed187,@Ulavcke_ ام مع عشان بلعب fantasy premier league 😂😂😂,,0,0,0,"<a href=""http://twitter.com/download/iphone"" rel=""nofollow"">Twitter for iPhone</a>",,False,26,474
1.43092E+18,2021-08-26 15:48:40+00:00,NeverAFoul,"🚨 FANTASY FOOTBALL PODCAST LIVE! 

The @FPLNeverAFoul panel @TyroneMc__ and host @swightman77 discuss everything for #FPL this week. 

#Gameweek3 captains and transfers for your Premier League weekend. 

🎥 📍 Watch Now - https://t.co/QG8E893cC4 

#fantasyfootball https://t.co/AUCNS0Ccul","['FPL', 'Gameweek3', 'fantasyfootball']",1,3,0,"<a href=""http://twitter.com/download/iphone"" rel=""nofollow"">Twitter for iPhone</a>",United Kingdom,False,4313,1004
1.43119E+18,2021-08-27 09:22:42+00:00,gautamkapoor54,"MCI vs ARS Dream11 Team Prediction, Manchester City vs Arsenal Premier League 2021/22 Fantasy Football Tips, Playing 11, Betting Odds, Prediction #arsenal #mancity #dream11 #ronaldo #dream11team #artetaout https://t.co/wIA7LrwcUJ","['arsenal', 'mancity', 'dream11', 'ronaldo', 'dream11team', 'artetaout']",0,0,0,"<a href=""http://publicize.wp.com/"" rel=""nofollow"">Jetpack.com</a>","New Delhi, India",False,309,123
1.43125E+18,2021-08-27 13:58:04+00:00,kwadwoantwi9602,@SilverfmGH please I need your fantasy premier league code,,0,0,0,"<a href=""http://twitter.com/download/android"" rel=""nofollow"">Twitter for Android</a>","Kumasi, Ghana",False,38,105
1.43128E+18,2021-08-27 15:54:58+00:00,banggahanif13,Iyak sudah dipastikan pemain fantasy premier league salah satu stiker nya pasti ini orang.,,0,0,1,"<a href=""http://twitter.com/download/iphone"" rel=""nofollow"">Twitter for iPhone</a>",Indonesia,False,271,171
1.43138E+18,2021-08-27 22:33:52+00:00,SimplementeIvra,"La cuenta de la FA Cup, la cuenta de Premier League, la cuenta de la Carabao Cup, la cuenta de English Football League, hasta la cuenta oficial del Fantasy ha publicado acerca del regreso del BATIPIBE dándole la bienvenida. 

La grandeza de este tipo no tiene comparación con nada",,1,15,1,"<a href=""http://twitter.com/download/android"" rel=""nofollow"">Twitter for Android</a>",Nicaragua,False,944,340
1.43154E+18,2021-08-28 09:00:01+00:00,FotMob,"🏴󠁧󠁢󠁥󠁮󠁧󠁿⏰ Got your Fantasy team sorted? There's one hour until the deadline for Gameweek 3. 

🤳 And remember, you can check how your players are performing using @FotMob. 

🤔 How? Check any Premier League game, swipe to the Line-ups tab and click the big Fantasy button! https://t.co/BbmCCHT0tG",,1,18,1,"<a href=""https://mobile.twitter.com"" rel=""nofollow"">Twitter Web App</a>","Bergen, Norway",False,120699,1506
1.43158E+18,2021-08-28 11:45:28+00:00,AlroeyaS,"😮 بيب غوارديولا يختار نفس التشكيل الأساسي في مباراتين للمرة الأولى منذ الجولة الثامنة في الدوري الإنجليزي لعام 2017.

(Fantasy Premier League)🗞️ https://t.co/wWg239lLv0",,0,15,1,"<a href=""https://www.hootsuite.com"" rel=""nofollow"">Hootsuite Inc.</a>","Dubai, United Arab Emirates",True,89998,3
1.432E+18,2021-08-29 15:24:04+00:00,_SportsNetwork,"Cristiano Ronaldo in Fantasy Premier League: Price, position and how many points the Man Utd star could get https://t.co/acbZ8a4rvc https://t.co/K1bCdXUEf0",,0,0,0,"<a href=""https://dlvrit.com/"" rel=""nofollow"">dlvr.it</a>",,False,147,35
1.43207E+18,2021-08-29 20:02:40+00:00,RedDevilLatino,"En esta edición del podcast nos vamos a reunir para hablar de:

• El partido vs Wolves.

• El regreso de Cristiano Ronaldo al Manchester United.

• Los sorteos de Champions y Carabao Cup.

• La jornada de la Premier League.

• La liga del Fantasy de Red Devils Latinoamérica.",,0,5,1,"<a href=""http://twitter.com/download/android"" rel=""nofollow"">Twitter for Android</a>",Latinoamerica,False,6428,3019
1.43263E+18,2021-08-31 09:04:26+00:00,Reemosabee,fantasy premier league,,0,0,0,"<a href=""http://twitter.com/download/android"" rel=""nofollow"">Twitter for Android</a>",Jakarta Capital Region,False,909,167
1.43268E+18,2021-08-31 12:23:49+00:00,ManUtd_PL,Poznaliśmy cenę Cristiano Ronaldo w Fantasy Premier League https://t.co/NB140KJCXr #manutd #mufc https://t.co/FDSYoGEt8s,"['manutd', 'mufc']",0,1,0,"<a href=""https://www.manutd.pl/"" rel=""nofollow"">ManUtd_PL</a>",Polska,False,3841,390
1.43273E+18,2021-08-31 15:56:08+00:00,SPORTSCIRCUSINT,Cristiano Ronaldo Fantasy Premier League price: How much does new Manchester United signing cost and what position will he be? https://t.co/Am8fLbySl9 https://t.co/8VMwHlMNKU,,0,0,0,"<a href=""https://dlvrit.com/"" rel=""nofollow"">dlvr.it</a>",Germany / Great Britain,False,1452,2372
1.43278E+18,2021-08-31 18:57:55+00:00,FPL_Advice2,"New video for anyone interested in some amazing GW4 input for captaincy picks, transfers, wildcard, and more!

#FPLCommunity #FPL

FPL GW4 | Interview: Everton supporter Michael Sheetz | Fantasy Premier ... https://t.co/4nPBK4DeyW via @YouTube","['FPLCommunity', 'FPL']",0,2,0,"<a href=""http://twitter.com/download/iphone"" rel=""nofollow"">Twitter for iPhone</a>",,False,895,882
1.43278E+18,2021-08-31 18:59:14+00:00,MichaelCR777,"Official; Cristiano is the most expensive player in the Fantasy Premier League
_But i could sell my whole squad to get him. 
Whether injured or not he will alwys be in my starting squad🔥🔥🔥🐐🐐🐐 https://t.co/QLX1xWHjdJ",,2,5,0,"<a href=""http://twitter.com/download/android"" rel=""nofollow"">Twitter for Android</a>","Uganda, Kampala, najjanankumbi",False,450,1502
1.43345E+18,2021-09-02 15:18:44+00:00,4corefat,Fantasy Premier League (FPL) 21/22 NTH Compass Show | GW4 | @BigManBakar Interview | Q&amp;A: https://t.co/GI46kg1PVL,,0,0,0,"<a href=""https://app.contentgorilla.co"" rel=""nofollow"">CG 2.0</a>",,False,109,585
1.43519E+18,2021-09-07 10:46:25+00:00,That_Stat_,"Fancy winning a free £20 Amazon voucher? 💳 🆓

To be in with a chance to win, join this years ThatStat Community Fantasy Premier League below 👇

https://t.co/qp1wXjxhcR

#FPL #PremierLeague #Competition #FantasyFootball #win #football https://t.co/tAaNULm0YD","['FPL', 'PremierLeague', 'Competition', 'FantasyFootball', 'win', 'football']",1,1,0,"<a href=""https://app.socialpilot.co/"" rel=""nofollow"">SocialPilot.co</a>",United Kingdom,False,14466,8106
1.4352E+18,2021-09-07 11:00:09+00:00,PilotFlame226,"FPL: GAMEWEEK 4 PREVIEW | WE'VE GOT A PROBLEM... | LIVE STREAM | FANTASY PREMIER LEAGUE TIPS 2021/22

#FPL #FantasyPremierLeague #GW4 #EPL #PremierLeague #FPLCommunity #GlazersOut

PREMIERING NOW 👉 https://t.co/TM29rlUjdx https://t.co/lgxOWsHctq","['FPL', 'FantasyPremierLeague', 'GW4', 'EPL', 'PremierLeague', 'FPLCommunity', 'GlazersOut']",0,1,0,"<a href=""https://twittimer.com"" rel=""nofollow"">Twittimer</a>",,False,280,296
1.43559E+18,2021-09-08 12:57:31+00:00,LordHeyTR,@GoalTurkiye Fantasypremier League kadromdaki 4 oyuncu oynayamayacak yani :D,,0,1,0,"<a href=""http://twitter.com/download/android"" rel=""nofollow"">Twitter for Android</a>",,False,33,689
1.43596E+18,2021-09-09 13:31:29+00:00,_RedDevilMUFC_,Cristiano Ronaldo has been transferred in by more than one million Fantasy Premier League managers ahead of GW4. [@TheAthleticUK] #mufc,['mufc'],0,5,0,"<a href=""http://twitter.com/download/android"" rel=""nofollow"">Twitter for Android</a>",,False,11800,95
1.43602E+18,2021-09-09 17:50:59+00:00,pig_fpl,"FPL stands for Fantasy Premier League. 

#FPL #FPLCommunity","['FPL', 'FPLCommunity']",7,283,49,"<a href=""http://twitter.com/download/iphone"" rel=""nofollow"">Twitter for iPhone</a>",,False,33393,306
1.43667E+18,2021-09-11 12:49:16+00:00,illythehost,Fantasy Premier League Refs,,0,1,1,"<a href=""http://twitter.com/download/iphone"" rel=""nofollow"">Twitter for iPhone</a>", Africa,False,8504,6358
1.43671E+18,2021-09-11 14:58:42+00:00,FPLGrinch,"There’s not many better feelings in Fantasy Premier League than your Captain scoring, and said Captain just happens to be the greatest of all time. #FPL",['FPL'],0,4,0,"<a href=""http://twitter.com/download/iphone"" rel=""nofollow"">Twitter for iPhone</a>",,False,2467,2605
1.43677E+18,2021-09-11 19:17:12+00:00,PajtimGosami,"@CalElcombe @fesshole Hmmm… if it’s the Official Fantasy Premier League this isn’t possibly true as the deadline was 11am… also, why would he need to secretly escape just shopping?? Fair enough sat at the dinner table with the in-laws but out shopping?! Just get your phone out and do it! 😂👍🏼",,0,1,0,"<a href=""http://twitter.com/download/iphone"" rel=""nofollow"">Twitter for iPhone</a>",Bucks/London,False,682,1040
1.43679E+18,2021-09-11 20:31:23+00:00,ManUtdInPidgin,"Cristiano Ronaldo and Romelu Lukaku dey carry my @MuipFPL Team. 💪🏾 💯 

The Registration for MUIP FPL bin close last night. 🔐 

Over 1,600 players dey compete. Na officially the Largest Paid Fantasy Premier League in Nigerian history! 🇳🇬 🚀 

#YouBeChampion https://t.co/mNvcaIX52S",['YouBeChampion'],4,24,1,"<a href=""https://www.hootsuite.com"" rel=""nofollow"">Hootsuite Inc.</a>","Lagos, Nigeria",False,132603,87
1.43713E+18,2021-09-12 18:59:11+00:00,JarekPiszczek2,Macie w Fantasy Premier League Jesusa Imaza?,,0,0,0,"<a href=""https://mobile.twitter.com"" rel=""nofollow"">Twitter Web App</a>",Kraków,False,604,862
1.43713E+18,2021-09-12 19:01:35+00:00,niihybrid,@MawukoDoe Mawokoe please can I get the fantasy premier league codes,,0,0,0,"<a href=""http://twitter.com/download/android"" rel=""nofollow"">Twitter for Android</a>","Kingston, Jamaica",False,890,2615
1.43768E+18,2021-09-14 07:23:02+00:00,totalhendo,@goat_gea @cfcnick123 Fantasy Premier League,,0,1,1,"<a href=""http://twitter.com/download/iphone"" rel=""nofollow"">Twitter for iPhone</a>","Liverpool, England",False,1195,1260
1.43784E+18,2021-09-14 17:47:20+00:00,FPL_Ryan10,"RATING YOUR FPL WILDCARD TEAMS for GAMEWEEK 5! | FANTASY PREMIER LEAGUE! https://t.co/J3LP39yHaR

#FPL #FPLCommunity https://t.co/915IC0ckEz","['FPL', 'FPLCommunity']",0,5,1,"<a href=""https://mobile.twitter.com"" rel=""nofollow"">Twitter Web App</a>",,False,89,48
1.43789E+18,2021-09-14 21:41:23+00:00,ShantaBlind,"want to look at my Fantasy Premier League team for a short while longer. Now I know why parents watch their babies sleep. Unbelievable pride that I have produced something so marvellous. Marcal, for example. I had the vision",,1,5,2,"<a href=""http://twitter.com/#!/download/ipad"" rel=""nofollow"">Twitter for iPad</a>",,False,1823,571
1.4385E+18,2021-09-16 13:30:07+00:00,scope_gg,"🔥 1 HOUR BEFORE THE FIRST GAME AT BLAST PREMIER FALL GROUPS 2021 🔥

66 teams are going to compete in https://t.co/j9S5ET7ZmX Fantasy League at https://t.co/6YzBEf3tO8 👍

Join the league &amp; get the chance to win cool prizes from https://t.co/j9S5ET7ZmX — https://t.co/FOoK7bx5V3 https://t.co/4RcvCzy2tK",,0,4,1,"<a href=""https://amplifr.com"" rel=""nofollow"">Amplifr</a>",,False,3674,1058
1.43852E+18,2021-09-16 15:05:55+00:00,IndyFootball,Fantasy Premier League tips for gameweek 5 https://t.co/6HvqoHkV52,,0,1,0,"<a href=""https://www.echobox.com"" rel=""nofollow"">Echobox</a>",United Kingdom,True,97667,101
1.43855E+18,2021-09-16 16:55:15+00:00,Fantasypaedia,"Looking for a differential???🤔
Here are 4 options you should consider 👍 

Check out our piece with Premier Fantasy Tools 😎

#FPL #FPLCommunity #GW5","['FPL', 'FPLCommunity', 'GW5']",1,3,0,"<a href=""https://mobile.twitter.com"" rel=""nofollow"">Twitter Web App</a>",India,False,16077,720
1.43885E+18,2021-09-17 13:00:00+00:00,NBCSportsEdge,".@ChuckBoothSport muses about sample sizes before going through his top Fantasy Premier League picks for this week headlined by Trent Alexander-Arnold.

Read here: https://t.co/AsKL0uIWNl https://t.co/O2LJdl2NsP",,1,4,0,"<a href=""https://studio.twitter.com"" rel=""nofollow"">Twitter Media Studio</a>","Stamford, CT",True,55099,429
1.43892E+18,2021-09-17 17:34:02+00:00,oneandonlypoet,My team for Gameweek 5 of Fantasy Premier League. My wildcard last week gave me a great boost from over 2 mill into the top 700 000. 2 trades this time: Raphinha &amp; Pukki in for Antonio and Gilmour. #fpl #gw5 #fantasypremierleague https://t.co/ZGJBXx8kxz,"['fpl', 'gw5', 'fantasypremierleague']",0,1,0,"<a href=""http://twitter.com/download/iphone"" rel=""nofollow"">Twitter for iPhone</a>","Oslo, Norway",False,2553,3063
1.43917E+18,2021-09-18 10:16:26+00:00,LevanteOscar,"Ladies 
If your man doesn't participate in fantasy premier league....just know you are dating your fellow woman 😂😂",,0,2,0,"<a href=""http://twitter.com/download/android"" rel=""nofollow"">Twitter for Android</a>",Nairobi,False,3040,1614
1.43952E+18,2021-09-19 09:12:17+00:00,Olubaba_,"Play Fantasy Premier League and join my mini-league
League Code: tr8cm7 https://t.co/WLswO19GW4",,0,0,0,"<a href=""http://twitter.com/download/iphone"" rel=""nofollow"">Twitter for iPhone</a>",Wonderland 🪐,False,5635,4865
1.43971E+18,2021-09-19 21:47:13+00:00,kerri,"Woot! Cracked the top 100,000 with my fantasy Premier League team this week (81,390 to be exact). Hope I can keep it going! #FPL #FPLCommunity https://t.co/zoG6MhF8a4","['FPL', 'FPLCommunity']",0,3,0,"<a href=""http://twitter.com/#!/download/ipad"" rel=""nofollow"">Twitter for iPad</a>","Ottawa, ON",False,420,363
1.44077E+18,2021-09-22 19:52:00+00:00,GameweekHQ,"As Dyson's Fantasy Premier League season lurches from one calamity to another, Prior is beginning to believe his own hype. Is he now #FPL 'elite'?!
There's Man United player hoarding, bonus point pigs, meeting folks named Dennis &amp; much more!
It's GAMEWEEK!
https://t.co/rZu8OwdiXB",['FPL'],0,5,3,"<a href=""https://mobile.twitter.com"" rel=""nofollow"">Twitter Web App</a>","England, United Kingdom",False,2017,3388
1.44107E+18,2021-09-23 15:45:35+00:00,KJonsey_89,@FlexerentTalent @jillboonehi Never chase Fantasy Premier League points Jones.K (2021) is a belter too,,0,1,1,"<a href=""http://twitter.com/download/iphone"" rel=""nofollow"">Twitter for iPhone</a>","Preston, England",False,360,1521
1.44145E+18,2021-09-24 17:14:46+00:00,gautamkapoor54,"BRE vs LIV Dream11 Team Prediction, Brentford vs Liverpool Premier League Fantasy Football Tips, Playing 11, Betting Odds, Prediction https://t.co/cJQekPQHol",,0,0,1,"<a href=""http://publicize.wp.com/"" rel=""nofollow"">Jetpack.com</a>","New Delhi, India",False,309,123
1.44146E+18,2021-09-24 18:02:08+00:00,PoppySmoria,you're not real if you don't have a premier league Fantasy WhatsApp gc with your friends,,0,0,0,"<a href=""http://twitter.com/download/android"" rel=""nofollow"">Twitter for Android</a>",,False,521,362
1.44164E+18,2021-09-25 05:32:27+00:00,Vision11ofc,"Winner Announcement of Giveaway hosted on September 24📢
Tabiyad Kumar from Gujarat won Samsung Galaxy M21🤯📱
He was the participant in the RCB vs CSK fantasy match🏏
Do you want to win such goodies🤔
Download Vision 11 today and play the ongoing Fantasy Premier league💯💸 https://t.co/pRV63GktGq",,0,0,0,"<a href=""https://www.hootsuite.com"" rel=""nofollow"">Hootsuite Inc.</a>",,False,6169,19
1.44176E+18,2021-09-25 13:46:26+00:00,Thatsahumanper3,@Icon_nr Guess who my fantasy premier league captain is 🤦‍♂️😭,,0,1,1,"<a href=""https://mobile.twitter.com"" rel=""nofollow"">Twitter Web App</a>","Woodchurch, England",False,904,2367
1.44177E+18,2021-09-25 14:15:44+00:00,OlayinkaThrones,Lol my my premier league fantasy is not fancy at all #FPL 🤕🤕,['FPL'],0,0,0,"<a href=""http://twitter.com/download/android"" rel=""nofollow"">Twitter for Android</a>",In Christ ,False,7194,6086
1.44177E+18,2021-09-25 14:23:11+00:00,NaughtyWrita,"What a week it will be for me on Fantasy Premier League. I spent days, hours, mins, secs, analyzing and running an appraisal on my team. Just to get a Zero for my captain....

Omoh! If your heart no strong no put body for FPL ooo.

Greenwood | Sack ole | Penalty | Pogba
#OleOut https://t.co/Amr0xBohCb",['OleOut'],0,5,0,"<a href=""http://twitter.com/download/android"" rel=""nofollow"">Twitter for Android</a>",Cross River ,False,1290,1260
1.44198E+18,2021-09-26 04:34:56+00:00,jeguru1,"BG vs PR Dream11 Prediction, Fantasy Cricket Tips, Dream11 Team, Playing XI, Pitch Report, Injury Update- Everest Premier League T20 https://t.co/DKvltQyH6m",,0,0,0,"<a href=""http://publicize.wp.com/"" rel=""nofollow"">Jetpack.com</a>",,False,448,447
1.44202E+18,2021-09-26 07:15:12+00:00,Vision11ofc,Winner Announcement of Giveaway hosted on September 25📢 Vicky Prasad from Bihar won VW 32 Inches LED Smart TV🤯📱 He was the participant in the SRH vs PK fantasy match🏏 Do you want to win such goodies🤔 Download Vision 11 today and play the ongoing Fantasy Premier league💯 💸 https://t.co/2S5Xlphd6W,,0,0,0,"<a href=""http://twitter.com/download/android"" rel=""nofollow"">Twitter for Android</a>",,False,6169,19
1.44218E+18,2021-09-26 17:36:03+00:00,CoolerData,How to Build A Fantasy Premier League Team with Data Science https://t.co/ZeSusckpEH #GetMoreInsights #CoolerData #Data #Python #IoT #Technology #Business #MachineLearning https://t.co/1cUpmRpNi8,"['GetMoreInsights', 'CoolerData', 'Data', 'Python', 'IoT', 'Technology', 'Business', 'MachineLearning']",6,0,0,"<a href=""https://dlvrit.com/"" rel=""nofollow"">dlvr.it</a>",,False,412,71
1.4426E+18,2021-09-27 21:07:32+00:00,ricardoglez___,Mi peor semana en el Fantasy de la Premier League en mucho tiempo 😤,,0,1,0,"<a href=""http://twitter.com/download/iphone"" rel=""nofollow"">Twitter for iPhone</a>",C.U.,False,237,232
1.44273E+18,2021-09-28 05:45:01+00:00,11Mintal,"【Fantasy Premier League】
今季はロナウドじゃなくてブルーノがPK蹴り続けるのか！？
ワイルドカードでロナウドに挿げ替えちゃったよ……",,0,0,0,"<a href=""http://twitter.com/download/iphone"" rel=""nofollow"">Twitter for iPhone</a>",,False,69,476
1.44287E+18,2021-09-28 14:59:51+00:00,thatonef1fan_,"What is your overall rank in Fantasy Premier League? Mine is 1,163,664",,0,0,1,"<a href=""http://twitter.com/download/android"" rel=""nofollow"">Twitter for Android</a>",18,False,450,405
1.44386E+18,2021-10-01 08:39:15+00:00,alexpartridge87,Need you all to know that I’m in the fantasy premier league elite and therefore a certified football expert https://t.co/SruyLxVqY1,,0,1,0,"<a href=""https://onloft.com/tweetlogix"" rel=""nofollow"">Tweetlogix</a>",Millbank,False,3746,1352
1.4442E+18,2021-10-02 07:04:28+00:00,kibowenabel,"This Sunday #premier league action⚽⚽⚽ 
@Liverpool vs @Manchester City
#LFC
#ManchesterCity 
#fantasy 
#Anfield awaits 

Who will win this one","['premier', 'LFC', 'ManchesterCity', 'fantasy', 'Anfield']",4,1,0,"<a href=""https://mobile.twitter.com"" rel=""nofollow"">Twitter Web App</a>",Kenya,False,127,452
1.44432E+18,2021-10-02 14:56:10+00:00,RocgailD,"I’m quitting this fantasy premier league, it’s breaking my heart https://t.co/nHqBO8bL5f",,0,1,0,"<a href=""http://twitter.com/download/iphone"" rel=""nofollow"">Twitter for iPhone</a>",Arcadia ,False,10022,5996
1.44432E+18,2021-10-02 15:18:40+00:00,DegbenroH,"@Beckammy1 We love you too. ♥️

There's a particular one. FPL Fantasy Premier League abi kini Kan .",,0,1,1,"<a href=""http://twitter.com/download/android"" rel=""nofollow"">Twitter for Android</a>","England, United Kingdom 🇬🇧",False,5227,2751
1.44482E+18,2021-10-04 00:22:53+00:00,FplKage,Hectic 😧😧😧. Fantasy football hub have just had a cyber attack and now I can't log in to the premier league website even after resetting my password 😂😂😂. Let's Just scrap this whole season and start all over again,,0,0,1,"<a href=""http://twitter.com/download/android"" rel=""nofollow"">Twitter for Android</a>","Pretoria, South Africa",False,636,821
1.44532E+18,2021-10-05 09:31:09+00:00,That_Stat_,"Fancy winning a free £20 Amazon voucher? 💳 🆓

To be in with a chance to win, join this years ThatStat Community Fantasy Premier League below 👇

https://t.co/qp1wXjxhcR

#FPL #PremierLeague #Competition #FantasyFootball #win #football https://t.co/a7PLWkAvhA","['FPL', 'PremierLeague', 'Competition', 'FantasyFootball', 'win', 'football']",2,1,1,"<a href=""https://app.socialpilot.co/"" rel=""nofollow"">SocialPilot.co</a>",United Kingdom,False,14466,8106
1.44571E+18,2021-10-06 11:38:04+00:00,FplPortugal,"Na última 2a feira tive o privilégio de ser convidado pelo grande @arsenalistafc para falar da nossa paixão pela FPL juntamente com o @mspadari. Se não puderam assistir, força!

Fantasy Premier League #9: FPL Portugal e Matheus Spadari https://t.co/M3vAgHY2cE via @YouTube",,3,8,2,"<a href=""http://twitter.com/download/iphone"" rel=""nofollow"">Twitter for iPhone</a>",Portugal,False,610,442
1.4462E+18,2021-10-07 19:52:57+00:00,bf_crane,"Very funny that the Premier League is now a Saudi fantasy league. I can’t really judge, American sports is basically like if the emperor demanded the citizens build the Coliseum and then moved all the gladiators to Constantinople.",,2,21,0,"<a href=""http://twitter.com/download/iphone"" rel=""nofollow"">Twitter for iPhone</a>",,False,14053,154
1.44759E+18,2021-10-11 15:50:43+00:00,NabyOrNot2Be,fantasy premier league knows that klopp is the better manager,,0,1,0,"<a href=""http://twitter.com/download/iphone"" rel=""nofollow"">Twitter for iPhone</a>",stoners shed,False,1280,3181
1.4482E+18,2021-10-13 08:15:10+00:00,FPLMattDay,FPL GAME WEEK 8 | PREVIEW SHOW | Fantasy Premier League | FPL Tips 2021/22 https://t.co/ZMgB7RS8Hv,,0,8,2,"<a href=""https://periscope.tv"" rel=""nofollow"">Periscope</a>","Melbourne, Victoria",False,1776,979
1.44855E+18,2021-10-14 07:22:48+00:00,banglagooner,"Fantasy Premier League is back. Catch the Gameweek Eight Preview...

https://t.co/ycks7u1UVC   #FPL #FantasyPL","['FPL', 'FantasyPL']",1,0,0,"<a href=""https://mobile.twitter.com"" rel=""nofollow"">Twitter Web App</a>",United Kingdom,False,407,400
1.44857E+18,2021-10-14 08:43:10+00:00,SPORTSCIRCUSINT,"Fantasy Premier League tips gameweek 8: Son Heung-min, Adam Armstrong, Joao Cancelo and more https://t.co/ttvcsbIew9 https://t.co/NrOe5MHzIK",,0,0,0,"<a href=""https://dlvrit.com/"" rel=""nofollow"">dlvr.it</a>",Germany / Great Britain,False,1452,2372
1.44928E+18,2021-10-16 07:50:03+00:00,WelBeast,"Now that the league is back, here's another chance to win £10000 on Fantasy 5 on premier league game week 8 by picking 5 players to beat their point targets.

Join me and have a go. It's completely free &gt;&gt; https://t.co/Jv4ewJH6WD https://t.co/rbxcofOIZs",,8,91,3,"<a href=""http://twitter.com/download/android"" rel=""nofollow"">Twitter for Android</a>",DM for Business inquiries ,False,288894,298
1.44934E+18,2021-10-16 11:24:24+00:00,_KenJ2,When you forget to update your fantasy premier league and you had free transfers 😑 https://t.co/bamAKTJmRA,,0,1,0,"<a href=""http://twitter.com/download/android"" rel=""nofollow"">Twitter for Android</a>",Kenya,False,1068,1757
1.44979E+18,2021-10-17 17:47:54+00:00,CFC_JakeC,"@CFCMM19 @juliarealm Well evidently if he’s in fantasy premier league, Ex player tho",,0,0,1,"<a href=""http://twitter.com/download/iphone"" rel=""nofollow"">Twitter for iPhone</a>",UCL Champions 20/21 hth,False,3184,1210
1.45004E+18,2021-10-18 10:02:03+00:00,Timmo44,@Setters83 @BBCSport According to the Premier League website he's a forward and according to Fantasy Premier League on the same website he's a midfielder - even they can't make up their mind.,,0,2,2,"<a href=""https://mobile.twitter.com"" rel=""nofollow"">Twitter Web App</a>",Catford,False,114,571
1.45015E+18,2021-10-18 17:11:43+00:00,FedjoniMiguel,"Premier league fantasy
Nba fantasy
Sou o fantasias agora",,0,1,0,"<a href=""http://twitter.com/download/android"" rel=""nofollow"">Twitter for Android</a>","Sintra, Portugal",False,3395,762
1.45038E+18,2021-10-19 08:31:49+00:00,Retro_FPL,"When the Premier League launched their website in 2002, there was a need to match this launch with a high-quality fantasy game.

#FPL was born. https://t.co/GMFaDbfV6V",['FPL'],0,1,1,"<a href=""https://mobile.twitter.com"" rel=""nofollow"">Twitter Web App</a>",,False,11,49
1.45042E+18,2021-10-19 11:00:08+00:00,PilotFlame226,"FPL: GAMEWEEK 9 PREVIEW | MAN UTD FREEFALL! | LIVE STREAM VOD | FANTASY PREMIER LEAGUE TIPS 2021/22

#FPL #FantasyPremierLeague #GW9 #EPL #PremierLeague #FPLCommunity #GlazersOut

PREMIERING NOW 👉 https://t.co/ZQfx6ZbAfh https://t.co/15AYosz6Sm","['FPL', 'FantasyPremierLeague', 'GW9', 'EPL', 'PremierLeague', 'FPLCommunity', 'GlazersOut']",0,0,0,"<a href=""https://twittimer.com"" rel=""nofollow"">Twittimer</a>",,False,280,296
1.45048E+18,2021-10-19 15:12:29+00:00,PlayFTC,"Team of the Week - Fantasy Teams Challenge GW08, for both Premier League and Championship.
Tag them and when will we see you in the squad? 😃

#FTC #TotW #GW08 https://t.co/OK1vAEimwH","['FTC', 'TotW', 'GW08']",0,3,0,"<a href=""http://twitter.com/download/android"" rel=""nofollow"">Twitter for Android</a>",Algeria,False,19,21
1.45079E+18,2021-10-20 11:55:13+00:00,FanTeamOfficial,"👹 | Our Gameweek 9️⃣ Fantasy Premier League 𝗪𝗲𝗲𝗸𝗹𝘆 𝗠𝗼𝗻𝘀𝘁𝗲𝗿 is OPEN!

🏟 8 PL fixtures
💰 95M budget
👕 Pick 11 players only
⏰ 3pmBST kick off
🎁 €12.5K &amp; €50K prize pools

Our Monster excludes both the Friday &amp; 12:30pm Saturday game.

🔜 https://t.co/m6gaUsWnKd https://t.co/TJ3MZHOHgJ",,2,10,0,"<a href=""http://twitter.com/download/iphone"" rel=""nofollow"">Twitter for iPhone</a>",strictly 18+ only,False,14544,179
1.45094E+18,2021-10-20 21:50:31+00:00,H__Alseaty,@kaihavertz29 I bought you for the next round Fantasy Premier League I hope to catch you 🤣,,0,1,0,"<a href=""http://twitter.com/download/android"" rel=""nofollow"">Twitter for Android</a>",Libya,False,21,477
1.45095E+18,2021-10-20 22:33:43+00:00,StarlyChili,"@andrededesk Tem o Fantasy com o simbolo do passarinho no fundo roxo.

Lá tem liga do Br,Premier,La Liga,Bundesliga,Serie A da Italia,Libertadores,Champions,Europa League no mata mata",,0,0,0,"<a href=""http://twitter.com/download/android"" rel=""nofollow"">Twitter for Android</a>",Aᴅᴍ/Dᴏɴᴀ || @argentinaopre  • ,False,2395,4671
1.45149E+18,2021-10-22 10:07:03+00:00,CAdabag,Fantasy Premier League tips: The 5 best captain picks for Gameweek 9 – from Havertz to Salah https://t.co/wrLMosMi67,,0,0,0,"<a href=""http://publicize.wp.com/"" rel=""nofollow"">Jetpack.com</a>",New York,False,101,68
1.45189E+18,2021-10-23 12:54:10+00:00,jonathan_wrong,@nacaoblue_ So no Fantasy premier league. Na tabela de verdade não conta,,0,0,0,"<a href=""http://twitter.com/download/iphone"" rel=""nofollow"">Twitter for iPhone</a>",Ireland,False,474,728
1.45191E+18,2021-10-23 13:40:08+00:00,JorgeAHenriques,"Fantasy Premier League
RealFevr
How many goals would Lukaku score today (against Norwich) if he was fit?",,0,1,1,"<a href=""https://mobile.twitter.com"" rel=""nofollow"">Twitter Web App</a>","Aveiro, Portugal",False,1053,937
1.4522E+18,2021-10-24 08:58:25+00:00,thebookofyuksel,Dinleyecek 3 kişi çıkarsa Fantasy Premier League podcasti yapmaya başlayacağım. Adı da Camelot Trolls olacak.,,0,0,0,"<a href=""http://twitter.com/download/android"" rel=""nofollow"">Twitter for Android</a>",Isparta/Ankara,False,601,491
1.45233E+18,2021-10-24 17:30:49+00:00,Private_Hustler,"A score line to echo down the ages in the history of English Premier League football. Liverpool fantasy, Manchester United utter humiliation. Sosjkear will have to choose another team next week if he’s still the one to choose.",,0,1,0,"<a href=""http://twitter.com/download/iphone"" rel=""nofollow"">Twitter for iPhone</a>","Lyantonde, Uganda",False,3690,3320
1.45247E+18,2021-10-25 03:00:54+00:00,Fan_Fut_Cuba,"Disponible el nuevo episodio del podcast.
Título: ESPECIAL, Resumen de las primeras 9 fechas de la Premier League.

Invitados:
▶️ @CesarJuly94
▶️ @jarguelles10

Muchas gracias a nuestros invitados 🙏🏼

https://t.co/GxzeTuTpRm

@Fantasy_Futbol_FFC",,6,17,0,"<a href=""http://twitter.com/download/android"" rel=""nofollow"">Twitter for Android</a>",,False,810,1606
1.45259E+18,2021-10-25 10:40:20+00:00,TubeFpl,"Quick reminder to all that Fantasy Premier League is a game. It has no bearing on your life, it’s simply been created to enhance your enjoyment of The Premier League so they can make more money. If you don’t enjoy the game, you don’t have to play it.",,1,11,0,"<a href=""http://twitter.com/download/iphone"" rel=""nofollow"">Twitter for iPhone</a>","London, England",False,728,337
1.45307E+18,2021-10-26 18:52:19+00:00,That_Stat_,"Fancy winning a free £20 Amazon voucher? 💳 🆓

To be in with a chance to win, join this years ThatStat Community Fantasy Premier League below 👇

https://t.co/qp1wXjxhcR

#FPL #PremierLeague #Competition #FantasyFootball #win #football https://t.co/GD4fVOWhjA","['FPL', 'PremierLeague', 'Competition', 'FantasyFootball', 'win', 'football']",1,0,0,"<a href=""https://app.socialpilot.co/"" rel=""nofollow"">SocialPilot.co</a>",United Kingdom,False,14466,8106
1.45421E+18,2021-10-29 22:32:10+00:00,FPLUpdates_Tips,Gameweek 10 Preview: All You Need To Know ⚽ Fantasy Premier League 21/22 https://t.co/dt3Sz8h2yg,,0,11,0,"<a href=""https://mobile.twitter.com"" rel=""nofollow"">Twitter Web App</a>",,False,54246,13880
1.45483E+18,2021-10-31 15:28:55+00:00,andreykranze,@bielvr__ Sabe um fantasy bom da Premier League?,,0,0,1,"<a href=""http://twitter.com/download/android"" rel=""nofollow"">Twitter for Android</a>","Marília, Brasil",False,1179,693
1.45549E+18,2021-11-02 10:52:17+00:00,MrChris_T,Just noticed in this week’s Fantasy Premier League they’ve given me a defeat in the head-to-head despite scoring more points than my opponent. https://t.co/6HHcJBNcdT,,0,0,0,"<a href=""http://twitter.com/#!/download/ipad"" rel=""nofollow"">Twitter for iPad</a>",LEI,False,447,976
1.45583E+18,2021-11-03 09:42:55+00:00,HumbleTractors,"Premier League Fantasy Football League - Round 10 Highlights and achievements ⚽️ 🏅 @bmjc98
#FantasyFootball #BitcoinCash 
$BCH #Conte #Club1BCH 
@premierleague @LFC 
https://t.co/l84RaIz3TO","['FantasyFootball', 'BitcoinCash', 'Conte', 'Club1BCH']",2,8,1,"<a href=""http://twitter.com/download/android"" rel=""nofollow"">Twitter for Android</a>",,False,2052,345
1.45637E+18,2021-11-04 21:13:03+00:00,_fantasyED,"⚽️ NEW Fantasy Football Social EP
🤼 @FPLFamily &amp; @GianniButtice
👏 Premier League Nostalgia Quiz
😬 Chat about MU/TOT fixture swing
👇 Mistakes on the @OfficialFPL show

⬜️ Apple: https://t.co/8LmQ0TpBHE
🟩 Spotify: https://t.co/quDMGp3byU
🟥 YouTube: https://t.co/6kGuRr86HM https://t.co/RNbSKFKN31",,5,16,9,"<a href=""http://twitter.com/download/iphone"" rel=""nofollow"">Twitter for iPhone</a>",,False,6779,978
1.45648E+18,2021-11-05 04:18:43+00:00,Neha88548001,"IPL Fantasy League 2021 Tips and Best fantasy XI for SRH vs RR IPL 2021 Match 40 – September 27th, 2021

Sunrisers Hyderabad will face Rajasthan Royals in the game of the 14th edition of Indian Premier  ..

https://t.co/BP1M60dcwm",,0,0,0,"<a href=""https://mobile.twitter.com"" rel=""nofollow"">Twitter Web App</a>",,False,39,434
1.45734E+18,2021-11-07 13:44:17+00:00,LetsTalk_FPL,"@AVFCOfficial We'd happily welcome Dean to Fantasy Premier League management.

He'd love the fantasy world.",,4,331,2,"<a href=""http://twitter.com/download/android"" rel=""nofollow"">Twitter for Android</a>",,True,252524,1595
1.45737E+18,2021-11-07 15:13:16+00:00,KaiSureshot,Auba is causing great suffering to my fantasy premier league team today with his antics,,0,0,0,"<a href=""http://twitter.com/download/iphone"" rel=""nofollow"">Twitter for iPhone</a>",Oshawa,False,670,3987
1.45806E+18,2021-11-09 13:09:35+00:00,Papaldo0,"Come on guys it's FPL, it's called Fantasy premier league, don't ruin the fantasy by taking it personally. 

Yes, it means a lot, cuz of the time we spend, but it's your choice!! 

Take it light, play for fun, cheer the green arrows, but don't regret the red one's, pure game.",,0,0,0,"<a href=""http://twitter.com/download/android"" rel=""nofollow"">Twitter for Android</a>","Chennai, India",False,70,373
1.4585E+18,2021-11-10 18:34:17+00:00,CraigHill87,NFL Fantasy Football 🏈 is way more fun compared to Premier League Fantay Football ⚽️! It’s next level!,,0,0,0,"<a href=""http://twitter.com/download/iphone"" rel=""nofollow"">Twitter for iPhone</a>",Leominster,False,222,784
1.45917E+18,2021-11-12 14:58:59+00:00,SChamberlainDee,"[Comedians Playing Fantasy Premier League] S1 EP14: Chris McCausland &amp; Vinny Van Der Veet #comediansPlayingFantasyPremierLeague 
https://t.co/bMhCyhO2yR via @PodcastAddict https://t.co/I6IazlNY3h",['comediansPlayingFantasyPremierLeague'],0,0,0,"<a href=""http://twitter.com/download/android"" rel=""nofollow"">Twitter for Android</a>","Minato-ku, Tokyo",False,811,5001
1.45917E+18,2021-11-12 15:00:52+00:00,Quizzmo2,"@AngEspresso @KchampK @MaciejunioYJB To co, awans do championship, wielki hype w środowisku fantasy premier league, a potem 6 goli w sezonie incoming? 😆",,0,0,0,"<a href=""http://twitter.com/download/android"" rel=""nofollow"">Twitter for Android</a>",,False,7,227
1.45924E+18,2021-11-12 19:03:30+00:00,Torrnando,@GuysOnGaffr @GAFFR_io @EFL_Fantasy Who are the best 5 premier league players to have? With no Halland until next year who is the best 3rd striker behind lewandowski and benzema?,,0,2,0,"<a href=""http://twitter.com/download/android"" rel=""nofollow"">Twitter for Android</a>","Burton upon Trent, England",False,688,3072
1.45951E+18,2021-11-13 13:03:10+00:00,FPL_Fly,What a coincidence. I’ve just signed a book deal for my new offering called “How I won Fantasy Premier League 10 years in a Row”.,,1,7,0,"<a href=""http://twitter.com/download/iphone"" rel=""nofollow"">Twitter for iPhone</a>",Christmas Island,False,28174,1010
1.4602E+18,2021-11-15 10:54:52+00:00,MugsNfl,"@JackHumphreyKM @fantasy_nfluk Looking back now with hindsight, in the summer after all the dynasty leagues I joined paid with him, he was practically begging me to join in several other things, Euro 2020, FPL premier league but I declined. 

Also a little more sinister is on Sleeper I asked him twice......",,0,5,1,"<a href=""https://mobile.twitter.com"" rel=""nofollow"">Twitter Web App</a>","Manchester, England",False,5161,5460
1.46028E+18,2021-11-15 16:05:52+00:00,FPLZayy,"The 4 Best Budget Midfielders for #FPL Game Week 12 and upcoming fixtures. Shared my analysis on the most potential ones. Link to the video: 

FPL GW12 : BUDGET MIDFIELDERS!! | Fantasy Premier League Tips 2021/22 https://t.co/uFnhcBZcd3 
#FPLCommunity","['FPL', 'FPLCommunity']",0,2,0,"<a href=""http://twitter.com/download/iphone"" rel=""nofollow"">Twitter for iPhone</a>","Karachi, Pakistan",False,2725,2343
1.4604E+18,2021-11-15 23:55:44+00:00,PilotFlame226,"WE ARE LIVE FOR OUR #FPL #GW12 PREVIEW!

FPL: GAMEWEEK 12 PREVIEW | THE CALM BEFORE THE STORM | LIVE STREAM | FANTASY PREMIER LEAGUE TIPS 2021/22

#FPL #FantasyPremierLeague #GW12 #EPL #PremierLeague #FPLCommunity #GlazersOut

CATCH US HERE 👉 https://t.co/M0g6IVljKT https://t.co/BfVy4bpGPg","['FPL', 'GW12', 'FPL', 'FantasyPremierLeague', 'GW12', 'EPL', 'PremierLeague', 'FPLCommunity', 'GlazersOut']",0,0,0,"<a href=""https://mobile.twitter.com"" rel=""nofollow"">Twitter Web App</a>",,False,280,296
1.46151E+18,2021-11-19 01:33:58+00:00,PilotFlame226,"FPL: GAMEWEEK 12 BUY, HOLD, SELL | TRANSFER TIPS | FANTASY PREMIER LEAGUE TIPS 2021/22

#FPL #FantasyPremierLeague #GW12 #EPL #PremierLeague #FPLCommunity #GlazersOut #ad

PREMIERING NOW 👉 https://t.co/6Kh3HzwGYx https://t.co/A6CbVoWgeh","['FPL', 'FantasyPremierLeague', 'GW12', 'EPL', 'PremierLeague', 'FPLCommunity', 'GlazersOut', 'ad']",0,0,0,"<a href=""https://mobile.twitter.com"" rel=""nofollow"">Twitter Web App</a>",,False,280,296
1.46177E+18,2021-11-19 18:55:00+00:00,MCCCSHCas,"After a fortnight away, Fantasy Premier League is back this weekend and we've brought in two fresh faces from our bench for Gameweek 12.

Take a look 👇

https://t.co/H3tXsRcS3Y",,0,1,0,"<a href=""https://about.twitter.com/products/tweetdeck"" rel=""nofollow"">TweetDeck</a>",,False,24971,731
1.46201E+18,2021-11-20 10:50:57+00:00,Johanfre02,"@fpl_doktorn Fantasy Premier League:
🏦Pengar på banken: £0,6
♻️Två grattis byten.
Är rätt nöjd med laget, det är bara vem man ska bänka och starta (mest dilemma över Raphinha).

Allsvenskan Fantasy:
🏦Pengar på banken:2,2
♻️Ett grattis byte.
Försöker hitta ersättare till Simon Strand, vem? https://t.co/WQ0VexY480",,0,1,1,"<a href=""http://twitter.com/download/iphone"" rel=""nofollow"">Twitter for iPhone</a>","Borås, Sverige",False,264,1126
1.46206E+18,2021-11-20 14:25:36+00:00,notalexnd,"@FPLFocal Congtats! Now, just like Magnus you can proudly have ""(live) #1 Fantasy Premier League player"" in your bio too.",,0,1,0,"<a href=""https://mobile.twitter.com"" rel=""nofollow"">Twitter Web App</a>",Ukraine,False,818,56
1.4624E+18,2021-11-21 12:19:16+00:00,FPLMonkeyHanger,"#Fanteam £1M Fantasy Premier League team: GW12

In-play OR: 362

Cancelo, Son, Foden and Raphinha still to play. Hope the rumours are true that Raph isn't playing today - the Rudiger autosub will give me a great chance of breaking into the top 200. https://t.co/UrroVe0dED",['Fanteam'],0,2,0,"<a href=""http://twitter.com/download/android"" rel=""nofollow"">Twitter for Android</a>",United Kingdom,False,371,605
1.46243E+18,2021-11-21 14:54:42+00:00,MillerMiller5,@FootballJOE Anyone playing Fantasy Premier League already have been,,0,1,0,"<a href=""http://twitter.com/download/android"" rel=""nofollow"">Twitter for Android</a>","Norwich, England",False,45,132
1.46305E+18,2021-11-23 07:50:48+00:00,CANARY4LIFE26,@NorwichCityFC @OfficialFPL HAS BEEN IN MY FANTASY PREMIER LEAGUE TEAM SINCE GAMEWEEK 1.🔰🔰🔰🔰🔰🔰🔰🔰🔰🔰🔰🔰🔰🔰🔰🔰🔰🔰🔰🐐🐐🐐🐐🐐🐐🐐🐐🐐🐐🐐🐐🐐🐐🐐🐐🐐🐐🐐🐐🐐🐐🐐🐐🇫🇮🇫🇮🇫🇮🇫🇮🇫🇮🇫🇮🇫🇮🇫🇮🇫🇮🇫🇮🇫🇮🇫🇮👏👏👏👏👏👏👏👏👏👏👏👏👏,,0,0,0,"<a href=""http://twitter.com/download/android"" rel=""nofollow"">Twitter for Android</a>",,False,45,81
1.46317E+18,2021-11-23 15:26:45+00:00,Cardiff_FPL,@FPL_STATS1 Premier Fantasy Tools 👍,,0,2,0,"<a href=""http://twitter.com/#!/download/ipad"" rel=""nofollow"">Twitter for iPad</a>","Wales, United Kingdom",False,3046,862
1.46396E+18,2021-11-25 19:58:13+00:00,trevoradams75,guys jus there chilling all waiting for fantasy premier league this weekend @trevoradams75 on instagram,,0,3,0,"<a href=""https://mobile.twitter.com"" rel=""nofollow"">Twitter Web App</a>",crib,False,73,268
1.46423E+18,2021-11-26 14:04:13+00:00,AlertsHotspur,LATEST: Five players to pick in Fantasy Premier League gameweek 13 #THFC https://t.co/LoMmn6qDSY,['THFC'],0,0,0,"<a href=""https://alertshotspur.com"" rel=""nofollow"">alertshotspur project 1</a>",,False,2950,32
1.46431E+18,2021-11-26 18:56:22+00:00,DrRapshody,"Premier jeu vidéo : Super Mario Bros 3
Dernier jeu : League of Legend
Meilleur jeu : World of Warcraft
Pire jeu : Rumble Roses
Fini le plus de fois : Final Fantasy 8
Plus surprenant : Farcry 3
Prochain jeu : Je sais pas trop
Jeu le plus attendu : La suite de FF7 Remake",,0,0,0,"<a href=""https://mobile.twitter.com"" rel=""nofollow"">Twitter Web App</a>",,False,10,433
1.4645E+18,2021-11-27 07:24:46+00:00,femster82,"I might have made the craziest Fantasy Premier league transfer of all time...

Out: Ronaldo
In: Benteke 

Brave or stupid?",,0,1,1,"<a href=""http://twitter.com/download/iphone"" rel=""nofollow"">Twitter for iPhone</a>","London, England",False,538,950
1.46497E+18,2021-11-28 14:52:17+00:00,fpl_buddy,"FPL GAMEWEEK 14 WATCHLIST &amp; CAPTAIN PICKS | FANTASY PREMIER LEAGUE 2021-... https://t.co/a767dSrmVU via @YouTube 

GAMEWEEK 14 Watchlist and Captain Picks 🎥 ✅

FPL | GAMEWEEK 14 | FPL WATCHLIST &amp; CAPTAIN PICKS |

Do give it a watch 🙂
👇
https://t.co/a767dSrmVU https://t.co/Y43eJOuDu2",,0,2,0,"<a href=""https://mobile.twitter.com"" rel=""nofollow"">Twitter Web App</a>",India,False,4381,3317
1.465E+18,2021-11-28 16:37:36+00:00,mikemoleka11,Fantasy premier league,,0,1,1,"<a href=""http://twitter.com/download/iphone"" rel=""nofollow"">Twitter for iPhone</a>",Kinshasa🌇,False,686,583
1.46533E+18,2021-11-29 14:35:25+00:00,gautamkapoor54,"Fantasy Premier League Gameweek 14 Tips: FPL Team Selection, Captain Picks, Transfers #FPL #FantasyPremierLeague #PremierLeague #EPL #Gameweek14 #fplteam #leaguecodeFPL https://t.co/IZxlCDDJ0b","['FPL', 'FantasyPremierLeague', 'PremierLeague', 'EPL', 'Gameweek14', 'fplteam', 'leaguecodeFPL']",0,0,0,"<a href=""http://publicize.wp.com/"" rel=""nofollow"">Jetpack.com</a>","New Delhi, India",False,309,123
1.46565E+18,2021-11-30 11:35:11+00:00,NaijaNewsWire,Fantasy Premier League tips: Gameweek 14 https://t.co/XgTkuxfOPu,,0,0,0,"<a href=""http://publicize.wp.com/"" rel=""nofollow"">Jetpack.com</a>",Nigeria,False,1647,33
1.46574E+18,2021-11-30 17:38:29+00:00,_Harvey_07,"Fantasy Premier League - gameweek 14. 🔒

🔸 Foden &amp; Jimenez ♻️ Son &amp; King (two free transfers)

©️👑🇪🇬 Mo Salah.

Good luck everyone. 🍀 #fpl https://t.co/S1IuwBl0iw",['fpl'],0,7,2,"<a href=""https://mobile.twitter.com"" rel=""nofollow"">Twitter Web App</a>",,False,768,560
1.46612E+18,2021-12-01 19:03:38+00:00,elshrqawy72,"No to watching the English Premier League and we will not play the fantasy and unfollow all the league teams and the English players
@premierleague 
#كلنا_ابو_تريكه
#we_support_abotreka https://t.co/QExQJjlFMn","['كلنا_ابو_تريكه', 'we_support_abotreka']",1,1,0,"<a href=""http://twitter.com/download/android"" rel=""nofollow"">Twitter for Android</a>","Shrqawy, Qalubi and GizawY 😁",False,2799,1979
1.46615E+18,2021-12-01 20:47:59+00:00,charliesmith_dc,"i love Emmanuel Dennis, and no I’m not a Watford fan I just play fantasy premier league",,0,0,0,"<a href=""http://twitter.com/download/iphone"" rel=""nofollow"">Twitter for iPhone</a>","Derby, England",False,246,1432
1.4669E+18,2021-12-03 22:35:47+00:00,NaijaNewsWire,Fantasy Premier League tips: Gameweek 15 https://t.co/XRUq7Xst0z,,0,0,0,"<a href=""http://publicize.wp.com/"" rel=""nofollow"">Jetpack.com</a>",Nigeria,False,1647,33
1.46703E+18,2021-12-04 07:13:00+00:00,SASoccerMag,"With Premier League fixtures coming thick and fast at this time of year, armchair managers must be constantly on top of their fantasy teams.

https://t.co/mtl2sVVA5p",,0,1,0,"<a href=""https://about.twitter.com/products/tweetdeck"" rel=""nofollow"">TweetDeck</a>","Cape Town, South Africa",False,2428,508
1.46753E+18,2021-12-05 16:20:55+00:00,thespursweb,"Sergio Reguilon via Instagram: ""I'll be back in a few days. Don't sell me in Fantasy Premier League...😂❤️"" https://t.co/ccX0c9wYQC",,117,3016,42,"<a href=""http://twitter.com/download/iphone"" rel=""nofollow"">Twitter for iPhone</a>","London, England",True,170328,992
1.46798E+18,2021-12-06 22:01:11+00:00,ChelseaFootie,Fantasy Premier League tips: Gameweek 15 https://t.co/24FrLJmr0U,,0,0,0,"<a href=""https://dlvrit.com/"" rel=""nofollow"">dlvr.it</a>",West London,False,2536,23
1.46855E+18,2021-12-08 11:49:04+00:00,Ryan_ms28,"FPL Gameweek 16 Podcast | Fantasy Premier League 2021/22 
❓AFCON &amp; Spurs Covid Situation
⚽️New Manchester United System
🗓️GW16 Fixtures
 
Link 👉https://t.co/JZk8wiApZ7 

Likes and Retweets Appreciated. Trying to also get to 100 subs ♥️🙏
#FPL #FPLCommunity #GW16 https://t.co/g7zWEJxuM4","['FPL', 'FPLCommunity', 'GW16']",0,0,1,"<a href=""https://mobile.twitter.com"" rel=""nofollow"">Twitter Web App</a>","Sydney, New South Wales",False,1272,1571
1.46924E+18,2021-12-10 09:56:51+00:00,AlertsHotspur,LATEST: Fantasy Premier League 202/22 | How to replace Tottenham's superb Heung-Min Son…again #THFC https://t.co/6yOzBPYyQ1,['THFC'],0,1,0,"<a href=""https://alertshotspur.com"" rel=""nofollow"">alertshotspur project 1</a>",,False,2950,32
1.46936E+18,2021-12-10 17:41:28+00:00,xander_LFC,"My Premier League Matchday 16 Fantasy Team

Captain: Salah

Comment below if I should sub on/off for a different player or even change my captain!

#fantasypremierleague https://t.co/IF9VEvPI99",['fantasypremierleague'],0,0,0,"<a href=""https://mobile.twitter.com"" rel=""nofollow"">Twitter Web App</a>",,False,54,46
1.46954E+18,2021-12-11 05:47:27+00:00,CaptionIt_KE,"Caption: This is what we call teamwork. I guess each was given ½ of the goal. The fantasy of English Premier League.
#TheWeeknd @EnglishPremierL @OfficialFPL @CaptionIt_KE @premierleague @Football https://t.co/Lzmvu7bPzw",['TheWeeknd'],0,2,1,"<a href=""http://twitter.com/download/android"" rel=""nofollow"">Twitter for Android</a>",,False,116,408
1.46972E+18,2021-12-11 17:32:37+00:00,disco_tosic,@diesteissbeine brauche clean sheet von de gea für fantasy premier league,,0,5,1,"<a href=""http://twitter.com/download/iphone"" rel=""nofollow"">Twitter for iPhone</a>",,False,8328,186
1.47E+18,2021-12-12 11:54:06+00:00,SnehaSh47202001,"Lanka Premier League 2021, Match 13: GG vs CS Dream11 Prediction, Fantasy Cricket Tips, Playing 11, Pitch Report and Injury Update https://t.co/8ETRe2TjgC",,0,0,0,"<a href=""http://publicize.wp.com/"" rel=""nofollow"">Jetpack.com</a>",,False,30,0
1.47081E+18,2021-12-14 17:32:01+00:00,Sapphire_Eon,"@GreninShal https://t.co/FCtP7iOAUT Play Fantasy Premier League and join my mini-league
League Code: 722kkg",,0,1,1,"<a href=""http://twitter.com/download/iphone"" rel=""nofollow"">Twitter for iPhone</a>",Sootopolis City 🌊,False,2510,208
1.47152E+18,2021-12-16 16:25:11+00:00,beardedian,Another Premier League match off? That's my Fantasy Football week balls up,,0,1,2,"<a href=""https://about.twitter.com/products/tweetdeck"" rel=""nofollow"">TweetDeck</a>",Smogside and wish I wasn't,False,679,404
1.47152E+18,2021-12-16 16:32:33+00:00,LimkLeaderSport,FANTASY PREMIER LEAGUE: Are prayers the answer? https://t.co/A5j2pUwfx1,,0,0,0,"<a href=""https://dlvrit.com/"" rel=""nofollow"">dlvr.it</a>","Limerick, Ireland",False,9702,980
1.4718E+18,2021-12-17 11:28:12+00:00,IndyFootball,"Fantasy Premier League tips gameweek 18: Ollie Watkins, Phil Foden, Gabriel Martinelli and more

#fpl 

https://t.co/ijFEeFd8Nj",['fpl'],0,1,0,"<a href=""https://about.twitter.com/products/tweetdeck"" rel=""nofollow"">TweetDeck</a>",United Kingdom,True,97667,101
1.47183E+18,2021-12-17 12:54:31+00:00,nazmulmarketer1,"CW vs KW dream11 team : CW vs KW, Lanka Premier League prediction today: Fantasy cricket tips for Colombo Stars vs Kandy Warriors https://t.co/LQIAK4PqeT",,0,0,0,"<a href=""http://publicize.wp.com/"" rel=""nofollow"">Jetpack.com</a>",,False,1104,2020
1.47188E+18,2021-12-17 16:19:29+00:00,DExpress_Sport,Fantasy Premier League tips: Five players you need for GW18 after five games cancelled https://t.co/HJ7kv5xmzq,,0,1,0,"<a href=""https://about.twitter.com/products/tweetdeck"" rel=""nofollow"">TweetDeck</a>",London,True,60846,465
1.47189E+18,2021-12-17 17:19:22+00:00,TomekZiel,"Czytam sobie różne grupy, tweety związane z FPL.

I mam wrażenie, ze czesc ludzi uważa, ze Premier League zostala stworzona po to, żeby zawodnicy punktowali w Fantasy.

Proporcje się gdzieś zagubiły :)",,2,186,13,"<a href=""http://twitter.com/download/iphone"" rel=""nofollow"">Twitter for iPhone</a>",Tarnobrzeg/Warszawa,False,28825,1449
1.47199E+18,2021-12-18 00:02:28+00:00,EllieKiBi,This week fantasy premier league really is just a fantasy with all the matches cancelled,,0,6,1,"<a href=""http://twitter.com/download/iphone"" rel=""nofollow"">Twitter for iPhone</a>",,False,178,198
1.47214E+18,2021-12-18 09:24:00+00:00,FanTeamOfficial,"⚠️ £1M season-long Week 18 ⚠️ 

The depleted Gameweek 18 Fantasy Premier League action starts with Villa vs. Burnley at 3pm.

⏰ The deadline for transfers &amp; team-changes for Gameweek 1️⃣8️⃣ is therefore at 13:30GMT/14:30CET

Just a friendly reminder… 🤝

https://t.co/BEkW6C5hJi https://t.co/vBGK9wOW14",,1,7,1,"<a href=""http://twitter.com/download/iphone"" rel=""nofollow"">Twitter for iPhone</a>",strictly 18+ only,False,14544,179
1.47251E+18,2021-12-19 10:16:39+00:00,omareziz,"CricWick: We're down to the business end of the Lanka Premier League as Colombo take on Dambulla in the Eliminator clash 🔥

🤙Create your Fantasy Team to win prizes ➡️ https://t.co/a1RihsTsmb

#LPL2021 #CSvDG","['LPL2021', 'CSvDG']",1,1,0,"<a href=""https://ifttt.com"" rel=""nofollow"">IFTTT</a>","Lahore, Pakistan",False,435,2018
1.47263E+18,2021-12-19 18:18:37+00:00,KamalSZN_,@AquilesPuga @fpl_noob_2021 @ManCity Fantasy Premier League (FPL) @OfficialFPL,,0,0,0,"<a href=""http://twitter.com/download/android"" rel=""nofollow"">Twitter for Android</a>",Rent-free in your head,False,2154,1834
1.47287E+18,2021-12-20 09:52:36+00:00,PlayFTC,"Fantasy Teams Challenge Gameweek 18 results, for both Premier League and Championship. 🥅

#FTC #Results #GW18 https://t.co/bMmyaiKr59","['FTC', 'Results', 'GW18']",0,2,0,"<a href=""http://twitter.com/download/android"" rel=""nofollow"">Twitter for Android</a>",Algeria,False,19,21
1.4732E+18,2021-12-21 08:12:46+00:00,iplwrap,Most Expensive Over in IPL - Indian Premier League - India Fantasy https://t.co/gJuiIKRqMg,,0,0,0,"<a href=""https://ifttt.com"" rel=""nofollow"">IFTTT</a>",,False,19,1
1.47393E+18,2021-12-23 08:23:03+00:00,SnehaSh47202001,"Lanka Premier League 2021, Final: GG vs JK Dream11 Prediction, Fantasy Cricket Tips, Playing 11, Pitch Report and Injury Update https://t.co/0ccAQGzf5c",,0,0,0,"<a href=""http://publicize.wp.com/"" rel=""nofollow"">Jetpack.com</a>",,False,30,0
1.47395E+18,2021-12-23 09:35:47+00:00,darrenblake84,@blackcircles As boring as it sounds it would be fantasy premier league as I’m a bit of a geek haha.,,0,0,0,"<a href=""http://twitter.com/download/iphone"" rel=""nofollow"">Twitter for iPhone</a>",Essex uk,False,70,766
1.47403E+18,2021-12-23 14:33:13+00:00,marko_v_111,"@OddsOnFPL @OfficialFPL I did ask and this was their response

Unfortunately, we're unable to speculate on hypothetical future situations.

Currently, managers will on receive 1 additional free hit chip.

Regards,
Fantasy Premier League Support",,0,0,0,"<a href=""http://twitter.com/download/android"" rel=""nofollow"">Twitter for Android</a>",,False,242,183
1.47408E+18,2021-12-23 17:53:32+00:00,hitscharming,Liverpool Vs wolves match  postpone will cost me alot of points on premier League fantasy team ffs,,0,0,0,"<a href=""http://twitter.com/download/android"" rel=""nofollow"">Twitter for Android</a>",,False,1627,765
1.47487E+18,2021-12-25 22:22:45+00:00,damian_krvl,@DKlekowski Ciekawe czy ludzie grali wtedy w fantasy premier league...,,0,0,0,"<a href=""http://twitter.com/download/android"" rel=""nofollow"">Twitter for Android</a>",,False,142,673
1.47495E+18,2021-12-26 03:43:43+00:00,fallantinog,"@rizkyafdillah @abierezanto @adrianpirago fantasy premier league versi blokcen ni kayaknya, cobain dah
https://t.co/KH0uhDIufS",,0,0,0,"<a href=""https://mobile.twitter.com"" rel=""nofollow"">Twitter Web App</a>",Jakarta,False,499,959
1.47507E+18,2021-12-26 11:36:20+00:00,JornadaPremier,"🧐 Los mejores chollos #fantasy para este Boxing Day en la Premier League. 

Cuatro inversiones para esta jornada. 

✍️ Por @n3lson_jr 

https://t.co/vXuMK09Tmh",['fantasy'],1,2,0,"<a href=""https://mobile.twitter.com"" rel=""nofollow"">Twitter Web App</a>",España,False,1869,171
1.4751E+18,2021-12-26 13:35:29+00:00,fplpoland,"No tak, czyli oficjalna strona FPL padła na 3 minuty przed deadlinem, wiele osób nie wie, czy zapisało im transfery i free hity, a do tego Aston Villa wrzuca info o przełożeniu następnego meczu idealnie tuż po deadline.

Typowy dzień z grą przeglądarkową Fantasy Premier League 😅 https://t.co/6qwCGZweR7",,0,132,14,"<a href=""https://mobile.twitter.com"" rel=""nofollow"">Twitter Web App</a>",Polska,False,11371,896
1.47512E+18,2021-12-26 15:13:09+00:00,OlssonMattias,"Boxing Day, engelsk fotboll och finaler på Solvalla. Systemen inlämnade och Fantasy Premier League fixad. Bara att koppla av och njuta nu, en av årets heligaste dagar.",,0,0,1,"<a href=""http://twitter.com/download/iphone"" rel=""nofollow"">Twitter for iPhone</a>","Ljusdal, Sverige",False,208,664
1.47513E+18,2021-12-26 15:47:58+00:00,AdamFFC,"Going out the @OfficialFPL cup because of covid dont seem right, poor from fantasy premier league",,0,1,0,"<a href=""http://twitter.com/download/android"" rel=""nofollow"">Twitter for Android</a>",london ,False,1978,2092
1.47525E+18,2021-12-26 23:46:01+00:00,_euanito,"And I don't like raging about a fantasy sports game on Twitter but I do contribute to content creation right now and it would be remiss of me to ignore what is currently going on, on the Premier League's 2008 potato servers",,0,2,0,"<a href=""http://twitter.com/download/android"" rel=""nofollow"">Twitter for Android</a>",,False,1202,902
1.47574E+18,2021-12-28 08:19:21+00:00,GQuinney,"Top 50 managers (out of 123) in the @ChateauBauduc Fantasy Premier League #fpl after Gameweek 19, before GW20.

Tom Pullan 1st, Tom Quinney 2nd.

@AndrewFalk2 to 3rd, @derekb7 @BadgerThinks @CharlieStein1 
@sjw8169 make up top 7. @seb_walsh at 18, moi 26. #bauducfpl Ups &amp; downs🙄 https://t.co/ZqNGGM4var","['fpl', 'bauducfpl']",0,0,1,"<a href=""http://twitter.com/download/iphone"" rel=""nofollow"">Twitter for iPhone</a>","Bordeaux, France",False,31,53
1.47579E+18,2021-12-28 11:13:54+00:00,Independent,Five players to pick in Fantasy Premier League gameweek 20 #FPL  https://t.co/c0H06K42TK,['FPL'],3,5,2,"<a href=""https://www.echobox.com"" rel=""nofollow"">Echobox</a>","London, England",True,3628597,440
1.47592E+18,2021-12-28 20:18:22+00:00,teemothy23,You will quit fantasy premier league by force. Now check Salah,,0,2,0,"<a href=""http://twitter.com/download/iphone"" rel=""nofollow"">Twitter for iPhone</a>",i Love Boobs ,False,3373,2453
1.47617E+18,2021-12-29 12:25:29+00:00,cyclops1215,"PL:Watch premier league on DAZN
東スポ:Read fantasy news on Tokyo sports",,0,1,0,"<a href=""http://twitter.com/download/iphone"" rel=""nofollow"">Twitter for iPhone</a>",,False,582,597
1.47666E+18,2021-12-30 21:04:00+00:00,EmmmmVeeee,@MarshallAchill1 @SamLee Fantasy Premier League has turned fans into G&amp;A merchants 🙄,,0,0,1,"<a href=""http://twitter.com/download/android"" rel=""nofollow"">Twitter for Android</a>",,False,73,232
1.55521E+18,2022-08-04 15:30:46+00:00,Propulsion_Swim,"(Non-Swimming Related Post)

For the Football fans amongst our followers, every year we run a Fantasy Premier League ⚽️

Click on the link below to join this year's edition! 👇

https://t.co/E7bHKl8eMB https://t.co/dlAw51YQ7A",,0,0,0,"<a href=""https://mobile.twitter.com"" rel=""nofollow"">Twitter Web App</a>",United Kingdom,False,4180,1670
1.55522E+18,2022-08-04 15:36:08+00:00,OmoyeniRapheal,"@sportbible Join my fantasy premier league league 😎🔥

https://t.co/UmshJapi6u",,0,0,0,"<a href=""http://twitter.com/download/android"" rel=""nofollow"">Twitter for Android</a>",Nigeria,False,1644,2154
1.55522E+18,2022-08-04 15:46:05+00:00,TheFNPod,Create &amp; Join Fantasy Football Leagues | Fantasy Premier League make sure to join our league now You’re running out of time  #football #pod #epl  https://t.co/494o6WkU8Z,"['football', 'pod', 'epl']",1,1,0,"<a href=""http://twitter.com/download/iphone"" rel=""nofollow"">Twitter for iPhone</a>",,False,1078,3795
1.55522E+18,2022-08-04 16:04:55+00:00,mayukh1212,"For the 2022/23 Fantasy Premier League why don't you join my mini-league ""The Big League""?

https://t.co/Vy9C31TmMt

League Code: s0stxe

#fantasypremierleague
#FPL #BarclaysPremierLeague #Football","['fantasypremierleague', 'FPL', 'BarclaysPremierLeague', 'Football']",0,0,0,"<a href=""http://twitter.com/download/android"" rel=""nofollow"">Twitter for Android</a>",,False,2,11
1.55524E+18,2022-08-04 17:16:44+00:00,Truants,"The Premier League finally returns tomorrow so as does the Truants Fantasy League. Code for anyone that wants to participate: zgirzf 

We also owe @chriseede a record of his choosing for topping the leaderboard last season. We'll be in touch shortly :) Same prize again this year* https://t.co/XGSvZ98e1h",,1,4,1,"<a href=""https://mobile.twitter.com"" rel=""nofollow"">Twitter Web App</a>",,False,6493,210
1.55525E+18,2022-08-04 17:39:36+00:00,ANAGumel,"Hello,

For the 2022/23 Fantasy Premier League why don't you join my mini-league ""Kings League""?

Joining the league couldn't be easier. Simply use the link below and you'll be added automatically after you've entered the game.

https://t.co/dUvrBNWQom

League Code: 84305t",,1,1,0,"<a href=""http://twitter.com/#!/download/ipad"" rel=""nofollow"">Twitter for iPad</a>",Earth,False,375,1096
1.55525E+18,2022-08-04 17:53:44+00:00,wigantoffee,"Last few days to join Fantasy Premier league if anyone's interested..........
https://t.co/XGgNsRG9Cj",,0,0,0,"<a href=""http://twitter.com/download/android"" rel=""nofollow"">Twitter for Android</a>","Blackpool, England",False,2185,4933
1.55527E+18,2022-08-04 19:19:55+00:00,MickyWelsh_,Any #Safc Fantasy Premier Leagues going on?? #FPL,"['Safc', 'FPL']",0,0,0,"<a href=""http://twitter.com/download/android"" rel=""nofollow"">Twitter for Android</a>",Sunderland,False,962,1668
1.55527E+18,2022-08-04 19:24:39+00:00,Simply_Marshall,"Hello created a Fantasy Premier League group for  called 'LEGIT FANS 𓃵 on behalf of Our boss Aiyelade Morrison all Calculator𓃵 Fans should join 
The code to join this league is: 86ciq7
Auto Join : https://t.co/OUSh9RDta2
Enjoy the game!

@legitCalculator",,0,0,0,"<a href=""http://twitter.com/download/android"" rel=""nofollow"">Twitter for Android</a>",Everywhere Like Air,False,2550,2948
1.55529E+18,2022-08-04 20:32:29+00:00,GoonerBhoy_88,"With a day to go for the premier league starting, what’s everyone saying about my fantasy league team?  What can I do to improve? https://t.co/0nuPDzEtnd",,0,0,5,"<a href=""http://twitter.com/download/iphone"" rel=""nofollow"">Twitter for iPhone</a>",,False,14560,13679
1.5553E+18,2022-08-04 21:24:15+00:00,yo_babou,"For the 2022/23 Fantasy Premier League why don't you join my mini-league ""Entre-Nous Premier League""?

Joining the league couldn't be easier. Simply use the link below and you'll be added automatically after you've entered the game.

https://t.co/1liRQqCzgK

League Code: j5gp7p",,0,0,0,"<a href=""http://twitter.com/download/iphone"" rel=""nofollow"">Twitter for iPhone</a>",Miami,False,1359,700
1.55533E+18,2022-08-04 23:09:59+00:00,lzpck,"Pergunta séria: quem daqui anima de jogar fantasy da Premier League?

Eu criei uma liga e preciso de pessoas.",,0,0,2,"<a href=""http://twitter.com/download/android"" rel=""nofollow"">Twitter for Android</a>","Curitiba, Brazil",False,635,351
1.55533E+18,2022-08-04 23:11:26+00:00,KIROJR_,"Lmao u a goat for that sneaky “if you’re playing fantasy premier league, Anthony Martial is injured” 😂 🐐 Thanks for that 
@JoakimGomez @987fm",,0,1,0,"<a href=""http://twitter.com/download/iphone"" rel=""nofollow"">Twitter for iPhone</a>",,False,58,341
1.55533E+18,2022-08-04 23:26:38+00:00,CeeTelo,"If anyone wants to join a Fantasy Premier League, I’m having at draft at 7:30 tonight. The code to join is 5qnmg9",,0,0,1,"<a href=""http://twitter.com/download/iphone"" rel=""nofollow"">Twitter for iPhone</a>",dallas,False,778,830
1.55535E+18,2022-08-05 00:15:57+00:00,SSGSports_,"Welcome To The (Fantasy) Premier League | S. 2 Ep. 21

New to #FPL? This is for you. Intro on how to play, what to look out for, and some of the better picks from the top sides to start the season off.

#podcast #PremierLeague #GW1

https://t.co/ThYbsa3jnb","['FPL', 'podcast', 'PremierLeague', 'GW1']",0,1,0,"<a href=""https://mobile.twitter.com"" rel=""nofollow"">Twitter Web App</a>","Adelaide, Australia",False,9,9
1.5554E+18,2022-08-05 04:04:34+00:00,OGBoxingJunkie,@nasirabuismaeel @TheAthletic It's talking about fantasy premier league lolllll,,0,2,0,"<a href=""http://twitter.com/download/android"" rel=""nofollow"">Twitter for Android</a>","Liverpool, England",False,2316,867
1.55542E+18,2022-08-05 04:57:25+00:00,coderojoxx,"😏 Who wants in? Fantasy Premier League
-
-
-
Winner gets a jersey of my choosing. https://t.co/KHJIMoEFhg",,0,4,0,"<a href=""https://mobile.twitter.com"" rel=""nofollow"">Twitter Web App</a>",coderojoxx@gmail.com,False,275,252
1.55544E+18,2022-08-05 06:32:37+00:00,ansoryrmdhn,khotbah jumat siang ini khotibnya ngingetin deadline fantasy premier league dan bahas pemain yang akan bersinar di gameweek 1,,0,0,0,"<a href=""http://twitter.com/download/iphone"" rel=""nofollow"">Twitter for iPhone</a>",The Theatre of Dreams,False,207,508
1.55544E+18,2022-08-05 06:34:38+00:00,zarul_25,Sapa2 yg ada code liga fantasy premier league bole drop kt bawah,,0,0,1,"<a href=""http://twitter.com/download/iphone"" rel=""nofollow"">Twitter for iPhone</a>","Kedah, Malaysia",False,251,500
1.55546E+18,2022-08-05 07:50:20+00:00,Sandancer1977,@pauljamieson3 Fantasy Premier League. It’s the main game,,0,0,1,"<a href=""http://twitter.com/download/iphone"" rel=""nofollow"">Twitter for iPhone</a>","England, United Kingdom",False,2265,1410
1.55548E+18,2022-08-05 09:18:59+00:00,Jamol87,Premier League is back and so is Fantasy League 💪🏾💪🏾💪🏾 who got their teams ready? 🤔,,0,0,0,"<a href=""http://twitter.com/download/android"" rel=""nofollow"">Twitter for Android</a>",Amongst The Livin',False,353,194
1.5555E+18,2022-08-05 10:38:05+00:00,langerz9,Anyone got any premier league fantasy leagues to join? Drop them below for me👇🏼,,0,1,1,"<a href=""http://twitter.com/download/iphone"" rel=""nofollow"">Twitter for iPhone</a>",Norfolk,False,2842,2181
1.5555E+18,2022-08-05 10:42:57+00:00,GhanaMUSC,"Let’s see your fpl teams. 

Don’t forget to join our fantasy premier league for the upcoming season. 

Join using code: 7d1cb4 https://t.co/rfk112kiwC",,15,75,16,"<a href=""http://twitter.com/download/iphone"" rel=""nofollow"">Twitter for iPhone</a>",Ghana,False,19596,4250
1.55551E+18,2022-08-05 11:23:05+00:00,hxneybun,Fantasy League is all fun and games until I actually have to keep up with the Premier League,,0,0,0,"<a href=""https://mobile.twitter.com"" rel=""nofollow"">Twitter Web App</a>",London/Essex,False,926,978
1.55552E+18,2022-08-05 11:51:26+00:00,joerawson,"Hello,

For the 2022/23 Fantasy Premier League why don't you join my mini-league ""Radio Rawson""?

Joining the league couldn't be easier. Simply use the link below and you'll be added automatically after you've entered the game.

https://t.co/Rw6CCBiQ1W

League Code: cgcihu",,0,0,0,"<a href=""https://mobile.twitter.com"" rel=""nofollow"">Twitter Web App</a>",London / Chesterfield ,True,8199,1771
1.55555E+18,2022-08-05 13:25:21+00:00,ABDNDarkBlues,"We have a mini league setup in the Premier League Fantasy Football game.

https://t.co/vzJhYpB9Gs

Feel free to join our league if you have a team setup.
League Code: vygg7d",,0,2,0,"<a href=""https://mobile.twitter.com"" rel=""nofollow"">Twitter Web App</a>","Aberdeen, Scotland",False,320,166
1.55555E+18,2022-08-05 13:28:44+00:00,1Footballnight,The final team for Fantasy Premier League Football https://t.co/bv8rS0IkMG,,0,0,1,"<a href=""http://twitter.com/download/iphone"" rel=""nofollow"">Twitter for iPhone</a>",,False,131,86
1.55555E+18,2022-08-05 13:35:14+00:00,madchief30,"Ada yg maen ? 
Play Fantasy Premier League and join my mini-league
https://t.co/FOuegBNu4U
 League Code: kxyty5
Join league guys https://t.co/B4tKLhQkfG",,0,0,0,"<a href=""http://twitter.com/download/android"" rel=""nofollow"">Twitter for Android</a>",,False,52,61
1.55556E+18,2022-08-05 14:10:34+00:00,Thesingingblue,Anyone got a fantasy premier league league i can join?,,0,0,0,"<a href=""http://twitter.com/download/android"" rel=""nofollow"">Twitter for Android</a>",Stockport,False,297,348
1.55556E+18,2022-08-05 14:15:03+00:00,javival14,Como no me alcanzaba el tiempo desperdiciado en el Fantasy NBA me anoté en dos ligas de Premier League para este año https://t.co/rfE4nUWzDY,,0,6,0,"<a href=""http://twitter.com/download/android"" rel=""nofollow"">Twitter for Android</a>","Montevideo, Uruguay.",False,484,1198
1.55556E+18,2022-08-05 14:16:36+00:00,Harry001_,@ArunasTamosiun1 @LetsTalk_FPL I can’t access that Fantasy section in Premier league App.,,0,0,1,"<a href=""http://twitter.com/download/iphone"" rel=""nofollow"">Twitter for iPhone</a>",,False,2092,1993
1.55556E+18,2022-08-05 14:28:25+00:00,rammylatic,"Still time to join my Premier League Fantasy Football league. Free to enter just for sheer merriment #oafc #PremierLeague 

For the 2022/23 Fantasy Premier League why don't you join my mini-league ""Mellor’s Mates""

https://t.co/ViIZ70N3cN

League Code: 6aewxe","['oafc', 'PremierLeague']",0,0,0,"<a href=""http://twitter.com/download/iphone"" rel=""nofollow"">Twitter for iPhone</a>",Lancs,False,1775,4700
1.55556E+18,2022-08-05 14:30:37+00:00,JaredSaya,"@ochocinco Do you play Fantasy Premier League, and if so do you want to join my mini league with the boys?",,0,0,0,"<a href=""http://twitter.com/download/iphone"" rel=""nofollow"">Twitter for iPhone</a>",,False,474,1057
1.55557E+18,2022-08-05 14:48:28+00:00,SportBibleNews,🔔 | How do substitutes work in Fantasy Premier League? https://t.co/rtihrEhti4,,0,3,0,"<a href=""https://zapier.com/"" rel=""nofollow"">Zapier.com</a>",,False,212201,5
1.55557E+18,2022-08-05 15:21:42+00:00,____ShiFu,"FANTASY PREMIER LEAGUE:

Guys, how have you all been able to update your password on the fantasy premier league app??",,0,1,0,"<a href=""http://twitter.com/download/android"" rel=""nofollow"">Twitter for Android</a>",utopia,False,133,723
1.55558E+18,2022-08-05 15:30:52+00:00,BeyondArsenal,"@OfficialFPL Hello comrade,

For the 2022/23 Fantasy Premier League why don't you join my mini-league ""Network 7 Premier Division""?

Joining the league couldn't be easier. Simply use the link below and you'll be added automatically after you've entered the game.

https://t.co/38DgLpQVGR",,0,0,0,"<a href=""http://twitter.com/download/iphone"" rel=""nofollow"">Twitter for iPhone</a>","Wrexham, Wales",False,3637,351
1.55558E+18,2022-08-05 15:34:37+00:00,Fortu_Jozy,"Skeif Fantasy League codes.
The Premier League is back
#FPL",['FPL'],0,1,0,"<a href=""http://twitter.com/download/android"" rel=""nofollow"">Twitter for Android</a>",Botswana'Gaborone,False,1305,1101
1.55558E+18,2022-08-05 15:40:32+00:00,davidleovargas,Who is doing Fantasy Premier League? I need to join some leagues ⚽️,,0,0,0,"<a href=""http://twitter.com/download/iphone"" rel=""nofollow"">Twitter for iPhone</a>","Jacksonville, FL",False,483,197
1.55559E+18,2022-08-05 16:11:44+00:00,FlexUTD,"🚨 UV FANTASY PREMIER LEAGUE 🚨

Join the United View Fantasy Premier League! 👇

Enter the code ""iug3l0"" or click this link: https://t.co/ojAhQI853J 

#MUFC #PremierLeague #FPL https://t.co/my3lucTiWk","['MUFC', 'PremierLeague', 'FPL']",6,49,3,"<a href=""https://mobile.twitter.com"" rel=""nofollow"">Twitter Web App</a>",United Kingdom,False,211368,755
1.55559E+18,2022-08-05 16:40:25+00:00,jay2brad,"@valentinca17 Hello, For the 2022/23 Fantasy Premier League why don't you join my mini-league ""Division one championship"" Joining the league couldn't be easier. Simply use the code below to  be added to the league Code: 2flqjw Looking forward to playing against you",,1,1,1,"<a href=""http://twitter.com/download/android"" rel=""nofollow"">Twitter for Android</a>",ireland,False,1095,2298
1.5556E+18,2022-08-05 17:14:02+00:00,_lilooooo,ya allah the way my team does fantasy premier league looooooooll what more do u want,,0,0,0,"<a href=""http://twitter.com/download/iphone"" rel=""nofollow"">Twitter for iPhone</a>",971,False,207,170
1.5556E+18,2022-08-05 17:15:17+00:00,ChrisHewitt,HERE IS MY FANTASY PREMIER LEAGUE. FIFTEEN MINUTES UNTIL THE FIRST DEADLINE!!! https://t.co/nM6Z3DvUam,,1,7,6,"<a href=""http://twitter.com/download/iphone"" rel=""nofollow"">Twitter for iPhone</a>",London,True,51063,1521
1.5556E+18,2022-08-05 17:21:36+00:00,adebradley,What's not FOMO but fear you should have FOMO because I don't want to do Fantasy Premier League but all the talk of the 1830 deadline is nagging at me for no good reason at all.,,0,4,4,"<a href=""https://about.twitter.com/products/tweetdeck"" rel=""nofollow"">TweetDeck</a>","London, England",True,8609,3151
1.55561E+18,2022-08-05 17:54:58+00:00,AlvesRui_,"JÁ COMEÇOU A LIGA DE FANTASY PREMIER LEAGUE DA AGC!  COM PRÉMIOS ATÉ 100.000KZ PARA OS TRÊS MELHORES JOGADORES, NÃO PERCAS TEMPO E JOGA JÁ!  JOGA USANDO O CÓDIGO: qm6xw4, E HABILITA-TE A GANHAR PRÉMIOS! https://t.co/VXFHbtVHge",,3,1,0,"<a href=""http://twitter.com/download/iphone"" rel=""nofollow"">Twitter for iPhone</a>",Angola,False,1357,706
1.55562E+18,2022-08-05 18:25:42+00:00,Anivers_1,"@otiisimpati @idextratime @deraismuhammad @RizkyMSofyana Fantasy premier league bang
Emang kenapa?",,0,0,1,"<a href=""http://twitter.com/download/android"" rel=""nofollow"">Twitter for Android</a>",,False,16,90
1.55563E+18,2022-08-05 19:03:01+00:00,GaboCalde,"Hola de nuevo, Premier League.

Hola de nuevo, ansiedad del Fantasy.",,0,3,0,"<a href=""http://twitter.com/download/iphone"" rel=""nofollow"">Twitter for iPhone</a>",Costa Rica,False,586,249
1.55565E+18,2022-08-05 20:20:38+00:00,elcardenall,Oe como se juega al fantasy premier league,,0,1,3,"<a href=""http://twitter.com/download/android"" rel=""nofollow"">Twitter for Android</a>","Bogotá, D.C., Colombia",False,425,407
1.55566E+18,2022-08-05 21:04:31+00:00,DynamiteTianH,I wasted £8.00 on fantasy Premier  league for Jesus to get me a whooping 2 points..,,0,1,0,"<a href=""http://twitter.com/download/android"" rel=""nofollow"">Twitter for Android</a>",19,False,604,983
1.55567E+18,2022-08-05 21:27:54+00:00,bbasstravel,"@blangfrd @StripclubPapst Exactly my experience, when I dubbed my Premier League fantasy club, the Channel 4 News Team…",,0,1,0,"<a href=""https://mobile.twitter.com"" rel=""nofollow"">Twitter Web App</a>",,False,47,28
1.55572E+18,2022-08-06 00:49:41+00:00,RMT_Sorare,"My team for Fantasy Premier League!

#FPL #fantasypremierleague #fantasyfootball https://t.co/Lz3GULUmAs","['FPL', 'fantasypremierleague', 'fantasyfootball']",0,1,0,"<a href=""http://twitter.com/download/iphone"" rel=""nofollow"">Twitter for iPhone</a>","Sydney, New South Wales",False,55,82
1.55582E+18,2022-08-06 07:31:07+00:00,TruthPaster,"@2410Pka @BobMalugalugal1 @JamesRichards_7 I’m Leeds
I’m 44 
I’ve seen old first division
Premiership
League 1
Championship 
Premier league

League 1 was a real back against the wall moment for our club

It’s safe to say that few preferred to be out of the top flight. That’s just fantasy talk bud",,0,0,2,"<a href=""http://twitter.com/#!/download/ipad"" rel=""nofollow"">Twitter for iPad</a>",United Kingdom,False,1164,1879
1.55589E+18,2022-08-06 12:04:17+00:00,SteviestStevie,That’s why I picked Mitrovic for my fantasy premier league team,,0,4,0,"<a href=""http://twitter.com/download/iphone"" rel=""nofollow"">Twitter for iPhone</a>",London,False,1995,685
1.5559E+18,2022-08-06 13:09:46+00:00,barbarasein8,"Fulham making my day and screwing up my fantasy premier league at the same time 😂😂😂
#FULLIV #PremierLeague #FPL","['FULLIV', 'PremierLeague', 'FPL']",0,1,0,"<a href=""http://twitter.com/download/android"" rel=""nofollow"">Twitter for Android</a>",Germany,False,969,1617
1.55591E+18,2022-08-06 13:14:29+00:00,sadiq_tamte,Fantasy Premier league 😂😂 akwaii kura 🤦🏿‍♂️💔💔,,0,3,1,"<a href=""http://twitter.com/download/android"" rel=""nofollow"">Twitter for Android</a>",Nigeria,False,28367,6550
1.55591E+18,2022-08-06 13:28:36+00:00,IyyyyyyyyyCFC,"Tickets are cutting
Fantasy Managers are Crying
This is Football

           Welcome To The Premier League😭",,0,0,0,"<a href=""http://twitter.com/download/android"" rel=""nofollow"">Twitter for Android</a>",remote,False,41,159
1.55591E+18,2022-08-06 13:46:21+00:00,GavinPalmer36,@Minecraft My fantasy football team for the premier league,,0,0,0,"<a href=""https://mobile.twitter.com"" rel=""nofollow"">Twitter Web App</a>",,False,49,879
1.55616E+18,2022-08-07 06:00:04+00:00,AdeniyiJinadu,@_zaiiny_ Fantasy premier league,,0,0,0,"<a href=""http://twitter.com/download/iphone"" rel=""nofollow"">Twitter for iPhone</a>",,False,14,64
1.55619E+18,2022-08-07 08:10:46+00:00,kit_republicza,"We’ve seen a lot of talk on here let’s see if you can back it up 👀! Join the Kit Republic Fantasy Premier League! We do monthly prizes! ⚽️ 

The Code is: 7y4wfa

RT so we can get more managers in the league!

#NoMoreTalk #KitRepublic #ZedTwitter https://t.co/kKBMxAkjNE","['NoMoreTalk', 'KitRepublic', 'ZedTwitter']",4,12,2,"<a href=""http://twitter.com/download/iphone"" rel=""nofollow"">Twitter for iPhone</a>","Amaka Lodge, Lake Road, Lusaka",False,665,674
1.5562E+18,2022-08-07 09:01:37+00:00,vintagefootplug,"Klaar voor Fantasy Premier League?

Dit jaar werken @ldzpodcast en @vintagefootplug samen tijdens het FPL-seizoen!

Wat wil dat dan precies zeggen?

Bekijk onze FB-post voor meer info: https://t.co/1igw8jPfQh https://t.co/KlSemd0fp0",,0,0,0,"<a href=""https://mobile.twitter.com"" rel=""nofollow"">Twitter Web App</a>",Brugge,False,4,2
1.55638E+18,2022-08-07 20:36:59+00:00,Aadozo,There's no joy in playing Fantasy Premier League,,0,0,0,"<a href=""http://twitter.com/download/android"" rel=""nofollow"">Twitter for Android</a>",Kinna,False,2954,2409
1.55639E+18,2022-08-07 21:05:28+00:00,seleenino,@OJonathang @LouieDi13 Download the EPL app from PlayStore and join the fantasy premier league,,0,0,1,"<a href=""http://twitter.com/download/android"" rel=""nofollow"">Twitter for Android</a>",Tincan Island,False,719,855
1.55677E+18,2022-08-08 22:29:26+00:00,Toontyme1892,Toon Tyme Gameweek 1 Fantasy Premier League https://t.co/NbJYr8Lvlg via @YouTube #NewcastleUnited #NUFC #FPL #fantasypremierleague,"['NewcastleUnited', 'NUFC', 'FPL', 'fantasypremierleague']",0,3,0,"<a href=""https://mobile.twitter.com"" rel=""nofollow"">Twitter Web App</a>",,False,3,2
1.55701E+18,2022-08-09 14:14:06+00:00,swavetech_,"Fantasy Premier League captain: Salah or Haaland for FPL GW2?
https://t.co/UpeuFqbkvl",,0,0,0,"<a href=""https://mobile.twitter.com"" rel=""nofollow"">Twitter Web App</a>",,False,114,38
1.55704E+18,2022-08-09 16:14:30+00:00,quajonald_,"https://t.co/O0WGiQXFry Tap and join this fantasy premier league
The winner will be award a cash price
Tap and join this fantasy premier league to win a price.",,25,24,0,"<a href=""http://twitter.com/download/android"" rel=""nofollow"">Twitter for Android</a>",Unknown ,False,3042,2976
1.55707E+18,2022-08-09 18:08:36+00:00,Akku0072,"@C_I_Community @IBATOFFICIAL IBAT Premier League is the world's first decentralized blockchain NFT-based Fantasy Sports Game. So, Can you share an introduction for it? also Is NFT Pass mandatory to enter IBAT Premier League? Can you also share the features of IBAT Premier League?",,0,2,1,"<a href=""http://twitter.com/download/android"" rel=""nofollow"">Twitter for Android</a>",,False,55,418
1.55736E+18,2022-08-10 13:42:27+00:00,Nosikes_,"Hello, For the 2022/23 Fantasy Premier League why don't you join my mini-league ""HahaaLand Leagues""? Joining the league couldn't be easier. Simply use the link below and you'll be added automatically after you've entered the game. https://t.co/9OGQMk3pOE League Code: byw4b3",,0,0,0,"<a href=""http://twitter.com/download/android"" rel=""nofollow"">Twitter for Android</a>",Nigeria,False,576,1782
1.55746E+18,2022-08-10 20:25:00+00:00,harrythemukste1,"@JayDizzyD Yep, same with my Premier league fantasy team",,0,1,0,"<a href=""http://twitter.com/download/android"" rel=""nofollow"">Twitter for Android</a>",The Universe,False,222,447
1.55763E+18,2022-08-11 07:25:44+00:00,infotatiles,Fantasy Premier League 22/23: Gameweek 2 tips and advice from experts | Soccer News https://t.co/P9Xx6ZFqpt,,0,0,0,"<a href=""http://publicize.wp.com/"" rel=""nofollow"">Jetpack.com</a>",,False,35,43
1.5577E+18,2022-08-11 12:02:58+00:00,independent_gh,"The INDGH Sports Fantasy Premier League manager of GameWeek 1
 Congratulations  Edwin 
#FPL #INDSports 
#PremierLeague https://t.co/cSpah5dW4f","['FPL', 'INDSports', 'PremierLeague']",1,2,1,"<a href=""http://twitter.com/#!/download/ipad"" rel=""nofollow"">Twitter for iPad</a>","Accra, Ghana",False,1284,712
1.55772E+18,2022-08-11 13:34:34+00:00,Brightfeed1,"Fantasy Premier League GW2: FPL tips, captain, transfers https://t.co/sPaqobHiVy",,0,0,0,"<a href=""http://publicize.wp.com/"" rel=""nofollow"">Jetpack.com</a>",,False,17,140
1.55773E+18,2022-08-11 14:23:51+00:00,scoutedftbl,"Captaincy candidates, players to watch, team selection – @Juamessiow previews GW2 of the new Fantasy Premier League season.

https://t.co/Xmj37ldXJu",,3,15,0,"<a href=""https://about.twitter.com/products/tweetdeck"" rel=""nofollow"">TweetDeck</a>",admin@scoutedftbl.com,False,117922,905
1.55799E+18,2022-08-12 07:28:00+00:00,dPdD69qkrTqHlVX,"fantasy premier league 
هتكبتن مين  🤔 تختار مين 🤔🤔😂

Haaland: 75%
Salah: 58%
Darwin: 52%
Jesus: 49%
L.Diaz: 48%
Ronaldo: 48%
Firmino: 48%
KdB: 44%
Grealish: 44%
Mahrez: 44%
Foden: 44%
Mitrovic: 40%
Toney: 40%
Martinelli: 38%
Saka: 38%
Kane: 38%",,0,0,0,"<a href=""https://mobile.twitter.com"" rel=""nofollow"">Twitter Web App</a>",,False,3,61
1.55814E+18,2022-08-12 17:01:50+00:00,AtaribaLariba,@Citi973 Guys I need the Citi tv fantasy premier league code,,0,0,0,"<a href=""http://twitter.com/download/android"" rel=""nofollow"">Twitter for Android</a>",,False,4,121
1.55824E+18,2022-08-13 00:11:10+00:00,EPLChile,Recordatorio de que mañana vuelve la Premier League para que actualicen sus equipos del fantasy 💡,,0,12,3,"<a href=""http://twitter.com/download/android"" rel=""nofollow"">Twitter for Android</a>",Santiago,False,4057,671
1.55835E+18,2022-08-13 07:21:24+00:00,lxgcove,"It's another premier league Gameweek, mega league on our platform @lxgcove is where top premier league fantasy managers interact, compete and get rewards for their passion and enthusiasm for England premier league and its excitements. You're just a tweet away from registering. https://t.co/RjU0LYNgeF",,1,0,0,"<a href=""http://twitter.com/download/android"" rel=""nofollow"">Twitter for Android</a>",,False,52,65
1.5584E+18,2022-08-13 10:20:12+00:00,Abduljaafar_,"I want to start playing Fantasy Premier league.  How do I go about it? 
No be me boredom go kill Olohun!",,0,1,2,"<a href=""http://twitter.com/download/iphone"" rel=""nofollow"">Twitter for iPhone</a>",,False,1704,211
1.55847E+18,2022-08-13 14:55:13+00:00,PT_DavidFab,"All those managers who panic sold Gabriel Jesus in their Fantasy Premier league @OfficialFPL, How are y'all doing? 😜😜

 #ARSLEI https://t.co/DVc2k5vmWs",['ARSLEI'],0,6,1,"<a href=""http://twitter.com/download/android"" rel=""nofollow"">Twitter for Android</a>","Ondo, Nigeria",False,1128,1755
1.55856E+18,2022-08-13 20:51:50+00:00,SammyDet,"Beste Fantasy Premier League spiller på Man U er Eriksen.
Han har 4 poeng.
Disse er tjent på å starte og spille over 60 minutter.

#FPLNOR",['FPLNOR'],0,1,0,"<a href=""https://mobile.twitter.com"" rel=""nofollow"">Twitter Web App</a>",Hordaland,False,1451,1347
1.55885E+18,2022-08-14 16:30:19+00:00,jose_wagz,Fantasy Premier League😰😰😰,,0,7,0,"<a href=""https://mobile.twitter.com"" rel=""nofollow"">Twitter Web App</a>","Kampala, Uganda",False,14329,4408
1.55887E+18,2022-08-14 17:25:37+00:00,sm1879_14,GIVE IT AS A JAMES OWN GOAL FANTASY PREMIER LEAGUE I BEG OF YOU,,0,0,0,"<a href=""http://twitter.com/download/iphone"" rel=""nofollow"">Twitter for iPhone</a>",20,False,290,299
1.55903E+18,2022-08-15 04:01:45+00:00,RonniePako,Myself and other Fantasy Premier League Managers that captained Mo Salah praying for his Game week two curse not to strike again this season.. 😂😫,,0,3,0,"<a href=""http://twitter.com/download/iphone"" rel=""nofollow"">Twitter for iPhone</a>",,False,7332,1526
1.55904E+18,2022-08-15 04:32:30+00:00,b4nxyApex,Any OCE apex Fantasy premier league junkies interested in a league. DM me my friends,,0,0,1,"<a href=""http://twitter.com/download/android"" rel=""nofollow"">Twitter for Android</a>",Your Dads House,False,97,330
1.55921E+18,2022-08-15 15:55:56+00:00,pinho_st,Devia ter feito as equipas da Fantasy (Liga Portuguesa e Premier League) com mais calma. Fiz à pressa e correu mal. Péssimo início...,,0,1,1,"<a href=""http://twitter.com/download/android"" rel=""nofollow"">Twitter for Android</a>",,False,967,1046
1.55929E+18,2022-08-15 21:29:28+00:00,Sabineshouman,@talalharmouche1 Serie A fan who beat you in fantasy premier league.. have some shame 🌝,,0,1,1,"<a href=""http://twitter.com/download/iphone"" rel=""nofollow"">Twitter for iPhone</a>",Lebanon,False,6404,805
1.55929E+18,2022-08-15 21:31:12+00:00,BrechtGeens,"@LeroyDeltour 3 wedstrijden schorsing voor rode kaart in Premier League is schrijnend ook voor fantasy, wel Cash en Nunez eruit kunnen zetten voor Cancelo en Toney",,0,0,0,"<a href=""https://mobile.twitter.com"" rel=""nofollow"">Twitter Web App</a>",,False,3,173
1.5593E+18,2022-08-15 21:59:43+00:00,TaylorDanRW,So defense of my Fantasy Premier League crown has erm... Started off horrendously,,0,0,0,"<a href=""http://twitter.com/download/android"" rel=""nofollow"">Twitter for Android</a>",Leeds,True,6542,936
1.55957E+18,2022-08-16 15:52:21+00:00,a1omavo,"Fantasy Premier League Code

fu5m63

Join let's have fun.

#fantasypremierleague",['fantasypremierleague'],0,0,0,"<a href=""http://twitter.com/download/iphone"" rel=""nofollow"">Twitter for iPhone</a>",,False,374,363
1.56014E+18,2022-08-18 05:55:59+00:00,NowLatestNews,Fantasy Premier League 22/23: Gameweek 3 tips and advice from experts | Football News https://t.co/v0vghOabBX,,0,0,0,"<a href=""http://publicize.wp.com/"" rel=""nofollow"">Jetpack.com</a>",,False,119,199
1.56022E+18,2022-08-18 10:41:54+00:00,aanakzeus,"@kudilivo Hola pecinta Fantasy Premier League, ikutan yuk FPL Hakim Gacor musim 2022-23. Hadiahnya ngga main main nih, info lengkapnya langsung cek di thread ini ya https://t.co/UIEAmnN93Q

#fpl",['fpl'],0,0,0,"<a href=""https://mobile.twitter.com"" rel=""nofollow"">Twitter Web App</a>",,False,1317,5
1.56034E+18,2022-08-18 18:41:25+00:00,CalosAvalos_7,@joshhart Premier league fantasy ?,,0,0,0,"<a href=""http://twitter.com/download/iphone"" rel=""nofollow"">Twitter for iPhone</a>","California, USA",False,6,53
1.56035E+18,2022-08-18 19:56:33+00:00,sidoo_jordan,"Fantasy Premier League, Week 3: Who to captain, top transfer targets https://t.co/bst4Msa6vD",,0,0,0,"<a href=""https://dlvrit.com/"" rel=""nofollow"">dlvr.it</a>","Vancouver, BC",False,2,1
1.56049E+18,2022-08-19 04:51:44+00:00,AlgulfN,An American tries to join his British newsroom’s Fantasy Premier League https://t.co/XR5HG4qxvo,,0,0,0,"<a href=""http://publicize.wp.com/"" rel=""nofollow"">Jetpack.com</a>",,False,18,0
1.56051E+18,2022-08-19 06:12:58+00:00,In_site_updates,"Fantasy Premier League tips gameweek 3: Gabriel Martinelli, Marc Cucurella, Ivan Perisic and more - https://t.co/QnHMIM6N7o -How many of our picks are in your squad?",,0,0,0,"<a href=""https://in-site.xyz/"" rel=""nofollow"">In_Site_Updates</a>",Worldwide,False,1104,1970
1.56053E+18,2022-08-19 07:35:17+00:00,SwaveDigest,"Fantasy Premier League tips gameweek 3: Gabriel Martinelli, Marc Cucurella, Ivan Perisic and more
https://t.co/k1cPiUkvvA",,0,0,0,"<a href=""https://mobile.twitter.com"" rel=""nofollow"">Twitter Web App</a>",News,False,118,46
1.56059E+18,2022-08-19 11:30:20+00:00,3hillssportsprk,"The first two weeks of the fantasy Premier League league has rolled round and it's close at the top.
It's not too late to join the league and get involved, just use the link https://t.co/SVWQB661ZT
League Code: 3pv0w9 https://t.co/rZMsIJK2NS",,0,0,0,"<a href=""https://www.hootsuite.com"" rel=""nofollow"">Hootsuite Inc.</a>","Folkestone, Kent",False,1453,137
1.56068E+18,2022-08-19 17:30:00+00:00,IndyFootball,Five players you should pick for Fantasy Premier League gameweek 3 https://t.co/Vt00AJIjBs #fpl,['fpl'],0,1,0,"<a href=""https://about.twitter.com/products/tweetdeck"" rel=""nofollow"">TweetDeck</a>",United Kingdom,True,97667,101
1.56069E+18,2022-08-19 18:22:37+00:00,iLatif_,The premier league is not ready for Kudus Mohammed. Getting him in my fantasy ASAP,,135,1989,7,"<a href=""http://twitter.com/download/iphone"" rel=""nofollow"">Twitter for iPhone</a>","Accra, Ghana",False,193647,8201
1.5607E+18,2022-08-19 18:50:09+00:00,Nepal_News_En,Karobar: Yamaha Nepal joins hands with RONB for RayZR Fantasy Premier League - https://t.co/0iYN7L3kIx,,0,0,0,"<a href=""https://twitter.com/nepal_news_en"" rel=""nofollow"">Poster-app</a>","Kathmandu, Nepal",False,15019,58
1.5607E+18,2022-08-19 18:51:41+00:00,viaplaysportpl,"W Fantasy Premier League grają wszyscy. Czy wiecie o tym, że swoją ligę mają nawet polscy szachiści? 

Fantasy i szachy mają sporo wspólnego, o czym mówi @Radek_Wojtaszek 

✅Dołącz do ligi https://t.co/hjaoYgyzYY
https://t.co/4ZjIQFVEej https://t.co/vge7f3cKwN",,12,60,4,"<a href=""https://mobile.twitter.com"" rel=""nofollow"">Twitter Web App</a>",Kontakt: support@viaplay.pl,False,38350,172
1.56094E+18,2022-08-20 10:57:10+00:00,VUSportOfficial,"VUSport Post-Lineups Preview:

TOT vs WOL | Tottenham Hotspur vs Wolves | Premier League Feat. Rakshit Chopra (@FantasyScout_11)

- Confirmed Lineups
- Best Fantasy XI
- Key Stats &amp; Tips

Full Video 👉 https://t.co/9LAkmHb806

#TOTWOL #PL https://t.co/u3yGJeI7wX","['TOTWOL', 'PL']",0,1,0,"<a href=""https://mobile.twitter.com"" rel=""nofollow"">Twitter Web App</a>",,False,5938,46
1.5614E+18,2022-08-21 16:50:58+00:00,Yng_Rapscallion,Betway and Fantasy Premier League are in bed with each other😭,,0,0,0,"<a href=""http://twitter.com/download/android"" rel=""nofollow"">Twitter for Android</a>",,False,75,82
1.56141E+18,2022-08-21 17:49:55+00:00,Big_Billy5,"@ManCity @EASPORTSFIFA @BernardoCSilva If your can beat me try me innit...

For the 2022/23 Fantasy Premier        ""I love it up dias"" or Haaland your nan

https://t.co/0L8sR44RIW

League Code: blxxr6 or jh1q3k https://t.co/I0Rg2NQ2vP",,0,0,0,"<a href=""http://twitter.com/download/android"" rel=""nofollow"">Twitter for Android</a>",,False,476,518
1.56142E+18,2022-08-21 18:21:26+00:00,devia_viona,"Tujipime wana jinsi tunavyo wakosoa makocha kua wewe kocha sasa panga timu yako. For the 2022 / 23 Fantasy Premier League "" Yanga / Simba Fantasy League "" code hii apa 9hxwsd.",,0,0,0,"<a href=""http://itunes.apple.com/us/app/twitter/id409789998?mt=12"" rel=""nofollow"">Twitter for Mac</a>",Mimika,False,22,15
1.56142E+18,2022-08-21 18:48:02+00:00,XabaKhanyisile,@sherylneptune Fantasy premier league…it’s complicated to explain,,0,0,1,"<a href=""http://twitter.com/download/iphone"" rel=""nofollow"">Twitter for iPhone</a>",Pretoria / Potchefstroom,False,401,352
1.56168E+18,2022-08-22 11:43:14+00:00,Owuraqu_filip,Fantasy Premier League will humble you . If you are about to insult some football manager because of his performance check your fantasy premier league points . 😂😂😂,,0,0,0,"<a href=""http://twitter.com/download/iphone"" rel=""nofollow"">Twitter for iPhone</a>","Kumasi, Ghana",False,2667,2589
1.5618E+18,2022-08-22 19:18:47+00:00,chil_kaenga,Liverpool also messing up my fantasy premier league,,0,0,0,"<a href=""http://twitter.com/download/android"" rel=""nofollow"">Twitter for Android</a>",London,False,400,821
1.56185E+18,2022-08-22 22:42:48+00:00,Iamkofikay55,Virgil Van Dijk has 4 points from 3 games in the Fantasy premier league. 😳😹😹,,1,3,0,"<a href=""http://twitter.com/download/iphone"" rel=""nofollow"">Twitter for iPhone</a>","Kumasi, Ghana",False,7505,7191
1.56204E+18,2022-08-23 11:20:35+00:00,mandm_football,"Some interesting results this weekend will have meant some interesting Fantasy Premier League scores.
Pick your reaction to your weekend! 👇",,6,67,0,"<a href=""https://mobile.twitter.com"" rel=""nofollow"">Twitter Web App</a>",,False,8995,75
1.56204E+18,2022-08-23 11:34:06+00:00,lxgcove,"Congratulations to our MEGA league winner for Gameweek 3 'under bridge boys'. He wins himself a fantastic prize as our top ranked manager of the week. Fantasy premier league is fun and exciting, draft your team in to our platform and get your reward for passion. #FPL https://t.co/EQLNtul5wW",['FPL'],1,3,0,"<a href=""http://twitter.com/download/android"" rel=""nofollow"">Twitter for Android</a>",,False,52,65
1.5624E+18,2022-08-24 11:26:01+00:00,ToontalkNews,"via Telegram
Toontalk News: 'Fantasy Premier League (Twitter) Kieran Trippier is the only defender to produce returns in each of the first three Gameweeks 👀 He's one to watch in GW4 👉 https://t.co/7Mu1a20bdw #FPL' https://t.co/CNqW2dnO2W https://t.co/hyHldpHooP",['FPL'],0,2,0,"<a href=""https://ifttt.com"" rel=""nofollow"">IFTTT</a>",Newcastle-upon-Tyne,False,1270,2233
1.56277E+18,2022-08-25 12:00:31+00:00,BikbalR,Fantasy Premier League: How to use the bonus point system https://t.co/0kRRMeGdD8,,0,0,0,"<a href=""http://publicize.wp.com/"" rel=""nofollow"">Jetpack.com</a>",,False,45,369
1.56304E+18,2022-08-26 06:04:09+00:00,SPORTSCIRCUSINT,"Fantasy Premier League tips gameweek 4: Ivan Perisic, Marcus Rashford, Ivan Toney and more https://t.co/0LdvddECP5 https://t.co/KA1rcSNJcG",,3,29,0,"<a href=""https://dlvrit.com/"" rel=""nofollow"">dlvr.it</a>",Germany / Great Britain,False,1452,2372
1.56309E+18,2022-08-26 09:00:42+00:00,IndoSport,"Your guide to Gameweek 4 of the Fantasy Premier League. 
https://t.co/MWVU9INxVm",,0,0,0,"<a href=""https://buffer.com"" rel=""nofollow"">Buffer</a>",Ireland,True,80354,295
1.5632E+18,2022-08-26 16:26:50+00:00,AnlKantemir,"Fantasy Premier League muhteşem bir kullanıcı deneyimi sunarken, PO Sosyal Lig bir o kadar kullanıcıyı canından bezdiren bir uygulama. Biri size yetişkin Disneyland’ı sunarken diğeri kırık dökük bir oyun parkındaymışsınız hissi uyandırıyor. İyiyi örnek almak zor değil. #uiux",['uiux'],0,5,0,"<a href=""http://twitter.com/download/iphone"" rel=""nofollow"">Twitter for iPhone</a>",,False,224,552
1.56324E+18,2022-08-26 18:47:13+00:00,iPaperSport,"😑 TAA's last chance
🇧🇷 Double Arsenal attack
🔥 FPL's top-scoring player

Fantasy Premier League tips for Gameweek 4 from @OMyles90

https://t.co/GRJ2aU2rGG",,0,0,0,"<a href=""https://www.echobox.com"" rel=""nofollow"">Echobox</a>",,True,59475,396
1.56337E+18,2022-08-27 03:48:07+00:00,Son_of_Douglas,"Hello, For the 2022/23 Fantasy Premier League why don't you join my mini-league ""Maverick EPL""? Joining the league couldn't be easier. Simply use the link below and you'll be added automatically after you've entered the game. https://t.co/perHcqavEp League Code: 3xj2ll",,0,0,0,"<a href=""http://twitter.com/download/android"" rel=""nofollow"">Twitter for Android</a>",,False,2551,3043
1.56354E+18,2022-08-27 14:47:58+00:00,SportsMax_Carib,"Remember you can win big every month with SportsMax’s Fantasy Premier League 💰 

Download the app and build your team today!

You can find the app on the Google Play store or the App Store.

#SportsMaxFPL https://t.co/qAeHNxJ6xJ",['SportsMaxFPL'],4,1,0,"<a href=""http://twitter.com/download/iphone"" rel=""nofollow"">Twitter for iPhone</a>","Kingston, Jamaica",False,8049,1730
1.56355E+18,2022-08-27 15:44:03+00:00,R_leivac,@BenJNissim Hi Ben . Can you through the link to your fantasy premier league fútbol cup plz !!,,0,0,1,"<a href=""http://twitter.com/download/iphone"" rel=""nofollow"">Twitter for iPhone</a>","La Florida, Chile",False,65,469
1.56356E+18,2022-08-27 16:09:08+00:00,josh_valor,@Ekitipikin FANTASY PREMIER LEAGUE @Ekitipikin,,0,5,2,"<a href=""http://twitter.com/download/iphone"" rel=""nofollow"">Twitter for iPhone</a>",,False,168,301
1.56356E+18,2022-08-27 16:17:01+00:00,cjswiift,@Ekitipikin @_spiriituaL Fantasy premier league,,0,0,0,"<a href=""http://twitter.com/download/iphone"" rel=""nofollow"">Twitter for iPhone</a>",Belgium,False,72,575
1.5636E+18,2022-08-27 18:40:19+00:00,kennyugo21,"Fantasy premier League 😬😬😬
Haaland and Odegaard always giving me Joy. 
Gabriel Jesus and zinchencko why???😭😭 https://t.co/HTh7tHduPI",,1,3,1,"<a href=""http://twitter.com/download/android"" rel=""nofollow"">Twitter for Android</a>","Lagos, Nigeria",False,5055,5338
1.56393E+18,2022-08-28 16:43:49+00:00,Byarrd,@MIGUELBLEIS It’s like fantasy but for the premier league,,0,0,1,"<a href=""http://twitter.com/download/iphone"" rel=""nofollow"">Twitter for iPhone</a>",🕋,False,2156,1551
1.56399E+18,2022-08-28 20:58:16+00:00,SaffyAFC,Gameweek 4 done and dusted in the premier league fantasy league. https://t.co/80XduibZPX,,0,1,1,"<a href=""https://mobile.twitter.com"" rel=""nofollow"">Twitter Web App</a>",Banterbury,False,67,198
1.564E+18,2022-08-28 21:36:48+00:00,rodriguemfeung1,"Fantasy football this weekend was wild in the premier league. 78pts for me, not bad😏 #fantasypremierleague",['fantasypremierleague'],0,0,1,"<a href=""http://twitter.com/download/iphone"" rel=""nofollow"">Twitter for iPhone</a>","Nizhniy Novgorod, Russie",False,274,352
1.56404E+18,2022-08-29 00:02:33+00:00,swimtoshorey,In the top 5000 best fantasy premier league teams in the USA,,0,4,0,"<a href=""http://twitter.com/download/iphone"" rel=""nofollow"">Twitter for iPhone</a>","Denver, CO",False,259,405
1.56407E+18,2022-08-29 01:56:08+00:00,moyyom,"It’s about that time of year where there is Premier League, NFL and of course fantasy football going on at once. Not to mention the World Cup. What a time to be alive",,0,3,2,"<a href=""http://twitter.com/download/iphone"" rel=""nofollow"">Twitter for iPhone</a>",United States,False,112,523
1.56421E+18,2022-08-29 11:32:33+00:00,jennmoraess,"Bom dia

Amanha tem Premier League de novo não esquece o fantasy",,0,1,0,"<a href=""https://about.twitter.com/products/tweetdeck"" rel=""nofollow"">TweetDeck</a>","Philadelphia, PA",False,1484,651
1.56422E+18,2022-08-29 12:05:58+00:00,BenditoFantasy,"¡Hola gente bonita que juegua #FPL!

Así está el Top 10 de la liga de Bendito Fantasy después de la #GW4,

🥇Primer Lugar: Cabaiguan FC de #Cuba 🇨🇺
🎖️Mejor Equipo: DR.  PREMIER de #Venezuela  🇻🇪 con 101 puntos

#ComunidadFPL #FPLLatino #FPLenEspañol https://t.co/QlmqN0f7Hk","['FPL', 'GW4', 'Cuba', 'Venezuela', 'ComunidadFPL', 'FPLLatino', 'FPLenEspañol']",2,8,0,"<a href=""http://twitter.com/download/android"" rel=""nofollow"">Twitter for Android</a>",,False,856,118
1.5643E+18,2022-08-29 17:05:15+00:00,richolmestwit,My first time playing fantasy premier league and I didn’t know you could play 4-3-3 so I’ve had Mitrovic on the bench all season 😃,,0,1,0,"<a href=""http://twitter.com/download/iphone"" rel=""nofollow"">Twitter for iPhone</a>",Brighton - England,False,4776,2991
1.56456E+18,2022-08-30 10:06:17+00:00,gambling_com,"⏰ The Fantasy Premier League GW5 transfer deadline is at 6pm this evening and once again we've got you covered with an in depth preview of this weeks fixtures 👇
https://t.co/Kd9OQ4Rdfa",,1,0,0,"<a href=""https://app.agorapulse.com"" rel=""nofollow"">Agorapulse app</a>",Global,False,4601,2162
1.56458E+18,2022-08-30 11:46:58+00:00,Sy_fizuan,i want a restart of the fantasy premier league,,0,0,0,"<a href=""https://mobile.twitter.com"" rel=""nofollow"">Twitter Web App</a>",Back Home!!!!!!,False,66,101
1.56459E+18,2022-08-30 12:29:59+00:00,UnderCentrePod,Getting to that point of the year where NFL fantasy football takes over and the Premier league team is forgotten about. https://t.co/QVO4MersgG,,39,51,6,"<a href=""https://buffer.com"" rel=""nofollow"">Buffer</a>","Dublin, Ireland",False,3558,3253
1.56489E+18,2022-08-31 08:28:43+00:00,Olawalium,"Hive Fantasy Premier League, GW4: https://t.co/rzWOSV5btv

@hiveblocks @hive_blockchain @HiveBlogShare @OfficialFPL @SportsTalkHive @premierleague 

#hive $hive #blog #writing #nigeria #fpl #epl","['hive', 'blog', 'writing', 'nigeria', 'fpl', 'epl']",0,5,0,"<a href=""http://twitter.com/download/android"" rel=""nofollow"">Twitter for Android</a>",Nigeria.,False,3190,4126
1.56493E+18,2022-08-31 11:07:06+00:00,YawLander,"Play Fantasy Premier League and join my mini-league
League Code: b3i7oh https://t.co/1SuNjZE15j",,0,0,0,"<a href=""http://twitter.com/download/iphone"" rel=""nofollow"">Twitter for iPhone</a>",Tema,False,1845,2955
1.56503E+18,2022-08-31 17:26:09+00:00,tuLuFC,"alt man lærer av å lese VG.....
fant nettopp ut at jeg har 50 poeng mer enn Guri Melby i fantasy premier league!! 💪💪😂
#DagensUnyttigeInfo",['DagensUnyttigeInfo'],0,0,0,"<a href=""https://mobile.twitter.com"" rel=""nofollow"">Twitter Web App</a>",Lillehammer/Norway,False,102,280
1.56531E+18,2022-09-01 11:47:58+00:00,ougoodiwuor,@dan_mwaush @OfficialFPL @ManCity Fantasy Premier League is my World.,,0,0,0,"<a href=""http://twitter.com/download/android"" rel=""nofollow"">Twitter for Android</a>","Nairobi, Kenya",False,3314,2510
1.56552E+18,2022-09-02 01:51:55+00:00,Brightfeed1,Fantasy Premier League: Budget buys for Gameweek 4 https://t.co/uUMJBvmyS2,,0,0,0,"<a href=""http://publicize.wp.com/"" rel=""nofollow"">Jetpack.com</a>",,False,17,140
1.56557E+18,2022-09-02 05:16:56+00:00,goonerlogy,Fantasy Premier League: Adjusting your team structure for FPL Gameweek 6: https://t.co/7BqUJgbNkZ,,0,0,0,"<a href=""https://ifttt.com"" rel=""nofollow"">IFTTT</a>",Singapore,False,198,216
1.56559E+18,2022-09-02 06:56:56+00:00,Brightfeed1,Fantasy Premier League: Adjusting your team structure for FPL Gameweek 6 https://t.co/4xXTArf8bq,,0,0,0,"<a href=""http://publicize.wp.com/"" rel=""nofollow"">Jetpack.com</a>",,False,17,140
1.56563E+18,2022-09-02 08:58:55+00:00,Brightfeed1,Fantasy Premier League: Why clean sheet and anytime scorer odds are so useful https://t.co/xniBkAf0Xk,,0,0,0,"<a href=""http://publicize.wp.com/"" rel=""nofollow"">Jetpack.com</a>",,False,17,140
1.56569E+18,2022-09-02 13:08:31+00:00,adabagcompany,Premier League Fantasy Football: Who should I pick and who should I drop this weekend? https://t.co/yhlXjJn4CL,,0,0,0,"<a href=""http://publicize.wp.com/"" rel=""nofollow"">Jetpack.com</a>",Brasil,False,1535,675
1.56581E+18,2022-09-02 21:10:59+00:00,Brightfeed1,Should You Add Manchester Uniteds Antony To Your Fantasy Premier League Team https://t.co/byfDbWy9NK,,0,0,0,"<a href=""http://publicize.wp.com/"" rel=""nofollow"">Jetpack.com</a>",,False,17,140
1.56596E+18,2022-09-03 06:51:12+00:00,FPLgalaxyzm,FPL GAMEWEEK 6 TEAM SELECTION AND GW 5 TEAM REVIEW |Fantasy Premier Leag... https://t.co/TaNJjakO7N via @YouTube,,0,0,0,"<a href=""https://mobile.twitter.com"" rel=""nofollow"">Twitter Web App</a>",,False,511,801
1.56601E+18,2022-09-03 10:27:11+00:00,sofiasfootball,SFT FANTASY PREMIER LEAGUE | GAMEWEEK 6 | HAALAND CAPTAIN &amp; FIRMINO IN? https://t.co/fWx6gmbAaM via @YouTube #fpl #FPLCommunity #fantasy #fantasypremierleague #PremierLeague,"['fpl', 'FPLCommunity', 'fantasy', 'fantasypremierleague', 'PremierLeague']",0,0,0,"<a href=""http://twitter.com/download/iphone"" rel=""nofollow"">Twitter for iPhone</a>","Oslo, Norge",False,132,331
1.56609E+18,2022-09-03 15:50:37+00:00,al_ve0207,Je vais rage-quitte Fantasy Premier League 😭,,0,0,0,"<a href=""http://twitter.com/download/iphone"" rel=""nofollow"">Twitter for iPhone</a>",,False,79,173
1.56616E+18,2022-09-03 20:42:20+00:00,followthelemur,I completely ignored fantasy premier league this year and did this instead - top 1000... https://t.co/95RZJEnUWK,,0,0,0,"<a href=""http://twitter.com/download/android"" rel=""nofollow"">Twitter for Android</a>","Cambridge, UK",False,426,628
1.56641E+18,2022-09-04 13:14:03+00:00,AmaalAta7,Fantasy premier  league:🙃 https://t.co/a297o1MDau,,0,0,0,"<a href=""http://twitter.com/download/android"" rel=""nofollow"">Twitter for Android</a>","الغربية, مصر",False,206,295
1.56643E+18,2022-09-04 14:02:16+00:00,_andrecferreira,"@EmiKevin @dankuwel123 O problema do Mitrovic é que não era bem utilizado anteriormente. Lembro-me da época desastrosa com o Scott Parker na Premier League. Com o Marco Silva encontrou o estilo de jogo ideal, feito à medida para as suas características. Tenho-o desde o início na Fantasy 😂",,0,1,0,"<a href=""http://twitter.com/download/android"" rel=""nofollow"">Twitter for Android</a>","Cascais, Portugal",False,2441,2161
1.56672E+18,2022-09-05 09:40:09+00:00,szmerfinho,"@maxbeatlesLFC Myślałem, że chodzi o fantasy premier league..",,0,7,1,"<a href=""http://twitter.com/download/android"" rel=""nofollow"">Twitter for Android</a>",,False,39,262
1.56673E+18,2022-09-05 09:56:45+00:00,Rasundastadion,Personen framför mig kollade inte på matchen alls utan stod och diskuterade fantasy premier League hela matchen. Personen bakom spenderade 90 min att kritisera Kimpioka. Snacka om snefokus. Sen sluter idioterna upp med resten av östra när det ska börja pekas finger mot norra.,,0,25,3,"<a href=""http://twitter.com/download/iphone"" rel=""nofollow"">Twitter for iPhone</a>",RåsundaStadion,False,234,349
1.56683E+18,2022-09-05 16:55:03+00:00,mariogi24250813,@PolliceAzzurro vedere la Premier League sembra guardare un film fantasy rispetto alla nostra realtà.,,0,0,0,"<a href=""https://mobile.twitter.com"" rel=""nofollow"">Twitter Web App</a>",,False,21,20
1.56688E+18,2022-09-05 20:09:14+00:00,pemulungluka,Ini gw mau buka akun premier league fantasy kagak bisa muluk dah. Asyeeem,,0,0,1,"<a href=""http://twitter.com/download/android"" rel=""nofollow"">Twitter for Android</a>",Jakarta Timur,False,359,688
1.56761E+18,2022-09-07 20:18:01+00:00,Msports186,@Fantasy_Guru Could be Ivan Toney from Fantasy English Premier League. Scored a hat trick over the weekend and is one of the most transferred in https://t.co/V55JU0MCP5,,0,0,0,"<a href=""http://twitter.com/download/iphone"" rel=""nofollow"">Twitter for iPhone</a>",United States,False,100,185
1.56781E+18,2022-09-08 09:23:58+00:00,KLmire,Shane Duffy shares screenshot of his Fantasy Premier League team https://t.co/1xmip5Dbhk,,0,0,0,"<a href=""http://publicize.wp.com/"" rel=""nofollow"">Jetpack.com</a>",United States,False,58,235
1.56794E+18,2022-09-08 18:10:13+00:00,isahkobo,@Etz_defoe @goal @PatsonDaka20 @LCFC @premierleague Fantasy premier league relegator,,0,0,0,"<a href=""http://twitter.com/download/android"" rel=""nofollow"">Twitter for Android</a>","Minna, Nigeria",False,769,1333
1.56822E+18,2022-09-09 12:48:04+00:00,Tsportsanalysis,"This is for Fantasy Premier League lovers.. 

Credit FPL

#football #Queen #trending #truesportsanalysis #bbnaija #englishfootball #england https://t.co/1aOHBbmr8Y","['football', 'Queen', 'trending', 'truesportsanalysis', 'bbnaija', 'englishfootball', 'england']",0,0,0,"<a href=""http://instagram.com"" rel=""nofollow"">Instagram</a>",,False,10,73
1.56975E+18,2022-09-13 17:57:21+00:00,_nikhilsheoran,"MPL and Dream11 to be on Google Play soon?

On 8th September, Google released a new set of guidelines for the play store, announcing the launch of a pilot program, which allows fantasy sports apps like Mobile Premier League (MPL) or Dream11 to be distribu…https://t.co/vgx9oA5anI",,0,2,0,"<a href=""http://www.linkedin.com/"" rel=""nofollow"">LinkedIn</a>","Delhi, India",False,227,326
1.5699E+18,2022-09-14 04:08:08+00:00,ShortforSports,"Any suggestion on this week's Fantasy premier league as some matches are postponed and mostly will take place.

.
#FPLCommunity #FPL #PremierLeague https://t.co/HVUzctpkMJ","['FPLCommunity', 'FPL', 'PremierLeague']",0,0,0,"<a href=""http://twitter.com/download/android"" rel=""nofollow"">Twitter for Android</a>",,False,24,56
1.56997E+18,2022-09-14 08:45:22+00:00,KLmire,How do cancelled matches affect Fantasy Premier League? | Football https://t.co/W9ZbHJd6Ud,,0,0,0,"<a href=""http://publicize.wp.com/"" rel=""nofollow"">Jetpack.com</a>",United States,False,58,235
1.57049E+18,2022-09-15 18:59:39+00:00,TeamCasuals_,Join us tonight for Episode.05 of the Team Casuals' Fantasy Premier League. #FPLCommunity #fplextratime #EPL  https://t.co/bPfJ72npfU,"['FPLCommunity', 'fplextratime', 'EPL']",0,1,0,"<a href=""https://mobile.twitter.com"" rel=""nofollow"">Twitter Web App</a>",United Kingdom,False,12,404
1.57066E+18,2022-09-16 06:09:45+00:00,Byyri,"Fantasy Premier League makasiini alkaa! 

Byyri FPL Show Game day 7
👉 katso jakso https://t.co/n5j92fb1Lo

Nicolas ja Antti pelaavat Fantasya ja keskustelevat viikottain tulevista peleistä ja pelaajista. https://t.co/Gnr4NmSHkO",,1,3,0,"<a href=""http://twitter.com/download/iphone"" rel=""nofollow"">Twitter for iPhone</a>",,False,8582,1487
1.57081E+18,2022-09-16 16:26:00+00:00,reidopitaco,"Hoje tem Premier League e Série B no Rei do Pitaco!

Sextou escalando e reinando com o Maior Fantasy Game Diário do Brasil 👑",,0,0,0,"<a href=""https://mobile.twitter.com"" rel=""nofollow"">Twitter Web App</a>",,False,5739,25
1.57084E+18,2022-09-16 18:31:09+00:00,Iamsospete1,@prossoff_ Fantasy premier league hii,,0,0,1,"<a href=""http://twitter.com/download/android"" rel=""nofollow"">Twitter for Android</a>",,False,29172,848
1.5711E+18,2022-09-17 11:44:04+00:00,VUSportOfficial,"VUSport Football Preview:

TOT vs LEI | Tottenham Hotspur vs Leicester City | Premier League feat. Rakshit Chopra (@FantasyScout_11)

- Best Fantasy XI
- Key Stats
- Probable Lineups
- Grand League Tips

Full Video 👉 https://t.co/L062nDLrYe

#PL #TOTLEI https://t.co/uTAvgr2LKi","['PL', 'TOTLEI']",0,3,1,"<a href=""https://mobile.twitter.com"" rel=""nofollow"">Twitter Web App</a>",,False,5938,46
1.57111E+18,2022-09-17 12:02:05+00:00,Brightfeed1,"Fantasy Premier League: Premium picks, risers and fallers, unlimited transfers during World Cup https://t.co/6oMFfQAoys",,0,0,0,"<a href=""http://publicize.wp.com/"" rel=""nofollow"">Jetpack.com</a>",,False,17,140
1.5715E+18,2022-09-18 13:56:35+00:00,Itshaber,"@FPL_Dan_ @ssean37 This is a private league but my public league code is https://t.co/bHQ6aFEfgv Play Fantasy Premier League and join my mini-league
League Code: 6i6ub6",,0,0,1,"<a href=""http://twitter.com/download/iphone"" rel=""nofollow"">Twitter for iPhone</a>",Old Trafford,True,92981,1002
1.57225E+18,2022-09-20 16:00:01+00:00,WSB_KE,"Fantasy Premier League managers, unaweza explain hii feeling aje?😅

Bonga na WSB!🎙

Visit Our Website➡: https://t.co/rkPEHUeykp
#fantasy  #football  #TeamWSB 
PAYBILL: 434700

Join Our Telegram Channel➡: https://t.co/wcltyNDux4 https://t.co/Nbs9PMBzNz","['fantasy', 'football', 'TeamWSB']",2,3,1,"<a href=""https://mobile.twitter.com"" rel=""nofollow"">Twitter Web App</a>","Nairobi, Kenya",False,454,325
1.57322E+18,2022-09-23 08:00:00+00:00,RhysFPL,Are you missing Fantasy Premier League? #FPL,['FPL'],0,1,1,"<a href=""https://about.twitter.com/products/tweetdeck"" rel=""nofollow"">TweetDeck</a>","Wales, United Kingdom",False,450,183
1.57439E+18,2022-09-26 13:20:41+00:00,Richenybasquete,"Próxima semana tem Premier League. Não tenho o Salah no team, e agora somente 32% do pessoal da fantasy tem o egípcio. Tenho o KBD, e haverá o derbi de Manchester. Ao passo que o Merseyside Red joga com o Brighton que está a fazer uma super campanha. Fica assim não mexo no team.",,0,0,0,"<a href=""http://twitter.com/download/iphone"" rel=""nofollow"">Twitter for iPhone</a>",Huila Angola,False,1096,490
1.57481E+18,2022-09-27 17:17:56+00:00,styles_o6,"Fantasy premier league is so hard now. I used to enjoy just spamming Gerrard, Lampard and C.Ronaldo, add maybe Rooney/Fabregas. Rub the rest with 4.5 players. Now, you go dey do data analytics and xG analysis",,0,0,0,"<a href=""http://twitter.com/download/iphone"" rel=""nofollow"">Twitter for iPhone</a>","Toronto, Ontario",False,736,374
1.57506E+18,2022-09-28 10:01:10+00:00,RotoBaller,Fantasy Premier League: Gameweek 9 Staff Roundtable https://t.co/87BGN0tksD by @EuanOrYouOut,,1,2,0,"<a href=""http://www.rotoballer.com"" rel=""nofollow"">wp-to-twi</a>",Listen in live on SiriusXM 🎙,False,25469,1819
1.57562E+18,2022-09-29 23:03:17+00:00,WarnnerOchoa,There’s Still Time To Join Crypto’s Premier Fantasy NFT Trading League https://t.co/oZpR4AsDJx,,0,0,0,"<a href=""http://publicize.wp.com/"" rel=""nofollow"">Jetpack.com</a>",,False,12,31
1.57592E+18,2022-09-30 19:00:00+00:00,FPLMattDay,WILDCARD TOP 5 FORWARD PICKS | FANTASY PREMIER LEAGUE https://t.co/M2DgtpL4Zg,,0,0,0,"<a href=""https://periscope.tv"" rel=""nofollow"">Periscope</a>","Melbourne, Victoria",False,1776,979
1.576E+18,2022-10-01 00:23:02+00:00,CovenantXChaser,"@BarclaysWSL @BarclaysWSL please work on creating an app like the Premier League official app, could have Fantasy features too",,0,1,0,"<a href=""http://twitter.com/download/android"" rel=""nofollow"">Twitter for Android</a>","Enugu, Nigeria",False,95,630
1.57613E+18,2022-10-01 08:56:38+00:00,PilotFlame226,"We are LIVE for our #FPL #GW9 Deadline Stream!

Catch us HERE 👉 https://t.co/M0g6IV3Imj

FPL: GAMEWEEK 9 DEADLINE | WILDCARD ACTIVE! | LIVE STREAM | FANTASY PREMIER LEAGUE TIPS 2022/23

#FPL #FantasyPremierLeague #GW9 #EPL #PremierLeague #FPLCommunity #GlazersOut #ad https://t.co/RhNq6a7ZpU","['FPL', 'GW9', 'FPL', 'FantasyPremierLeague', 'GW9', 'EPL', 'PremierLeague', 'FPLCommunity', 'GlazersOut', 'ad']",0,1,0,"<a href=""https://mobile.twitter.com"" rel=""nofollow"">Twitter Web App</a>",,False,280,296
1.57627E+18,2022-10-01 17:52:26+00:00,ChBurgess11,@premierleague @WestHam Please remove the assist you have credited Bowen with for this goal on fantasy premier league . The defender cleared the ball and it was not passed to him or touched last by Bowen !!!,,0,0,0,"<a href=""https://mobile.twitter.com"" rel=""nofollow"">Twitter Web App</a>",Ireland,False,243,646
1.57661E+18,2022-10-02 16:36:51+00:00,Goals_Gone_Wild,"@andyholloway Never understood why it’s not like the Fantasy Premier League game where you can order your bench. If someone is a late scratch, someone from same position is automatically swapped in.",,0,0,0,"<a href=""http://twitter.com/download/iphone"" rel=""nofollow"">Twitter for iPhone</a>","Born Cork, Live Dublin",False,157,855
1.57662E+18,2022-10-02 16:54:44+00:00,CTrubz,"Fantasy Premier League Managers (FPL) drop your good advice for me please:

GW10:
SOT are away against MCI ⚽️
CRY are at home against LEE ⚽️

Do you think Zaha is likely to get 4+ points more than Ward-Prowse in GW10? 

#FPL #EPL #FPLCommunity #gw10 #mci #fplhelp #fpltransfers ⚽️","['FPL', 'EPL', 'FPLCommunity', 'gw10', 'mci', 'fplhelp', 'fpltransfers']",0,1,1,"<a href=""http://twitter.com/download/iphone"" rel=""nofollow"">Twitter for iPhone</a>","London, UK",False,747,871
1.57664E+18,2022-10-02 18:43:16+00:00,FiFi_JG,@infVAL_ Broo let’s make a fantasy premier league,,0,0,1,"<a href=""http://twitter.com/download/iphone"" rel=""nofollow"">Twitter for iPhone</a>",,False,20,55
1.57697E+18,2022-10-03 16:12:48+00:00,nabibinada,@gabimartinelli do you play fantasy premier league?,,0,0,0,"<a href=""http://twitter.com/download/iphone"" rel=""nofollow"">Twitter for iPhone</a>",,False,2,1297
1.57718E+18,2022-10-04 05:56:17+00:00,Muller_Matambo,"If you have less than 450 fantasy Premier league points in total so far 

Delete your account today",,20,114,28,"<a href=""http://twitter.com/download/android"" rel=""nofollow"">Twitter for Android</a>",Santiago bernabeu,False,25588,14812
1.57728E+18,2022-10-04 13:01:17+00:00,TEAMtalk,Things didn’t go to plan for this Fantasy Premier League manager 😅 #FPL https://t.co/ig3kf9pIlL,['FPL'],0,12,0,"<a href=""https://buffer.com"" rel=""nofollow"">Buffer</a>","Leeds, UK",True,88774,7656
1.57749E+18,2022-10-05 02:46:40+00:00,EPLChile,"¡Fantasy Football Premier League!

Así va nuestra liga, luego de 8 fechas. 

Adolfo's at the wheel en primera posición 💪 

Este es el top 20: 

¿Cómo van ustedes?

#PL #FPL https://t.co/0aBN0sqLci","['PL', 'FPL']",0,6,1,"<a href=""http://twitter.com/download/android"" rel=""nofollow"">Twitter for Android</a>",Santiago,False,4057,671
1.57775E+18,2022-10-05 19:57:31+00:00,RotoWireSoccer,"Fantasy Premier League Player Rankings: Gameweek 10
https://t.co/QW8u07HT0X",,0,0,0,"<a href=""http://www.rotowire.com/soccer"" rel=""nofollow"">Breaking News Soccer</a>",,False,3790,437
1.57794E+18,2022-10-06 08:25:54+00:00,NowLatestNews,Fantasy Premier League: Gameweek 10 Preview https://t.co/V1NP2JxFru,,0,0,0,"<a href=""http://publicize.wp.com/"" rel=""nofollow"">Jetpack.com</a>",,False,119,199
1.5787E+18,2022-10-08 10:33:21+00:00,HypeTrainHQ,"⚽️ FPL Fantasy Forecast! ⚽️

The Premier League's 10th round of games is here, and ahead of the #GW10 deadline for Fantasy players, our team (@HypeTrainSam &amp; @HypeTrainRob), provide their predictions, insight, and #FPL squads.

Read our Forecast now ⤵️
https://t.co/hR2ffxpOtM","['GW10', 'FPL']",2,3,0,"<a href=""https://mobile.twitter.com"" rel=""nofollow"">Twitter Web App</a>",contact@thehypetrain.co.uk,False,5843,1155
1.57877E+18,2022-10-08 15:36:25+00:00,valexrivera,Running a premier league fantasy team is exhausting I didn’t even know this existed,,0,2,1,"<a href=""http://twitter.com/download/iphone"" rel=""nofollow"">Twitter for iPhone</a>","Atlanta, GA",False,459,231
1.57885E+18,2022-10-08 20:56:05+00:00,vicks0100,@Stankeez1 @HoneybeeNG @TheMalikSZN Fantasy premier league,,0,0,0,"<a href=""http://twitter.com/download/iphone"" rel=""nofollow"">Twitter for iPhone</a>",Web3.0,False,753,1452
1.57916E+18,2022-10-09 17:19:01+00:00,Que_Chill,Boleh dah kot slow slow jual trent ni kat fantasy premier league 😂,,0,0,0,"<a href=""http://twitter.com/download/iphone"" rel=""nofollow"">Twitter for iPhone</a>",Extraterrestrial,False,1253,860
1.57947E+18,2022-10-10 13:42:28+00:00,VUSportOfficial,"VUSport Football Preview:

NOT vs AVL | Nottingham Forest vs Aston Villa | Premier League feat. Rakshit Chopra (@FantasyScout_11)

- Best Fantasy XI
- Key Stats
- Probable Lineups
- Grand League Tips

Full Video 👉 https://t.co/rr2hdZgMi9

#PL #NottinghamForest #AstonVilla https://t.co/0P8yQTp54d","['PL', 'NottinghamForest', 'AstonVilla']",0,8,0,"<a href=""https://studio.twitter.com"" rel=""nofollow"">Twitter Media Studio</a>",,False,5938,46
1.57974E+18,2022-10-11 08:02:43+00:00,white_vision,"FA PREMIER LEAGUE FANTASTY LEAGUE TABLE

After a score of 72 this week I'm climbing but a long way off sitting 141st in our league 

Where do you sit in our table &amp; who has been your fantasy football flop this season? 

#YourtheBoss https://t.co/QNzeQ1zjBC",['YourtheBoss'],1,2,1,"<a href=""http://twitter.com/download/android"" rel=""nofollow"">Twitter for Android</a>","Newcastle Upon Tyne, England",False,3626,5000
1.57991E+18,2022-10-11 18:46:37+00:00,PWorldwideFFL,"The rankings for Prestige Worldwide, the premier fantasy football league, after five weeks of play. https://t.co/aLR3Dv7CDd",,0,4,0,"<a href=""http://twitter.com/download/iphone"" rel=""nofollow"">Twitter for iPhone</a>",,False,23,14
1.58093E+18,2022-10-14 14:37:54+00:00,MaestroPanenka,"⚠️‼️NUEVO VIDEO‼️ ⚠️
 🎮 Fantasy Premier League 2022/2023

⚽️ GW11: Son Triple Spurs?

#fpl #fantasypremierleague #premierleague #fplgw11 #gw11 
@OfficialFPL

📹VER AQUÍ👇
https://t.co/d4WDzZ6sLI","['fpl', 'fantasypremierleague', 'premierleague', 'fplgw11', 'gw11']",0,1,0,"<a href=""https://mobile.twitter.com"" rel=""nofollow"">Twitter Web App</a>",,False,92,4
1.58098E+18,2022-10-14 18:02:23+00:00,eisha_acton_,ONE HOUR LEFT to join my @spitch_uk fantasy league 😎 whoever scores the most points this Premier League GW wins £200 🫣 it’s free to play➡️ https://t.co/DuiixWeIj0 #ad,['ad'],0,2,0,"<a href=""http://twitter.com/download/iphone"" rel=""nofollow"">Twitter for iPhone</a>",Kingdom of Saudi Arabia,False,11032,916
1.5813E+18,2022-10-15 15:17:38+00:00,Jelldinho,Forgot to set my fantasy premier league lineup the last two weeks. 😔,,0,2,1,"<a href=""http://twitter.com/download/iphone"" rel=""nofollow"">Twitter for iPhone</a>",,False,720,617
1.58152E+18,2022-10-16 05:58:02+00:00,Githunguri85,I can't log in My  fantasy Premier league app.,,0,0,0,"<a href=""http://twitter.com/download/android"" rel=""nofollow"">Twitter for Android</a>",,False,1958,2641
1.58157E+18,2022-10-16 09:06:59+00:00,bet365,"Fantasy Sports - 𝗦𝘂𝗻𝗱𝗮𝘆 𝗠𝗮𝗶𝗻 𝗘𝘃𝗲𝗻𝘁

Pick your team to get involved in the 14:00 kick-offs in the Premier League!",,0,2,1,"<a href=""https://twitter.com"" rel=""nofollow"">Twitter for Advertisers</a>",,True,467920,365
1.58196E+18,2022-10-17 10:33:28+00:00,just_jeke,@westsidestanny Fantasy Premier League (its like a game where you create your ideal team and manage it while competing with other people. The players on your team earn points based on how the players have played in real life matches for that particular gameweek),,0,1,1,"<a href=""http://twitter.com/download/android"" rel=""nofollow"">Twitter for Android</a>",east london,False,104,169
1.58218E+18,2022-10-18 01:27:19+00:00,PL_OnTap,"Available on: 

RSS: https://t.co/UfiLaS28sw
Apple Podcasts: https://t.co/He4PI0ORph
Spotify: https://t.co/I093UUomWK

If you enjoy our content, help us spread it to the rest of the @Fantrax Fantasy Premier League community by leaving a rating and review!",,0,0,2,"<a href=""https://mobile.twitter.com"" rel=""nofollow"">Twitter Web App</a>",,False,160,92
1.5828E+18,2022-10-19 18:24:33+00:00,khloebankslife,my brother has forced me to download the premier league app and play the fantasy league as it’s his new special interest 😭😂,,0,3,2,"<a href=""http://twitter.com/download/iphone"" rel=""nofollow"">Twitter for iPhone</a>",Essex,False,1234,1923
1.58334E+18,2022-10-21 06:09:09+00:00,SPORTSCIRCUSINT,"Fantasy Premier League gameweek 13 tips: Phil Foden, Bukayo Saka, Darwin Nunez and more https://t.co/3IXellET9Q https://t.co/V0Fv2YJlGE",,0,0,0,"<a href=""https://dlvrit.com/"" rel=""nofollow"">dlvr.it</a>",Germany / Great Britain,False,1452,2372
1.58369E+18,2022-10-22 05:07:54+00:00,newsportal0,FINAL TEAM SELECTION THOUGHTS FOR GW13 | FANTASY PREMIER LEAGUE 202223 TIPS #premierleague 2022 https://t.co/SmsSsEofHZ,['premierleague'],0,0,0,"<a href=""http://publicize.wp.com/"" rel=""nofollow"">Jetpack.com</a>",,False,1255,3794
1.58374E+18,2022-10-22 08:25:20+00:00,kevskins80,@ErunekNais Does that make it a fantasy premier league? 😍😜🤪😂,,0,1,1,"<a href=""http://twitter.com/download/android"" rel=""nofollow"">Twitter for Android</a>","South West, England",False,277,697
1.58376E+18,2022-10-22 09:53:51+00:00,FPLTej,"Live on Youtube! 

FPL DEADLINE STREAM GAMEWEEK 13 | Fantasy Premier League Tips 2022/23 https://t.co/fonWto6i5E",,0,1,0,"<a href=""https://mobile.twitter.com"" rel=""nofollow"">Twitter Web App</a>",,False,1748,4827
1.58377E+18,2022-10-22 10:44:15+00:00,futbolinfo_pl,"Już za chwil kilka dosłownie rusza 13. kolejka Premier League. 

@bartek98129774 klasycznie już przedstawia swoje propozycje na tę kolejkę do Fantasy Premier League #FPL #dompremierleague #kanalangielski

https://t.co/enkv62FjGt","['FPL', 'dompremierleague', 'kanalangielski']",2,3,0,"<a href=""https://mobile.twitter.com"" rel=""nofollow"">Twitter Web App</a>",Polska,False,220,463
1.58381E+18,2022-10-22 13:21:12+00:00,CovildosCromos,Aqui temos o claro exemplo que FANTASY DA PREMIER LEAGUE DOI MAIS QUE CORNO. 😭😭😭 #Fantaspremielleague #philfoden #city https://t.co/McIjCAzQSp,"['Fantaspremielleague', 'philfoden', 'city']",0,2,0,"<a href=""http://twitter.com/download/android"" rel=""nofollow"">Twitter for Android</a>","Luanda, Angola",False,59,105
1.58393E+18,2022-10-22 21:05:13+00:00,Andykandishishi,🤣🤣how is that one pulling the thorn on Namtwitter fantasy premier league,,0,1,0,"<a href=""http://twitter.com/download/android"" rel=""nofollow"">Twitter for Android</a>",Windhoek,False,8171,5218
1.58464E+18,2022-10-24 19:58:34+00:00,newsportal0,FPL WATCHLIST GAMEWEEK 14 (Players to Target | Fantasy Premier League Tips 202223 #premierleague 2022 https://t.co/uCgGxd92hb,['premierleague'],0,0,0,"<a href=""http://publicize.wp.com/"" rel=""nofollow"">Jetpack.com</a>",,False,1255,3794
1.58596E+18,2022-10-28 11:59:17+00:00,FPLMattDay,"GOING LIVE NOW 11pm 🇦🇺 1pm 🇬🇧

GW14 #FPL stream bring your questions and and join in for all things Fantasy Premier League prior to this weekends deadline ⚽️ 

https://t.co/uF3krFGeoM

#FPL #FPLCommunity #fplpod https://t.co/C1Ns5xMwLN","['FPL', 'FPL', 'FPLCommunity', 'fplpod']",0,1,0,"<a href=""http://twitter.com/download/iphone"" rel=""nofollow"">Twitter for iPhone</a>","Melbourne, Victoria",False,1776,979
1.58612E+18,2022-10-28 22:18:27+00:00,ShadyK54,Waiting for managers to stop being so vague about injuries for the sake of my fantasy premier league team day 173748 https://t.co/34FNqUlkKd,,0,0,0,"<a href=""http://twitter.com/download/iphone"" rel=""nofollow"">Twitter for iPhone</a>",Discord,False,21,103
1.58625E+18,2022-10-29 06:47:54+00:00,OfficialCapi11,My fantasy premier league people is Haaland starting this week? Should I bench him?🧐 #FantasyFootball #fpl,"['FantasyFootball', 'fpl']",0,2,1,"<a href=""http://twitter.com/download/iphone"" rel=""nofollow"">Twitter for iPhone</a>",#CapiNation,False,990,2159
1.5863E+18,2022-10-29 10:26:45+00:00,NaijaBet,"🎊Congratulations to our Winners from GW 11 NaijaBet Fantasy Premier League!

💸Your account has been credited accordingly!

Join our Telegram Channel and Facebook group and be part of the winning community↙

Telegram ➡ https://t.co/yC6HVBbLsY 

#NaijaBet #fantasyfootball #FPL https://t.co/Nv0GbhjfNV","['NaijaBet', 'fantasyfootball', 'FPL']",2,2,0,"<a href=""http://twitter.com/download/android"" rel=""nofollow"">Twitter for Android</a>",Nigeria,False,24461,4928
1.58646E+18,2022-10-29 21:05:34+00:00,PremLeaguePawel,Liverpool zdobył dziś 0 punktów. To wciąż o 1 więcej niż Harry Maguire w Fantasy Premier League po 13 kolejkach #fakt,['fakt'],0,7,0,"<a href=""https://mobile.twitter.com"" rel=""nofollow"">Twitter Web App</a>",,False,18,27
1.58672E+18,2022-10-30 13:50:42+00:00,TheScaryScarfer,@fpl_tactician @FPLfrasier @HinduMonkey @WGTA_FPL @FPLSportScience You don't have to wait but it's certainly an advantage to do so. And it works very well for UCL/Euro/WC/NFL fantasy. Premier League seems to be the outlier.,,0,1,1,"<a href=""http://twitter.com/download/android"" rel=""nofollow"">Twitter for Android</a>",,False,11,101
1.58684E+18,2022-10-30 22:06:21+00:00,sportbible,"Somehow, two Fantasy Premier League managers captained Reiss Nelson this weekend. https://t.co/Lggq5qacPE",,718,19454,192,"<a href=""https://about.twitter.com/products/tweetdeck"" rel=""nofollow"">TweetDeck</a>",contact@sportbible.com,True,2077020,3217
1.58714E+18,2022-10-31 17:40:08+00:00,Antonio67781882,"Premier League Eyes NFTs and a Deal with Sorare - NFT Plazas  

 #Sorare #NftIndustryNews #SportsNfts

As per recent reports, the English Premier League and NFT fantasy soccer game Sorare are currently in negotiations for a multi-year contract. 

   Read… https://t.co/N4e5WbwvQz","['Sorare', 'NftIndustryNews', 'SportsNfts']",0,0,0,"<a href=""https://ifttt.com"" rel=""nofollow"">IFTTT</a>",,False,13,246
1.58748E+18,2022-11-01 16:30:13+00:00,ayyoaraf,@Mrirrelevant___ Fantasy premier league,,0,0,1,"<a href=""http://twitter.com/download/android"" rel=""nofollow"">Twitter for Android</a>",🇱🇰,False,387,408
1.58773E+18,2022-11-02 09:12:27+00:00,newsportal0,MY FPL GW15 TRANSFER PLANS | My Top Transfer | Fantasy Premier League Tips 202223 #premierleague 2022 https://t.co/17YyvOtopo,['premierleague'],0,0,0,"<a href=""http://publicize.wp.com/"" rel=""nofollow"">Jetpack.com</a>",,False,1255,3794
1.58875E+18,2022-11-05 04:46:27+00:00,MyFab11Official,"Premier league Bi-Weekly Leaderboard 6 is already Live ⚽⚽

Here's the schedule of the #EPL matches on 5th November 2022📅

Win big Cash Prizes, Smart Watch, and your Favourite #football Jersey ✌️

Download MyFab11 now here: https://t.co/0qH2iVINCe

#FantasyFootball #fantasy https://t.co/OXI5DUTn0J","['EPL', 'football', 'FantasyFootball', 'fantasy']",1,3,2,"<a href=""http://twitter.com/download/android"" rel=""nofollow"">Twitter for Android</a>","Kolkata, India",False,10715,3
1.58879E+18,2022-11-05 07:18:37+00:00,Elizabe60050631,#IBAT_Premier_League is the world’s first #decentralized blockchain #NFT based fantasy sports game integrated with the #Metaverse.,"['IBAT_Premier_League', 'decentralized', 'NFT', 'Metaverse']",1,4,0,"<a href=""http://twitter.com/download/android"" rel=""nofollow"">Twitter for Android</a>",,False,248,1035
1.58994E+18,2022-11-08 11:29:50+00:00,FPLMattDay,FPL REACTION TO GAMEWEEK 15 | Fantasy Premier League Tips 2022/23 https://t.co/TrmLsKeULQ,,0,0,0,"<a href=""https://periscope.tv"" rel=""nofollow"">Periscope</a>","Melbourne, Victoria",False,1776,979
1.59064E+18,2022-11-10 09:52:13+00:00,crazy_li0n,"NEWS 

Terhitung mulai musim ini, akun official crazy lion berubah nama menjadi ""Lingga Game"" 

Akun ini akan membagikan aktivitas crazy lion di top eleven dan bocil mancunian di fantasy premier league. 

@LigaTopEleven https://t.co/XCwLLkpdbS",,0,2,1,"<a href=""http://twitter.com/download/android"" rel=""nofollow"">Twitter for Android</a>",Malang,False,283,433
1.5909E+18,2022-11-11 02:46:00+00:00,newsportal0,"FPL GW16 TEAM SELECTION – One Week Punt | Scores, Transfers Captain Fantasy Premier League 202223 #premierleague 2022 https://t.co/QT0uD2iz2i",['premierleague'],0,0,0,"<a href=""http://publicize.wp.com/"" rel=""nofollow"">Jetpack.com</a>",,False,1255,3794
1.59116E+18,2022-11-11 19:45:00+00:00,FPL_Gentleman,"I will be producing FIFA World Cup Fantasy content starting Sunday, after Premier League's GW16 draws to a close. 

Plan is to have a short introduction for every team + my fantasy picks and thoughts. ✍🏼 📚

#WorldCup2022 #QatarWorldCup2022 #Qatar2022 #FIFAWorldCup https://t.co/yDFIB081GG","['WorldCup2022', 'QatarWorldCup2022', 'Qatar2022', 'FIFAWorldCup']",0,1,0,"<a href=""https://mobile.twitter.com"" rel=""nofollow"">Twitter Web App</a>",,False,71,74
1.59138E+18,2022-11-12 10:41:31+00:00,IrunguKE_,Bana vile tu fantasy premier league hu work out ndio the same way the @Fantasy44Ke plays #FormNiFantasy44,['FormNiFantasy44'],0,2,0,"<a href=""http://twitter.com/download/android"" rel=""nofollow"">Twitter for Android</a>",Kisumu Kenya,False,14933,9275
1.5921E+18,2022-11-14 10:20:26+00:00,SkyFantasyFooty,"@Mendezlaingszn Good morning Charlie👋, we hope you are well!

A transfer overhaul will be available shortly for the Premier League Fantasy Football - this will be available until 26th December. 

Please let us know if you need anything else in the meantime🙏",,0,1,0,"<a href=""https://www.clarabridge.com/"" rel=""nofollow"">Qualtrics Social Connect</a>",England,True,52637,112
1.59268E+18,2022-11-16 00:59:00+00:00,_Bolainas_,@el_noin fantasy premier league web ofcourse,,0,1,1,"<a href=""https://mobile.twitter.com"" rel=""nofollow"">Twitter Web App</a>",Santiago,False,224,371
1.59392E+18,2022-11-19 10:50:43+00:00,OmoshAfc,"Fantasy Premier league ya Kenya iko hapa. Kama unataka kuJoin, link ndio hii hapa 
#Fantasy4Cash 

Join https://t.co/hY233OiJAr https://t.co/NGkMn0sv3y",['Fantasy4Cash'],0,1,0,"<a href=""https://mobile.twitter.com"" rel=""nofollow"">Twitter Web App</a>",,False,509,930
1.59393E+18,2022-11-19 11:12:11+00:00,ebiowei_,@zuriks_ same bruh... like premier league own is so hard that I just don't have the mental strength to play another one. When PL no dae I just rest and take a break from fantasy game.,,0,0,0,"<a href=""https://mobile.twitter.com"" rel=""nofollow"">Twitter Web App</a>",Northern Air temple,False,1535,1441
1.59618E+18,2022-11-25 16:18:47+00:00,gautamkapoor54,"MHC vs SRC Dream11 Team Prediction Today, Jabalpur T20 Premier League M.H Club vs Sri Ram Club Fantasy Cricket Tips, Match Preview, Playing 11, Live Stream https://t.co/cd2S0b70Jx",,0,0,0,"<a href=""http://publicize.wp.com/"" rel=""nofollow"">Jetpack.com</a>","New Delhi, India",False,309,123
1.5962E+18,2022-11-25 17:51:05+00:00,marisuntattoos,@yadiraagarcia7 You sound like my boyfriend with his premier league fantasy 😂,,0,1,1,"<a href=""http://twitter.com/download/iphone"" rel=""nofollow"">Twitter for iPhone</a>",Sacramento | Palo Alto,False,275,49
1.59793E+18,2022-11-30 12:38:09+00:00,premier04427436,"The Scout World Cup Review Rashford At The Double
The Scout examines Fantasy Premier League  players who stood out during FIFA World Cup 2022 matches
#Rashford #WorldCupReview #PremierLeagues
#footballWorldCup2022 
https://t.co/ysJvk2Aqfd https://t.co/BCKx5EauS8","['Rashford', 'WorldCupReview', 'PremierLeagues', 'footballWorldCup2022']",0,0,0,"<a href=""https://mobile.twitter.com"" rel=""nofollow"">Twitter Web App</a>",usa,False,2,4
1.59977E+18,2022-12-05 14:02:07+00:00,itsperc30,"@GlennRicefan as a fellow pickens fantasy owner, no, i disagree. the steelers arent even dysfunctional, they still have a good chance to finish .500. he also is not a premier deep ball threat in the nfl he is decent at the deep ball but he is not top of the entire league at anything.",,0,0,1,"<a href=""http://twitter.com/download/iphone"" rel=""nofollow"">Twitter for iPhone</a>",,False,96,121
1.6E+18,2022-12-06 05:38:59+00:00,call4prediction,"CDL vs SRC Dream11 Prediction, Fantasy Cricket Tips, Dream11 Team, Playing XI, Pitch Report, Injury Update- Jabalpur T20 Premier League https://t.co/9x5hdyITgq",,0,0,0,"<a href=""http://publicize.wp.com/"" rel=""nofollow"">Jetpack.com</a>",,False,39,46
1.60041E+18,2022-12-07 08:54:28+00:00,premier04427436,"Best Gabriel Jesus Replacements In Fantasy
 Arsenal forward Gabriel Jesus is the first ever Premier League player to be selected by at least 80% of fantasy football managers
#GabrielJesus #Replacements #premierleagues #football 
https://t.co/4MqwtXiC6W https://t.co/XyqEzm2moj","['GabrielJesus', 'Replacements', 'premierleagues', 'football']",0,0,0,"<a href=""https://mobile.twitter.com"" rel=""nofollow"">Twitter Web App</a>",usa,False,2,4
1.60044E+18,2022-12-07 10:23:35+00:00,DD_NaNa_,How to Build A Fantasy Premier League Team with Data Science https://t.co/dCP40YuGiu,,0,2,0,"<a href=""https://twitter.com/DD_NaNa_"" rel=""nofollow"">0x4wouaKd5</a>",Australia,False,29721,14663
1.60256E+18,2022-12-13 07:22:05+00:00,GutshotMagazine,"Check out Jaffna Kings vs Kandy Falcons Dream11 Prediction, Lanka Premier League 2022 Match 13 Best Fantasy Picks and More

JK vs KF prediction:  https://t.co/qyOYp6qMXq

#JKvsKF #JKvKF #LPLT20 #LankaPremierLeague2022","['JKvsKF', 'JKvKF', 'LPLT20', 'LankaPremierLeague2022']",0,0,0,"<a href=""https://mobile.twitter.com"" rel=""nofollow"">Twitter Web App</a>",India,False,492,328
1.60296E+18,2022-12-14 09:15:00+00:00,GutshotMagazine,"Line up are out for the Jaffna Kings vs Kandy Falcons clash in Lanka Premier League 2022. Check out Dream11 Prediction, Best Fantasy Picks and More

JK vs KF prediction: https://t.co/qyOYp68DJi

#JKvsKF #JKvKF #LPLT20 #LankaPremierLeague2022","['JKvsKF', 'JKvKF', 'LPLT20', 'LankaPremierLeague2022']",0,0,0,"<a href=""https://mobile.twitter.com"" rel=""nofollow"">Twitter Web App</a>",India,False,492,328
1.60339E+18,2022-12-15 13:46:03+00:00,feedspotblog,Congrats @wearebrighton Your blog has been selected as one of the Best Fantasy Premier League Blogs on the web by @_feedspot  https://t.co/phwbc8pSVW,,0,0,0,"<a href=""https://www.feedspot.com/scheduler"" rel=""nofollow"">Feedspot Scheduler</a>",United States,False,1633,67
1.60379E+18,2022-12-16 16:36:47+00:00,GoldbergOzjasz7,"@Szarlotttta Jedyne co po nim zostało w internecie, to chyba tylko liga w fantasy premier league",,0,0,0,"<a href=""http://twitter.com/download/android"" rel=""nofollow"">Twitter for Android</a>",,False,78,310
1.60384E+18,2022-12-16 19:35:49+00:00,PWorldwideFFL,"@4WhomJBellTolls In Prestige Worldwide, the premier fantasy football league, there are no divisions.",,0,3,0,"<a href=""https://mobile.twitter.com"" rel=""nofollow"">Twitter Web App</a>",,False,23,14
1.6046E+18,2022-12-18 21:51:32+00:00,FPLFamily,FPL IS BACK! - GW17 - FPL Family (Fantasy Premier League Tips 2022/2023) https://t.co/JtgXa8H8T9 via @Audioboom #FPL #FPLFamily #FantasyPremierLeague #FPLTips,"['FPL', 'FPLFamily', 'FantasyPremierLeague', 'FPLTips']",0,9,0,"<a href=""http://audioboom.com"" rel=""nofollow"">audioBoom</a>",Instagram: @fplfamily,False,55716,379
1.60482E+18,2022-12-19 12:54:54+00:00,derekk_0,finally Fantasy Premier League is back!🤫🤝🏾,,1,5,1,"<a href=""http://twitter.com/download/iphone"" rel=""nofollow"">Twitter for iPhone</a>",,False,1774,1583
1.60518E+18,2022-12-20 12:43:54+00:00,Fantasy44Ke,"DID YOU KNOW, you can now play fantasy football 4 Cash? 

The Premier League is back! Time to unleash your fantasy skills with https://t.co/SrG8xqHq9C for a chance to WIN cash prizes! PLAY NOW! https://t.co/KKtJrWWGwT",,0,1,0,"<a href=""https://mobile.twitter.com"" rel=""nofollow"">Twitter Web App</a>","South B, Nairobi",False,478,112
1.60542E+18,2022-12-21 04:31:11+00:00,noushadgd,"Hey. 
Fantasy premier league is back.
#FPL",['FPL'],0,3,0,"<a href=""http://twitter.com/download/android"" rel=""nofollow"">Twitter for Android</a>",Dubai,False,861,837
1.60695E+18,2022-12-25 09:32:24+00:00,ahmadjr_7,"Friendly reminder that Fantasy Premier league is back tomorrow,

Who’s your captain for the Boxing Day?",,0,3,1,"<a href=""http://twitter.com/download/iphone"" rel=""nofollow"">Twitter for iPhone</a>",Nigeria,False,10154,5036
1.60725E+18,2022-12-26 05:47:38+00:00,CarolRadull,"Have you updated your fantasy premier league teams?

#RadullKE",['RadullKE'],1,93,16,"<a href=""http://twitter.com/download/android"" rel=""nofollow"">Twitter for Android</a>","Nairobi, Kenya",True,1008905,6849
1.60738E+18,2022-12-26 14:22:23+00:00,EGTVEgal,Callum Wilson is on the bench for Newcastle and Mitrović is starting for Fulham fantasy Premier League football is back 😂😂😂 #FPL #FPLCommunity,"['FPL', 'FPLCommunity']",0,18,2,"<a href=""http://twitter.com/download/iphone"" rel=""nofollow"">Twitter for iPhone</a>",United Kingdom,False,13737,1567
1.60816E+18,2022-12-28 17:49:46+00:00,mzedede,FANTASY PREMIER LEAGUE 😂 https://t.co/0eOza650JA,,0,0,0,"<a href=""http://twitter.com/download/android"" rel=""nofollow"">Twitter for Android</a>","Nairobi, Kenya",False,436,56
1.60857E+18,2022-12-29 20:59:03+00:00,PilotFlame226,"OUR PREVIEW LIVE STREAM VOD FROM EARLIER TODAY!

PREMIERING NOW 👉 https://t.co/u5ssnvr5rn

FPL: GAMEWEEK 18 PREVIEW | REECE OUT AGAIN! | LIVE STREAM VOD | FANTASY PREMIER LEAGUE TIPS 2022/23

#FPL #FantasyPremierLeague #GW18 #EPL #PremierLeague #FPLCommunity #GlazersOut #ad https://t.co/YNs4vWrdR6","['FPL', 'FantasyPremierLeague', 'GW18', 'EPL', 'PremierLeague', 'FPLCommunity', 'GlazersOut', 'ad']",0,3,0,"<a href=""https://twittimer.com"" rel=""nofollow"">Twittimer</a>",,False,280,296
1.60957E+18,2023-01-01 15:34:27+00:00,blidy21,"People using twitter to post about Politis , actuality and some serious stuff.
And then, there is me, using twitter to see the assister on fantasy premier League.
#FPL
#FPLCommunity","['FPL', 'FPLCommunity']",0,2,0,"<a href=""http://twitter.com/download/android"" rel=""nofollow"">Twitter for Android</a>",,False,6,81
1.60959E+18,2023-01-01 16:41:08+00:00,_Ola_kunle,Fantasy Premier League game-week 19 player picks. #PremierLeague #FPL #GW19 https://t.co/jk7JdgDlVc,"['PremierLeague', 'FPL', 'GW19']",0,2,0,"<a href=""http://www.voxmedia.com"" rel=""nofollow"">Chorus publishing platform</a>","Lagos, Nigeria",False,1036,1231
1.60982E+18,2023-01-02 08:04:47+00:00,ayyoaraf,@rookie__kookie_ Fantasy premier league,,0,0,0,"<a href=""http://twitter.com/download/android"" rel=""nofollow"">Twitter for Android</a>",🇱🇰,False,387,408
1.60997E+18,2023-01-02 18:00:42+00:00,PlayFTC,"Fantasy Teams Challenge Gameweek 18 standings, for both Premier League and Championship. 🔢

#FTC #Standings #GW18 https://t.co/ANJVnRswFH","['FTC', 'Standings', 'GW18']",0,2,0,"<a href=""http://twitter.com/download/android"" rel=""nofollow"">Twitter for Android</a>",Algeria,False,19,21
1.61028E+18,2023-01-03 14:29:45+00:00,Degrata254,"✅Kuna Tournament ya Fantasy Premier league, FANTASY44
✅Winners to be awarded ksh. 10,000 daily

✅Entry Fee only Kes. 100

✅ Just be in of the Top 20 of the Tournament table &amp; Win Cash.

Join here https://t.co/AsOInCOAif https://t.co/Tam22kruCY",,8,20,2,"<a href=""http://twitter.com/download/android"" rel=""nofollow"">Twitter for Android</a>","Moi , Eldoret",False,166743,3697
1.61034E+18,2023-01-03 18:12:14+00:00,marioginer_,"Esta es la primera jornada de Premier League de temporada, en la que no he puesto a Erling Haaland en el fantasy. La liga fantasy de @mirondo9 está apretadísima, voy líder por poco, pero tengo la sensación de que el noruego hoy pasa frío en Stamford Bridge.",,0,0,0,"<a href=""http://twitter.com/download/android"" rel=""nofollow"">Twitter for Android</a>",,False,885,86
1.61103E+18,2023-01-05 15:49:33+00:00,FadiYahia9,"Heavily relying on a top Chelsea performance today, both as a fan and fantasy premier league (fpl)  future winner. #ChelseaFC #FPL #manchstercity https://t.co/QH1bU3diKr","['ChelseaFC', 'FPL', 'manchstercity']",0,4,2,"<a href=""http://twitter.com/download/iphone"" rel=""nofollow"">Twitter for iPhone</a>",,False,34,104
1.61132E+18,2023-01-06 11:19:26+00:00,hakimmasyhur,perasaan baru kemarin pasang Jordi Amat di tim Fantasy Premier League. sekarang dah main di timnas Indonesia aja.,,0,0,0,"<a href=""https://mobile.twitter.com"" rel=""nofollow"">Twitter Web App</a>",Bandung,False,363,369
1.61215E+18,2023-01-08 18:27:11+00:00,hairul_fahri,FPL Tips Trending Twitter Pemain Spekulasi Gameweek ke-20 Fantasy Premier League https://t.co/irZSZ7De8t,,0,0,0,"<a href=""https://mobile.twitter.com"" rel=""nofollow"">Twitter Web App</a>",Jakarta Capital Region,False,6,60
1.61234E+18,2023-01-09 06:53:30+00:00,FpLalbert,"NEW POST - Fantasy Premier League GW20 – Analysing The Teams Of 15 Top FPL Managers

These 15 managers have finished in the top 10k OR the last 3 seasons

We analyse their transfers, captains and player representation

https://t.co/Gc2cNmWw4e

#FPLCommunity #fantasypremierleague https://t.co/2jV4uqzXv2","['FPLCommunity', 'fantasypremierleague']",0,1,0,"<a href=""https://mobile.twitter.com"" rel=""nofollow"">Twitter Web App</a>",Manchester,False,246,56
1.61247E+18,2023-01-09 15:34:33+00:00,BrodrickSpencer,How Fantasy Premier League went from niche hobby to mainstream boom https://t.co/FNKgIqrBtN https://t.co/mOeBRwZd0B,,0,0,0,"<a href=""https://dlvrit.com/"" rel=""nofollow"">dlvr.it</a>",,False,2,0
1.61285E+18,2023-01-10 16:35:37+00:00,FPLCharley,@GianniButtice Do you enjoy playing Serie A or Premier League fantasy more?,,0,2,1,"<a href=""http://twitter.com/download/iphone"" rel=""nofollow"">Twitter for iPhone</a>","Austin, TX",False,318,609
1.61286E+18,2023-01-10 17:30:25+00:00,Husnihafiqi1,"Kalau nk ikut yg puan tu sampai bila bila xhbs nk fighting sokmo, masuk fantasy premier league lah kalu nk fighting. Dah la aku mls ambik port.",,0,0,1,"<a href=""http://twitter.com/download/iphone"" rel=""nofollow"">Twitter for iPhone</a>",Malaysia  ツ,False,328,479
1.61312E+18,2023-01-11 10:34:34+00:00,FPL365,The FPL Watchlist: Who are the best medium-term player picks?: A four-to-six-week lookahead at the best Fantasy Premier League options https://t.co/qBx256yZgd,,0,0,0,"<a href=""https://dlvrit.com/"" rel=""nofollow"">dlvr.it</a>","Not official, but better",False,610,0
1.61323E+18,2023-01-11 18:01:15+00:00,RotoBaller,Fantasy Premier League: Double Gameweek 20 Staff Roundtable https://t.co/AtAz641A8n by @EuanOrYouOut,,0,1,0,"<a href=""http://www.rotoballer.com"" rel=""nofollow"">wp-to-twi</a>",Listen in live on SiriusXM 🎙,False,25469,1819
1.6136E+18,2023-01-12 18:25:47+00:00,Fiks_daniell,"Fantasy Premier League never even do price release for Joao Felix &amp; Chelsea don dey start am 

Down bad??? Lmao",,0,2,0,"<a href=""http://twitter.com/download/android"" rel=""nofollow"">Twitter for Android</a>","Ibadan, Nigeria.",False,1313,1503
1.61393E+18,2023-01-13 16:03:51+00:00,mike39084354,"@richardosman Hi Richard, just wondering if you play Fantasy Premier League?",,0,0,0,"<a href=""https://mobile.twitter.com"" rel=""nofollow"">Twitter Web App</a>","Hove, England",False,23,154
1.61421E+18,2023-01-14 10:44:52+00:00,betandskill,"💣  Bet365 Fantasy is available on EVERY Premier League match 🎉 

Pick your Fantasy Team &amp; Win Fantastic Cash Prizes! 🤑 

#FantasySports #FantasyFootball #DFS #FPL #FantasyFootball #bet365  #MUNMCI #BHALIV #EVESOU #NFOLEI #NOTLEI #MCFC #MUFC

Plau Here👇
https://t.co/PVT9SFvBYa","['FantasySports', 'FantasyFootball', 'DFS', 'FPL', 'FantasyFootball', 'bet365', 'MUNMCI', 'BHALIV', 'EVESOU', 'NFOLEI', 'NOTLEI', 'MCFC', 'MUFC']",0,0,0,"<a href=""https://app.planable.io"" rel=""nofollow"">Planable</a>",London (UK),False,7977,428
1.61423E+18,2023-01-14 11:43:52+00:00,betandskill,"💣  Bet365 Fantasy is available on EVERY Premier League match 🎉 

Pick your Fantasy Team &amp; Win Fantastic Cash Prizes! 🤑 

#FantasySports #FantasyFootball #DFS #FPL #FantasyFootball #bet365  #MUNMCI #BHALIV #EVESOU #NFOLEI #NOTLEI #MCFC #MUFC

Plau Here👇
https://t.co/PVT9SFv48C","['FantasySports', 'FantasyFootball', 'DFS', 'FPL', 'FantasyFootball', 'bet365', 'MUNMCI', 'BHALIV', 'EVESOU', 'NFOLEI', 'NOTLEI', 'MCFC', 'MUFC']",0,0,0,"<a href=""https://app.planable.io"" rel=""nofollow"">Planable</a>",London (UK),False,7977,428
1.61529E+18,2023-01-17 10:08:30+00:00,295cfd9439cd4f3,@wilfriedzaha The most lost player of the ball and the most let down in the fantasy Premier League 😡,,0,0,0,"<a href=""http://twitter.com/download/iphone"" rel=""nofollow"">Twitter for iPhone</a>",Sudan,False,58,1626
1.61529E+18,2023-01-17 10:25:03+00:00,BelkacemB,"pour les joueurs de Fantasy Premier League de la TL:

Mon application (en cours de construction 🔨) pour obtenir l'équipe idéale selon vos critères 

À tester ici: https://t.co/4LZ5DSNvUc https://t.co/X7Of4dIYFM",,1,4,0,"<a href=""https://about.twitter.com/products/tweetdeck"" rel=""nofollow"">TweetDeck</a>",Hilbert's hotel,False,7784,1168
1.61536E+18,2023-01-17 14:55:00+00:00,FPLNym,FPL GAMEWEEK 21 | TEAM SELECTION | -8 FAIL?! | Fantasy Premier League Ti... https://t.co/gPTI4DtDf5 via @YouTube,,1,5,0,"<a href=""http://twitter.com/download/iphone"" rel=""nofollow"">Twitter for iPhone</a>",United Kingdom,False,17192,2371
1.61601E+18,2023-01-19 09:35:18+00:00,ABZ55290833,"FBA vs RAN Dream11 Prediction, Fantasy Cricket Tips, Dream11 Team, Playing XI, Pitch Report, Injury Update- Bangladesh Premier League https://t.co/ACXxoQGvnO",,0,1,0,"<a href=""http://publicize.wp.com/"" rel=""nofollow"">Jetpack.com</a>",faislabad,False,19,7
1.61612E+18,2023-01-19 17:00:21+00:00,ViaplayFotball,"Hør @ViaplayPeder, @ChrHunstad og @KAnnevik ta den store Ødegaard-praten i den nye episoden av Viaplays Fantasy Premier League-podkast!

🎧
https://t.co/9cIasYKVlN

🎧
https://t.co/iz1vnyyia1 https://t.co/e8jeYUJkIR",,0,4,0,"<a href=""https://www.hootsuite.com"" rel=""nofollow"">Hootsuite Inc.</a>",Norge,False,21147,78
1.61619E+18,2023-01-19 22:00:54+00:00,F701pit,my ability to pick a fantasy premier league squad remains absolute shit this season,,0,0,0,"<a href=""https://mobile.twitter.com"" rel=""nofollow"">Twitter Web App</a>","North Dakota, USA",False,280,920
1.61653E+18,2023-01-20 19:57:42+00:00,SeanOCSport,"Gameweek 21 Fantasy Premier League tips on @IndoSport.

⚫️ Fabian Schar on 8 clean sheets in 10 with the Magpies. 
😕 Time to drop Phil Foden ?
🐎 Kai Havertz this week’s dark horse.   

https://t.co/vEiKx4SsQq",,0,2,0,"<a href=""http://twitter.com/download/iphone"" rel=""nofollow"">Twitter for iPhone</a>",Dublin.,False,831,415
1.61674E+18,2023-01-21 10:02:12+00:00,FMonside,🛑 Fantasy Premier League DEADLINE GW21 | Ligakod: mz98k7 |!youtube !fpl  !twitter #FPLsverige !swish https://t.co/5Sfep8xE6K,['FPLsverige'],0,0,0,"<a href=""https://streamlabs.com"" rel=""nofollow"">Streamlabs Twitter</a>",Datastolen,False,349,274
1.61674E+18,2023-01-21 10:20:59+00:00,MarianoDc11,@jagbalo_baba @TheMahleek Which world you dey ? FPL ( FANTASY PREMIER LEAGUE),,0,1,0,"<a href=""http://twitter.com/download/iphone"" rel=""nofollow"">Twitter for iPhone</a>",,False,79,223
1.61675E+18,2023-01-21 10:37:29+00:00,letrasdetucan,"Danjuma, amado y odiado a partes iguales, se irá a la Premier League.
De los pocos jugadores que en el Fantasy pasaban de hacer 3.124.832 puntos en una misma jornada y desaparecían el mes siguiente al completo.",,0,1,1,"<a href=""https://mobile.twitter.com"" rel=""nofollow"">Twitter Web App</a>",,False,880,252
1.61716E+18,2023-01-22 14:08:08+00:00,MarcinPochojka,Ale Cancelo zostanie wypierdolony z hukiem w przyszłym tygodniu z drużyny Fantasy Premier League Legendary Mark Noble.,,0,4,1,"<a href=""https://mobile.twitter.com"" rel=""nofollow"">Twitter Web App</a>",,False,549,212
1.61733E+18,2023-01-23 01:05:51+00:00,KrugashLFC,Almost had a huge scare then. Went to have a look at my fantasy team and saw no Premier League next weekend. It's the FA Cup! I just know this week is going to be shit so need my fix at the weekend!,,0,0,0,"<a href=""https://about.twitter.com/products/tweetdeck"" rel=""nofollow"">TweetDeck</a>","Gainsborough, UK",False,3538,3460
1.61747E+18,2023-01-23 10:37:26+00:00,ephyyoungKE,@SkySportsPL Fantasy Premier League Cheat Code,,0,2,0,"<a href=""http://twitter.com/download/android"" rel=""nofollow"">Twitter for Android</a>","Nkubu Town , Meru , Kenya 🇰🇪",False,3524,4595
1.61782E+18,2023-01-24 09:52:13+00:00,Cricketnew8Live,"DD vs KHT Dream11 Prediction, Fantasy Cricket Tips, Dream11 Team, Playing XI, Pitch Report, Injury Update- Bangladesh Premier League https://t.co/iZVMtI4PDp",,0,0,0,"<a href=""http://publicize.wp.com/"" rel=""nofollow"">Jetpack.com</a>",india,False,9,8
1.61787E+18,2023-01-24 12:53:43+00:00,BigwinsIo,"Winning team of the free tournament ""Blink N' Miss"" is Tkk 🔥

Fourth Premier League hat trick for Haaland sealed the winner 🔒

#fantasy #football #fantasyfootball #premierleague #haaland #BigWins https://t.co/Sp6hJLfoMl","['fantasy', 'football', 'fantasyfootball', 'premierleague', 'haaland', 'BigWins']",0,2,0,"<a href=""http://twitter.com/download/iphone"" rel=""nofollow"">Twitter for iPhone</a>",,False,1342,0
1.61789E+18,2023-01-24 14:18:31+00:00,isoccernigeria,Fantasy Premier League: The iSoccer February Mini-League https://t.co/ErN9I5aBsE,,2,1,0,"<a href=""http://publicize.wp.com/"" rel=""nofollow"">Jetpack.com</a>","Lagos, Nigeria ",False,7786,44
1.61814E+18,2023-01-25 06:53:48+00:00,BFCPolls2023,"FANTASY PREMIER LEAGUE 
Gameweek (22) - Top half League Table

#fantasypremierleague #barnsleyfc https://t.co/xpVkfFGPcH","['fantasypremierleague', 'barnsleyfc']",1,4,1,"<a href=""http://twitter.com/download/android"" rel=""nofollow"">Twitter for Android</a>",,False,2230,2286
1.6182E+18,2023-01-25 10:38:47+00:00,FplSigma,"@FanTeamOfficial All of us that still play Bundesliga Fantasy, we would love a bundesliga FanTeam game like the one you have for the premier league!",,0,0,0,"<a href=""http://twitter.com/download/iphone"" rel=""nofollow"">Twitter for iPhone</a>",,False,461,522
1.6184E+18,2023-01-26 00:16:48+00:00,DeglingoMPG,@geofv83 Jeu global long terme et la puissance du fantasy en Angleterre ! Tout simplement la premier league quoi !,,0,0,0,"<a href=""http://twitter.com/download/iphone"" rel=""nofollow"">Twitter for iPhone</a>",damien@deglingosorare.com,False,9418,574
1.61884E+18,2023-01-27 05:11:16+00:00,FaktTech,"~RAN vs SYL Dream11 Prediction, Fantasy Cricket Tips, Dream11 Team, Playing XI, Pitch Report, Injury Update- Bangladesh Premier League~
https://t.co/F0BypcC0E6
#News #Information #Business #Travel #Food #Sports #Cricket #Student #Health #Infotech #WFH #Marketing

RAN vs... https://t.co/ZfEVfFx9eZ","['News', 'Information', 'Business', 'Travel', 'Food', 'Sports', 'Cricket', 'Student', 'Health', 'Infotech', 'WFH', 'Marketing']",0,0,0,"<a href=""https://techfakt.com"" rel=""nofollow"">TechFakt</a>",,False,124,5
1.61991E+18,2023-01-30 04:06:58+00:00,CricAngel2020,"DD vs RAN Dream11 Prediction, Fantasy Cricket Tips, Dream11 Team, Playing XI, Pitch Report, Injury Update- Bangladesh Premier League https://t.co/GJAT9L4sOX",,0,0,0,"<a href=""http://publicize.wp.com/"" rel=""nofollow"">Jetpack.com</a>",,False,241,96
1.62003E+18,2023-01-30 12:02:50+00:00,FTMarkets,Premier League backs Sorare’s NFT fantasy football game despite crypto crash https://t.co/smBeid4mIv,,0,1,0,"<a href=""http://www.socialflow.com"" rel=""nofollow"">SocialFlow</a>",London,True,29986,151
1.62003E+18,2023-01-30 12:11:14+00:00,newsfet777,"Solare Partners with Premier League on NFT Fantasy Football Game
https://t.co/DEPvEkttNh",,0,0,0,"<a href=""https://mobile.twitter.com"" rel=""nofollow"">Twitter Web App</a>",United States,False,84,7
1.62003E+18,2023-01-30 12:23:33+00:00,xplatformgames,Sorare partners with Premier League for Web3 fantasy sports https://t.co/cD3gljta2s,,0,0,0,"<a href=""https://dlvrit.com/"" rel=""nofollow"">dlvr.it</a>",NYC,False,391,233
1.62004E+18,2023-01-30 12:35:44+00:00,EzzaSorare,The Premier League has come to the greatest fantasy platform in the World #sorare #PremierLeague #sorareprem,"['sorare', 'PremierLeague', 'sorareprem']",0,0,0,"<a href=""https://mobile.twitter.com"" rel=""nofollow"">Twitter Web App</a>",United Kingdom,False,26,144
1.62004E+18,2023-01-30 12:35:50+00:00,TheTangerineOne,Fantasy Premier League players everywhere currently evaluating where their premium defender funds can be spent!,,0,0,0,"<a href=""https://about.twitter.com/products/tweetdeck"" rel=""nofollow"">TweetDeck</a>","Blackpool, England",False,48,200
1.62004E+18,2023-01-30 12:36:34+00:00,LiangPupu,The English Premier League strikes a four-year deal with blockchain fantasy sports startup Sorare; sources say Sorare will pay tens of millions per year (Financial Times) https://t.co/DPQquNtyr7,,0,0,0,"<a href=""http://www.powerapps.com"" rel=""nofollow"">Microsoft Power Platform</a>","Frankfurt am Main, Deutschland",False,338,41
1.62004E+18,2023-01-30 12:51:30+00:00,AIHammer,The English Premier League strikes a four-year deal with blockchain fantasy sports startup Sorare; sources say Sorare will pay tens of millions per year (Financial Times) https://t.co/1HWZ2bKKxR,,0,0,0,"<a href=""https://ifttt.com"" rel=""nofollow"">IFTTT</a>",,False,18594,1410
1.62004E+18,2023-01-30 13:01:04+00:00,StartFreshHere,Sorare teams up with the Premier League for its NFT fantasy football game https://t.co/G2vXyOIK7V https://t.co/EuL6Mkltrw,,0,0,0,"<a href=""https://dlvrit.com/"" rel=""nofollow"">dlvr.it</a>",Wherever Wi-Fi exists,False,36443,34539
1.62005E+18,2023-01-30 13:20:59+00:00,worlab1,"Sorare teams up with the Premier League for its NFT fantasy football game
https://t.co/kj43tj9NXV",,0,0,0,"<a href=""https://pipedream.com"" rel=""nofollow"">Pipedream, Inc</a>",🗺,False,60,26
1.62006E+18,2023-01-30 14:04:37+00:00,prodigy8_t,Sorare partners with Premier League for Web3 fantasy sports https://t.co/2ybNsYexnA https://t.co/4zWkRcJzRs,,0,0,0,"<a href=""https://social-dog.net/"" rel=""nofollow"">SocialDog for Twitter</a>","Philadelphia, PA",False,635,1432
1.62006E+18,2023-01-30 14:13:34+00:00,garcia0000434,Sorare partners with Premier League for Web3 fantasy sports https://t.co/NMlFTsNMTH,,0,0,0,"<a href=""http://publicize.wp.com/"" rel=""nofollow"">Jetpack.com</a>",,False,0,17
1.62007E+18,2023-01-30 14:36:47+00:00,themetav3rse,"JUST IN: Sorare, the NFT-based fantasy sports game, has signed a multi-year deal with the Premier League that will see the world’s top soccer league license official player cards. https://t.co/Oc84UPbb5R",,23,118,7,"<a href=""https://mobile.twitter.com"" rel=""nofollow"">Twitter Web App</a>",,False,73758,1212
1.62007E+18,2023-01-30 14:41:30+00:00,Meta2140English,"Premier League confirms deal with NFT fantasy league Sorare
.
https://t.co/J5Q4QKsffB",,0,0,0,"<a href=""https://www.make.com"" rel=""nofollow"">Make (formerly Integromat)</a>",2140,False,3728,2817
1.62007E+18,2023-01-30 14:41:31+00:00,Meta2140_Polska,"🇵🇱 Premier League potwierdza umowę z NFT fantasy league Sorare #polska #kryptowaluty #nftpoland #krypto #bitcoinpolska #Polska #biznes 

https://t.co/fk1K9hSBNc","['polska', 'kryptowaluty', 'nftpoland', 'krypto', 'bitcoinpolska', 'Polska', 'biznes']",0,0,0,"<a href=""https://www.make.com"" rel=""nofollow"">Make (formerly Integromat)</a>",,False,4506,832
1.62009E+18,2023-01-30 15:55:14+00:00,CriptoBrasil,#Notícias Premier League e Sorare fecham parceria para o lançamento de NFTs dos craques do futebol inglês no fantasy game https://t.co/NIuArI908N,['Notícias'],0,0,0,"<a href=""http://criptonoticias.com.br/"" rel=""nofollow"">Twitter CriptoBrasil</a>",Brazil,False,1451,2
1.6201E+18,2023-01-30 16:41:55+00:00,bizrateinsights,Sorare teams up with the Premier League for its #NFT fantasy football game https://t.co/kW5NlRAFcv via @TechCrunch #EPL,"['NFT', 'EPL']",0,6,1,"<a href=""https://www.hootsuite.com"" rel=""nofollow"">Hootsuite Inc.</a>",California,False,765,398
1.62012E+18,2023-01-30 18:02:40+00:00,eyedology,Premier League signs deal with NFT-based fantasy soccer game des… https://t.co/L0ZCKk5fyu #bitcoin #Crypto #ADOPTION,"['bitcoin', 'Crypto', 'ADOPTION']",0,0,2,"<a href=""https://mobile.twitter.com"" rel=""nofollow"">Twitter Web App</a>",#Hearts and #Minds,False,401,2126
1.62014E+18,2023-01-30 19:23:04+00:00,Crypto_W3_News,"Premier League signs deal with NFT-based fantasy soccer game despite crypto downturn

https://t.co/rzcoufo9MI",,0,0,0,"<a href=""https://yekta-it.de/?app/crypto"" rel=""nofollow"">Crypto in Media</a>",,False,240,3515
1.62022E+18,2023-01-31 00:24:10+00:00,datos_digital,Sorare partners with Premier League for Web3 fantasy sports : #analytics #googleads #facebookads https://t.co/ZC7QunrDEZ,"['analytics', 'googleads', 'facebookads']",0,0,0,"<a href=""https://socialbee.com/"" rel=""nofollow"">SocialBee</a>",Australia,False,6390,3236
1.62022E+18,2023-01-31 00:51:02+00:00,Busines65959783,"Premier League Signs NFT Agreement with Fantasy Sports Platform ""Sorare""
https://t.co/udBbg9PSBN",,0,1,0,"<a href=""https://mobile.twitter.com"" rel=""nofollow"">Twitter Web App</a>",United Kingdom,False,512,112
1.62027E+18,2023-01-31 03:48:07+00:00,icoinmarket1,Sorare Partners With The Premier League For a Fantasy Football Game https://t.co/YgLzT2ZN3G,,0,0,0,"<a href=""https://ifttt.com"" rel=""nofollow"">IFTTT</a>",Worldwide,False,97,120
1.62027E+18,2023-01-31 03:57:45+00:00,areeyakulchai,"Premier League เซ็นสัญญา Sorare ขายการ์ดนักเตะเป็น NFT จัดลีกแข่ง Fantasy ได้ https://t.co/etbuFCIegi

ลีกฟุตบอล Premier League ของอังกฤษ เซ็นสัญญากับ Sorare บริษัทเกมกีฬา web3/blockchain เป็นระยะเวลานาน 4 ปี ให้อนุญาตนำข้อมูลนักเตะและการแข่งขันไปขายเป็… https://t.co/s9Xoidqz8w",,0,0,0,"<a href=""https://ifttt.com"" rel=""nofollow"">IFTTT</a>",THAILAND,False,3,57
1.62031E+18,2023-01-31 06:19:47+00:00,danpi,"Premier League signs deal with NFT-based fantasy soccer game despite crypto downturn
 https://t.co/G40yQAuJ7v",,0,0,0,"<a href=""http://twitter.com/download/iphone"" rel=""nofollow"">Twitter for iPhone</a>","Seattle, WA",False,1085,1649
1.62031E+18,2023-01-31 06:28:20+00:00,ATGBrokers,News (Premier League signs deal with NFT-based fantasy soccer game despite crypto downturn) has been published on https://t.co/RaBjl5DDcP - https://t.co/oxkVGvuFlD,,0,0,0,"<a href=""https://atgbrokers.eu"" rel=""nofollow"">my24group - Breaking News</a>",on Earth! ,False,127,259
1.62031E+18,2023-01-31 06:49:34+00:00,LiveNFTnews,NFT News Premier League Parteners with Fantasy Sports Sorare for launching NFTs | Bitdeal | NFT news https://t.co/Lc8DdTYPf4 #NFT #NFTcommunity #NFTgiveaway,"['NFT', 'NFTcommunity', 'NFTgiveaway']",0,3,0,"<a href=""https://ifttt.com"" rel=""nofollow"">IFTTT</a>",England,False,605,386
1.62032E+18,2023-01-31 07:28:53+00:00,JoeSmit27977592,"On January 30, Sorare, a Paris-based startup specializing in blockchain-based fantasy football games, announced its partnership with the Premier League, the top tier of English football leagues. The collaboration will launch digital cards featuring # #

https://t.co/PjbE7wZYQi",,0,0,0,"<a href=""https://www.blog2social.com"" rel=""nofollow"">Blog2Social APP</a>","Boston, Massachusetts ",False,33,0
1.62037E+18,2023-01-31 10:50:36+00:00,TranlesaEx,"Premier League Ignores Crypto Chaos, Backs Sorare's NFT Fantasy ... - Cryptonews https://t.co/bjprq8Wf1w",,0,0,0,"<a href=""https://dlvrit.com/"" rel=""nofollow"">dlvr.it</a>","Vilnius, Lithuania",False,680,327
1.62038E+18,2023-01-31 10:56:18+00:00,JaniG74096240,English Premier League Partners with Fantasy Game Sorare https://t.co/wpsDkoZi2i,,0,0,0,"<a href=""http://publicize.wp.com/"" rel=""nofollow"">Jetpack.com</a>",,False,4,13
1.62038E+18,2023-01-31 11:02:02+00:00,ruttahs,"Non-fungible token (NFT)-based fantasy game and marketplace Sorare: Football has partnered with the Premier League in a multi-year licensing deal - crypto drama or not. 
 Fans can build custom teams to win ""big rewards"" as if they were professional club… https://t.co/wkSW5SSahI",,0,2,0,"<a href=""https://dlvrit.com/"" rel=""nofollow"">dlvr.it</a>",Around the Blockchain,False,685,758
1.62039E+18,2023-01-31 11:44:04+00:00,GlobalMediaBuzz,"Premier League backs Sorare’s NFT fantasy football game despite crypto crash via @FT #sports #soccer #UKSoccer #FanEngagement #NFTs ⁦@premierleague⁩
⁦@Sorare⁩  https://t.co/Ugt5s5Vr5n","['sports', 'soccer', 'UKSoccer', 'FanEngagement', 'NFTs']",0,0,0,"<a href=""http://twitter.com/download/iphone"" rel=""nofollow"">Twitter for iPhone</a>","Manhattan, NY",False,2411,2702
1.62039E+18,2023-01-31 12:08:13+00:00,polycarbide,fantasy premier leagueでエリクセンとムドリクで悩んでムドリクにしてて、どっちかと言えば正解だったけど哀しい正解だな…。,,0,0,0,"<a href=""http://twitter.com/download/iphone"" rel=""nofollow"">Twitter for iPhone</a>",OIT→TKB→HKT→KRT→NKR,False,1133,2869
1.6204E+18,2023-01-31 12:46:59+00:00,peterxing,Premier League signs deal with NFT-based fantasy soccer game Sorare https://t.co/6Aa9RynCrO,,0,1,0,"<a href=""http://twitter.com/download/iphone"" rel=""nofollow"">Twitter for iPhone</a>","Sydney, Australia",False,23903,26226
1.62043E+18,2023-01-31 14:39:45+00:00,gameinn_co,"Sorare has signed a contract with the English Premier League

@Sorare is the largest NFT sports platform where users can buy soccer players cards and compete against each other in a Fantasy Football game.

👇More details
https://t.co/da6aBDAADf

#GameInn #news #GameFi https://t.co/QdGWnbeQRU","['GameInn', 'news', 'GameFi']",1,25,5,"<a href=""https://mobile.twitter.com"" rel=""nofollow"">Twitter Web App</a>",,False,798,116
1.62044E+18,2023-01-31 15:05:58+00:00,Atatepanda,Ku email komangodzadza ma message aku LinkedIn ndi Premier league fantasy 💔 https://t.co/cfh6EMyTeW,,1,12,0,"<a href=""http://twitter.com/download/android"" rel=""nofollow"">Twitter for Android</a>",Malawi,False,3237,5002
1.62046E+18,2023-01-31 16:15:30+00:00,RNDM_com,"Alert 🚨The PREMIER LEAGUE has Landed🚨 Alert

Join the most immersive fantasy football platform today!

If you like #FPL you will absolutely LOVE #Sorare join my Sorare league to compete for great prizes! 

F2P Join here: https://t.co/iRyfyvdG1y

#PremierLeague #F2P #NFTs https://t.co/HqkPymIjOd","['FPL', 'Sorare', 'PremierLeague', 'F2P', 'NFTs']",2,7,1,"<a href=""https://mobile.twitter.com"" rel=""nofollow"">Twitter Web App</a>",Metaverse,False,603,1920
1.62054E+18,2023-01-31 21:33:08+00:00,asia_cryptos,Premier League Strikes an NFT Deal With Fantasy Sports and Marketplace Game Sorare https://t.co/gShJMpvpmC,,0,0,0,"<a href=""http://publicize.wp.com/"" rel=""nofollow"">Jetpack.com</a>","NY, USA",False,19,0
1.62061E+18,2023-02-01 02:17:46+00:00,AhnaHendrix,The Premier League returns Friday! Got my fantasy team all lined up with some exciting changes… It’s hilarious how obsessed I’ve become 🤪🥳 #noSuchThingAsTooManyInterests,['noSuchThingAsTooManyInterests'],0,1,0,"<a href=""http://twitter.com/download/iphone"" rel=""nofollow"">Twitter for iPhone</a>",,False,32739,10315
1.62072E+18,2023-02-01 09:39:46+00:00,reinouttebrake,"Premier League-Sorare: Multi-Year NFT Fantasy Soccer Partnership's Implications for Web3, NFTs, and Blockchain Games. Read more here! https://t.co/pCSwI2DIZ4 

#blockchain #startup #success #people #paris #sorare #NFT #soccer #crypto #web3 #premierleague","['blockchain', 'startup', 'success', 'people', 'paris', 'sorare', 'NFT', 'soccer', 'crypto', 'web3', 'premierleague']",1,2,1,"<a href=""https://mobile.twitter.com"" rel=""nofollow"">Twitter Web App</a>","Haarlem, the Netherlands",False,19721,12056
1.62076E+18,2023-02-01 12:33:32+00:00,der_hoeker,#News #fantasygame NFT Fantasy Game Sorare Partners With Premier League for Multi-Year Licensing Deal https://t.co/mVbd3AI4EJ,"['News', 'fantasygame']",0,0,0,"<a href=""https://dlvrit.com/"" rel=""nofollow"">dlvr.it</a>",,False,158,301
1.62076E+18,2023-02-01 12:34:29+00:00,BobbyLSomers,NFT Fantasy Game Sorare Partners With Premier League for Multi-Year Licensing Deal https://t.co/9OJ6bAexVa,,0,0,0,"<a href=""https://ifttt.com"" rel=""nofollow"">IFTTT</a>","Huntsville, AL",False,70,213
1.62076E+18,2023-02-01 12:38:26+00:00,bitcoinagile,NFT Fantasy Game Sorare Partners With Premier League for Multi-Year Licensing Deal  News #bitcoin News #News #fantasygame #NBA #nft https://t.co/r6KaHUQyV8 https://t.co/k4irpiiIvd,"['bitcoin', 'News', 'fantasygame', 'NBA', 'nft']",0,2,0,"<a href=""http://bitcoinagile.com"" rel=""nofollow"">bitcoinagile</a>",Matter Doesn't Matter,False,66973,14197
1.62076E+18,2023-02-01 12:41:42+00:00,hypercardhero,"NFT platform Sorare signs deal with Premier League - Sorare is a fantasy sports game based on NFT (Non-Fungible Tokens). The idea is to bring the Panini album of yesteryear to #Web3. 
#NFTs #blockchain  #web3 https://t.co/TB33vxjMFU","['Web3', 'NFTs', 'blockchain', 'web3']",1,2,0,"<a href=""https://mobile.twitter.com"" rel=""nofollow"">Twitter Web App</a>","München, Bayern",False,1566,440
1.62078E+18,2023-02-01 13:28:27+00:00,faisalscrypto,NFT Fantasy Game Sorare Partners With Premier League for Multi-Year Licensing Deal https://t.co/d3CIlEWWrE,,0,0,0,"<a href=""https://ifttt.com"" rel=""nofollow"">IFTTT</a>","Sydney, Australia",False,173,81
1.62079E+18,2023-02-01 14:10:37+00:00,PalaceFCRooter,"Ahamada’s Fantasy Premier League details revealed
#CrystalPalace #CPFC
https://t.co/NXzmFOTHWr","['CrystalPalace', 'CPFC']",0,1,0,"<a href=""https://help.twitter.com/en/using-twitter/how-to-tweet#source-labels"" rel=""nofollow"">Crystal Palace Rooter</a>",contact@sportsrooter.com,False,40,2
1.62079E+18,2023-02-01 14:38:12+00:00,ManUtdRooter,"Revealed: Sabitzer’s Fantasy Premier League price
#MUFC
https://t.co/48bRHzaX99",['MUFC'],0,0,0,"<a href=""https://help.twitter.com/en/using-twitter/how-to-tweet#source-labels"" rel=""nofollow"">Manchester United Rooter</a>",contact@sportsrooter.com,False,112,2
1.6208E+18,2023-02-01 14:58:09+00:00,shy2matlala,The way I'm so over Fantasy Premier League. I'm so lazy and uninterested to pick my squads.,,0,0,0,"<a href=""http://twitter.com/download/android"" rel=""nofollow"">Twitter for Android</a>",retweet button,False,376,339
1.62081E+18,2023-02-01 15:39:00+00:00,manutdnewsonly,Revealed: Sabitzer’s Fantasy Premier League price #MUFC #ManUTD #ManchesterUnited https://t.co/g2qcuheucy,"['MUFC', 'ManUTD', 'ManchesterUnited']",0,1,0,"<a href=""https://socialbee.com/"" rel=""nofollow"">SocialBee</a>",,False,31635,5209
1.62085E+18,2023-02-01 18:05:06+00:00,kryptotodaycom,"NFT Fantasy Game Sorare Partners With Premier League for Multi-Year Licensing Deal

https://t.co/H6gRcT3T06 https://t.co/IKIJRPFatz",,0,0,0,"<a href=""http://twitter.com/download/iphone"" rel=""nofollow"">Twitter for iPhone</a>",Worldwide,False,1474,0
1.62091E+18,2023-02-01 22:02:38+00:00,AGemsx100,"#NFT Fantasy Game Sorare Partners With Premier League for Multi-Year Licensing Deal 😱
#BTC #ETH #NFTs #BNB #Crypto #CryptoNews #Bullish https://t.co/u1IRsSikJD","['NFT', 'BTC', 'ETH', 'NFTs', 'BNB', 'Crypto', 'CryptoNews', 'Bullish']",5,11,0,"<a href=""https://mobile.twitter.com"" rel=""nofollow"">Twitter Web App</a>",,False,1052,63
1.62094E+18,2023-02-02 00:01:43+00:00,ruskinfelix,Sorare seals partnership with the English Premier League to issue Ethereum-based digital player cards for its popular fantasy sports platform. #Blockchain #ethereum #crypto #NFTs #btc #eth #nftcommunity #nftcollector #nftartist #digitalart #Binance #NFTart #NFTproject https://t.co/q4P5Kx3U8T,"['Blockchain', 'ethereum', 'crypto', 'NFTs', 'btc', 'eth', 'nftcommunity', 'nftcollector', 'nftartist', 'digitalart', 'Binance', 'NFTart', 'NFTproject']",0,9,0,"<a href=""https://www.later.com"" rel=""nofollow"">LaterMedia</a>",United States,False,4853,2581
1.62094E+18,2023-02-02 00:18:33+00:00,RudiHar58799108,Join me and win a big stable of FPL Coins. You can earn FPL Coins for free on WonderBoy i AppStore and swap it to FPL Coins on the blockchain. https://t.co/0FUO2dSb31 #prize #win #fantasy #premier #league #wonderboy,"['prize', 'win', 'fantasy', 'premier', 'league', 'wonderboy']",0,0,0,"<a href=""https://mobile.twitter.com"" rel=""nofollow"">Twitter Web App</a>",INDONESIA,False,252,2826
1.62126E+18,2023-02-02 21:26:59+00:00,ThunderLips3000,"@deancore Credit where credit is due, you saved me points on fantasy Premier League lol 🤙🏼",,0,1,0,"<a href=""http://twitter.com/download/iphone"" rel=""nofollow"">Twitter for iPhone</a>",,False,1426,1438
1.62158E+18,2023-02-03 18:49:15+00:00,icobattle,"Premier League Ignores Crypto Chaos, Backs Sorare's NFT Fantasy Football Game in a Bold Move https://t.co/ziGpNsp0YW",,0,3,0,"<a href=""https://contentstudio.io"" rel=""nofollow"">ContentStudio.io</a>","San Francisco, CA",False,767,214
1.62163E+18,2023-02-03 22:18:25+00:00,trenry14,@talkSPORT It’s a team of expensive maybes thrown together like a football manager game. Potter is not up to it be in truth who is.Getting a successful premier league team is not fantasy football and until Boehly realise this Chavski will continue on their current form.,,0,0,0,"<a href=""http://twitter.com/download/iphone"" rel=""nofollow"">Twitter for iPhone</a>",Uk,False,40,36
1.62187E+18,2023-02-04 14:07:49+00:00,VUSportOfficial,"NEW vs WHU | Newcastle United vs West Ham United | Premier League | Fantasy Picks

Check out our preview in the thread below, as we cover:

- Top Picks
- Grand League Picks
- Captaincy Picks

#PremierLeague #NEWWHU https://t.co/378BHqprRO","['PremierLeague', 'NEWWHU']",0,0,1,"<a href=""https://mobile.twitter.com"" rel=""nofollow"">Twitter Web App</a>",,False,5938,46
1.62189E+18,2023-02-04 15:15:10+00:00,JazminGaribay,Rashford is my hero today in Fantasy Premier League,,0,0,0,"<a href=""http://twitter.com/download/iphone"" rel=""nofollow"">Twitter for iPhone</a>",,False,2404,1467
1.62192E+18,2023-02-04 17:17:25+00:00,NattyReignTV,My Fantasy Premier League team is in shambles right now.,,0,0,0,"<a href=""http://twitter.com/download/android"" rel=""nofollow"">Twitter for Android</a>","Home, Midgard",False,862,840
1.62194E+18,2023-02-04 18:34:22+00:00,laurendascalo1,Join me and win a big stable of FPL Coins. You can earn FPL Coins for free on WonderBoy i AppStore and swap it to FPL Coins on the blockchain. https://t.co/6NIvDi1uqv #prize #win #fantasy #premier #league #wonderboy,"['prize', 'win', 'fantasy', 'premier', 'league', 'wonderboy']",0,0,0,"<a href=""http://twitter.com/download/android"" rel=""nofollow"">Twitter for Android</a>","Dinajpur, Bangladesh",False,367,4094
1.62196E+18,2023-02-04 19:44:54+00:00,Spacepalsdao,"9/ @Sorare secured a 4-year deal worth £150M with the English Premier League for NFT collections.

This deal will allow users to collect and trade official Premier League-licensed NFTs representing players from top-tier teams and use them in Sorare’s fantasy football game",,0,4,2,"<a href=""http://twitter.com/download/iphone"" rel=""nofollow"">Twitter for iPhone</a>",,False,15415,8
1.62227E+18,2023-02-05 16:16:11+00:00,GRANDTIMEORG,"The fantasy football platform Sorare has signed a partnership agreement with the English Premier League.
Plans for a four-year contract worth 120 million pounds (almost $ 150 million). #grandtime #EPL https://t.co/U1anlCzhmz","['grandtime', 'EPL']",23,28,2,"<a href=""http://twitter.com/download/iphone"" rel=""nofollow"">Twitter for iPhone</a>",USA,False,3323,83
1.62229E+18,2023-02-05 17:41:10+00:00,welbeast11,How many of you play fantasy premier league .@OfficialFPL https://t.co/qFIH52LxjL,,1,4,3,"<a href=""http://twitter.com/download/android"" rel=""nofollow"">Twitter for Android</a>","London, England",False,6066,2376
1.62237E+18,2023-02-05 22:49:19+00:00,icobattle,NFT Fantasy Game Sorare Partners With Premier League for Multi-Year Licensing Deal – News Bitcoin News – Crypto Invest Tech % https://t.co/riknW3gUow,,0,2,0,"<a href=""https://contentstudio.io"" rel=""nofollow"">ContentStudio.io</a>","San Francisco, CA",False,767,214
1.62239E+18,2023-02-06 00:14:52+00:00,zaitouncf,how dare you say this about our captain in the premier league fantasy :/,,0,0,1,"<a href=""http://twitter.com/download/iphone"" rel=""nofollow"">Twitter for iPhone</a>",,False,194,188
1.62241E+18,2023-02-06 01:30:02+00:00,wenmint_nft,"Sorare, the $4.3 billion fantasy soccer game, has signed a four-year deal with the Premier League that will see the world’s top soccer league license official player cards despite the market conditions. ⚽ 

Read in detail here: https://t.co/lFPvjv34Dq https://t.co/yd7hcTigQu",,0,3,0,"<a href=""https://buffer.com"" rel=""nofollow"">Buffer</a>",Metaverse,False,12770,1427
1.62253E+18,2023-02-06 09:55:12+00:00,NftSwiss,"Sorare, a Paris-based fantasy NFT game startup, has closed a deal with the soccer Premier League of the U.K. to use its likenesses as part of its gaming platform. https://t.co/mroftpVaRJ #cryptoanarchy #animation #cryptotraders #nftsstories #generativeart","['cryptoanarchy', 'animation', 'cryptotraders', 'nftsstories', 'generativeart']",0,0,0,"<a href=""https://contentstudio.io"" rel=""nofollow"">ContentStudio.io</a>",Switzerland,False,388,11
1.62316E+18,2023-02-08 03:09:15+00:00,crypto_earniing,Join me and win a big stable of FPL Coins. You can earn FPL Coins for free on WonderBoy i AppStore and swap it to FPL Coins on the blockchain. https://t.co/OH5VrAztHW #prize #win #fantasy #premier #league #wonderboy,"['prize', 'win', 'fantasy', 'premier', 'league', 'wonderboy']",0,0,0,"<a href=""http://twitter.com/download/android"" rel=""nofollow"">Twitter for Android</a>",,False,16,307
1.62333E+18,2023-02-08 14:25:34+00:00,IleneJide,@UTDRBRRJP89 @hndjon01 @AliceTalksFooty No one will expel City from the Premier league. They won't dare! Your fantasy bible is gonna so burst!!,,0,0,1,"<a href=""https://mobile.twitter.com"" rel=""nofollow"">Twitter Web App</a>",,False,79,549
1.62361E+18,2023-02-09 09:00:24+00:00,dlysearchtrends,"Top 10 searches in Malaysia 🇲🇾

1️⃣ Fantasy Premier League
2️⃣ VfL Bochum vs Dortmund
3️⃣ Google Pixel 7 Pro
4️⃣ Harry Potter game Hogwarts Legacy
5️⃣ Jujutsu Kaisen
6️⃣ Elliot Gindi
7️⃣ Kamn Ismail
8️⃣ Man United vs Leeds United
9️⃣ Lakers
🔟 Kiara Advani",,0,0,0,"<a href=""https://example.com"" rel=""nofollow"">dailysearchtrends</a>",,False,1852,0
1.62368E+18,2023-02-09 13:57:57+00:00,MurraysWhoTweet,"No change at the top of the Murrays Who Tweet Fantasy Premier League but notable climbers in 2nd, 3rd &amp; 4th, not least Andrew Murray's HaalandGlobetrotters who were top points scorers with an impressive 101 https://t.co/6bz9xtipCD",,1,6,0,"<a href=""https://mobile.twitter.com"" rel=""nofollow"">Twitter Web App</a>",Murrays globally,False,4596,5042
1.62404E+18,2023-02-10 13:22:59+00:00,plf_gr,"Διπλές αγωνιστικές, κενές αγωνιστικές, μεταγραφές, triple captain και βοήθειες, πανικός! #Fantasy #Wildcard #Premier_League #Analysis #PLFans #Free_Hit #Bench_Boost #Triple_Captain https://t.co/BT4g3GzQkO","['Fantasy', 'Wildcard', 'Premier_League', 'Analysis', 'PLFans', 'Free_Hit', 'Bench_Boost', 'Triple_Captain']",0,1,0,"<a href=""http://www.premierleaguefans.gr"" rel=""nofollow"">PLF GR Twitter</a>",Greece,False,89,329
1.6245E+18,2023-02-11 19:48:50+00:00,y_oungboy,The players that I sold on my fantasy premier league are now suddenly performing well.,,0,0,1,"<a href=""http://twitter.com/download/android"" rel=""nofollow"">Twitter for Android</a>",DARKSIDE 📍,False,1382,968
1.6248E+18,2023-02-12 16:16:32+00:00,VictorAfaka,"@0xKazo Fantasy premier league
It's a football related tweet bro😅",,0,1,1,"<a href=""http://twitter.com/download/android"" rel=""nofollow"">Twitter for Android</a>",The Moon,False,628,491
1.62485E+18,2023-02-12 19:15:00+00:00,Sulls99,@Mahrez22 I chose you as my captain in the Fantasy Premier League. You have brought me 20 points so far. I trust you against Arsenal.,,0,0,0,"<a href=""http://twitter.com/download/iphone"" rel=""nofollow"">Twitter for iPhone</a>",Kingdom Saudi Arabia,False,244,731
1.62546E+18,2023-02-14 11:24:31+00:00,UtterlyTC,"@_fantasyED Roses are red,
The day’s full of intrigue,
Will you whisper those three little words to me please…?
….
Fantasy Premier League.",,0,2,0,"<a href=""http://twitter.com/download/iphone"" rel=""nofollow"">Twitter for iPhone</a>",England,False,13554,1345
1.62568E+18,2023-02-15 02:13:21+00:00,AmosCote9,"The bcci has clarified to the women's premier league (wpl) franchises that it can involve commercial associations with fantasy sports, but must avoid involving with cryptocurrencies, betting, gambling, real money and tobacco sectors.",,0,0,0,"<a href=""http://twitter.com/download/android"" rel=""nofollow"">Twitter for Android</a>",,False,20,91
1.62614E+18,2023-02-16 08:24:48+00:00,BFCPolls2023,"FANTASY PREMIER LEAGUE 
Gameweek (23) - Top half League Table

#fantasypremierleague #barnsleyfc https://t.co/PX8t5wMTDB","['fantasypremierleague', 'barnsleyfc']",1,2,0,"<a href=""http://twitter.com/download/android"" rel=""nofollow"">Twitter for Android</a>",,False,2230,2286
1.62635E+18,2023-02-16 22:30:00+00:00,ScousersUS,"oin Macka and the crew live for the Thursday Podcast at 8 PM ET and then stick around for the Fantasy Premier League Show at 9 PM ET. Both will live on FB, Twitter and Youtube. Subscribe to our YouTube page today!

https://t.co/NlqxYVPUZR https://t.co/ShWFmqd9gb",,0,0,0,"<a href=""https://mobile.twitter.com"" rel=""nofollow"">Twitter Web App</a>",,False,1301,1829
1.62691E+18,2023-02-18 11:55:00+00:00,FPLSupercharge,"Don't miss the Gameweek deadline! Get the edge with the help of FPL Supercharge. Get the data driven tips, stats, and team selection advice for Fantasy Premier League at https://t.co/RcJmLJt0Dn. 

#FPLCommunity",['FPLCommunity'],0,0,0,"<a href=""https://mobile.twitter.com"" rel=""nofollow"">Twitter Web App</a>",,False,295,313
1.62698E+18,2023-02-18 16:20:01+00:00,Sheffield888_PL,Piękny ten slot o 16 w kontekście Fantasy Premier League 🙃,,0,0,0,"<a href=""http://twitter.com/download/android"" rel=""nofollow"">Twitter for Android</a>",Polska,False,428,801
1.62706E+18,2023-02-18 21:34:01+00:00,yasero_thfc,"@mbulski23 ""Fantasy Premier League. Zasady gry i strategie"" to prawie to samo co ""Fantasy Premier League. 14 sezonów samotności"", ja bym im dał 0.5 punkta za starania",,0,2,1,"<a href=""https://mobile.twitter.com"" rel=""nofollow"">Twitter Web App</a>","Łódzkie, Polska",False,966,460
1.62738E+18,2023-02-19 18:36:28+00:00,prediction_xyz,The total adressable market for fantasy football is huge. Fantasy premier league (the largest fantasy football company) alone has more then 10mio active users and an annual revenue of 800mio - 1bn $. (4) https://t.co/a1kbZG2QxV,,0,2,1,"<a href=""http://twitter.com/download/android"" rel=""nofollow"">Twitter for Android</a>",,False,508,683
1.62761E+18,2023-02-20 09:59:06+00:00,GutshotMagazine,"BCC vs WGC Dream11 Prediction, BYJUS Guwahati Premier League 2023 Match 7 Best Fantasy Picks!

BCC vs WGC: https://t.co/Zjp7JTJnKZ

#BCCvsWGC #Cricket #BYJUSGuwahati","['BCCvsWGC', 'Cricket', 'BYJUSGuwahati']",0,0,0,"<a href=""https://mobile.twitter.com"" rel=""nofollow"">Twitter Web App</a>",India,False,492,328
1.62816E+18,2023-02-21 22:37:36+00:00,jamielonz,@BriShaw81 Before the game I transferred him in to my fantasy premier league team after recent form but he was shocking tonight and will be lucky to play one of the two games in the game week 😩,,0,0,0,"<a href=""http://twitter.com/download/iphone"" rel=""nofollow"">Twitter for iPhone</a>","Whitton, England",False,127,364
1.62822E+18,2023-02-22 02:18:04+00:00,mmotohas,"ゲーム攻略にSnowflakeを活用ｗ楽しいですね！ #SnowflakeDB
Fantasy Premier League With Snowflake, Streamlit &amp; Python | by Alexander Jaballah | Feb, 2023 | Medium https://t.co/ZHDHp9Plkc",['SnowflakeDB'],0,2,0,"<a href=""https://mobile.twitter.com"" rel=""nofollow"">Twitter Web App</a>",神奈川,False,1502,608
1.62838E+18,2023-02-22 12:56:35+00:00,RotoWireSoccer,"Fantasy Premier League Player Rankings: Gameweek 25
https://t.co/LXtRjXUlQr",,0,0,0,"<a href=""http://www.rotowire.com/soccer"" rel=""nofollow"">Breaking News Soccer</a>",,False,3790,437
1.62876E+18,2023-02-23 13:55:29+00:00,woolenbullet,"Bet he would have loved Fantasy Premier League...
https://t.co/e72F5B3YOs",,0,0,0,"<a href=""http://twitter.com/download/android"" rel=""nofollow"">Twitter for Android</a>",Newcastle Upon Tyne,False,217,1850
1.62904E+18,2023-02-24 08:32:16+00:00,IndySport,"Fantasy Premier League tips for GW25 including Bowen, Zinchenko, Cunha and more https://t.co/p2mMl6xdwK https://t.co/G7XMSUzTT9",,0,0,0,"<a href=""https://www.echobox.com"" rel=""nofollow"">Echobox</a>","London, England",True,31026,265
1.62907E+18,2023-02-24 10:48:08+00:00,Bet1015com,https://t.co/y406HnF2i2 News Premier League fantasy football tips: What to do with Harry Kane? https://t.co/AZf0nLXnOI https://t.co/rmZk2j1Wne,,0,0,0,"<a href=""https://dlvrit.com/"" rel=""nofollow"">dlvr.it</a>",UK,False,849,1836
1.62907E+18,2023-02-24 10:50:06+00:00,BBCFoot,Premier League fantasy football tips: What to do with Harry Kane? https://t.co/t8kSajtLn0,,0,0,0,"<a href=""http://feeds.bbci.co.uk/sport/football/"" rel=""nofollow"">BBC Football Feed</a>",,False,154,0
1.62907E+18,2023-02-24 11:02:17+00:00,FPLMattDay,FPL LIVE DOUBLE GAMEWEEK 25 DEADLINE STREAM | FANTASY PREMIER LEAGUE 2022-2023 https://t.co/r376qqdyjt,,0,0,0,"<a href=""https://periscope.tv"" rel=""nofollow"">Periscope</a>","Melbourne, Victoria",False,1776,979
1.6291E+18,2023-02-24 12:26:18+00:00,soccer411,Premier League fantasy football tips: What to do with Harry Kane? https://t.co/EN5fS4mSbM https://t.co/jEQQ1gPP4R,,0,0,0,"<a href=""https://dlvrit.com/"" rel=""nofollow"">dlvr.it</a>",Johannesburg,False,11323,703
1.62911E+18,2023-02-24 13:23:36+00:00,davidvizgan,@ChessProblem Fantasy Premier League in honor of @MagnusCarlsen,,0,3,0,"<a href=""http://twitter.com/download/iphone"" rel=""nofollow"">Twitter for iPhone</a>","Champaign, IL",False,402,395
1.6295E+18,2023-02-25 15:16:59+00:00,shaunsky_,someone should create a fantasy premier league of DJs and the most common picks link up and do a party in summer.,,8,15,1,"<a href=""http://twitter.com/download/iphone"" rel=""nofollow"">Twitter for iPhone</a>",-,False,530,251
1.62953E+18,2023-02-25 17:07:11+00:00,ronisacoolguy1,Firpo with a great performance and his first ever fantasy premier league haul 💪💪💪 #lufc https://t.co/4y7OVXfHvA,['lufc'],0,0,0,"<a href=""http://twitter.com/download/iphone"" rel=""nofollow"">Twitter for iPhone</a>","Jeddah, Kingdom of Saudi Arabia",False,260,377
1.62954E+18,2023-02-25 17:56:30+00:00,laurendascalo1,Join me and win a big stable of FPL Coins. You can earn FPL Coins for free on WonderBoy i AppStore and swap it to FPL Coins on the blockchain. https://t.co/6NIvDi0WAX #prize #win #fantasy #premier #league #wonderboy,"['prize', 'win', 'fantasy', 'premier', 'league', 'wonderboy']",0,0,0,"<a href=""http://twitter.com/download/android"" rel=""nofollow"">Twitter for Android</a>","Dinajpur, Bangladesh",False,367,4094
1.62973E+18,2023-02-26 06:39:32+00:00,DD_FaFa_,How to Build A Fantasy Premier League Team with Data Science https://t.co/k9Eqg97FWj,,1,6,0,"<a href=""https://twitter.com/DD_FaFa_"" rel=""nofollow"">dyqKUK4NiO</a>",Australia,False,27820,13640
1.63003E+18,2023-02-27 02:09:16+00:00,DelbosqueF1,"@Alfonso_esp19 Deberían aprenderle al de la Premier League, joya de app de fantasy",,0,1,1,"<a href=""http://twitter.com/download/android"" rel=""nofollow"">Twitter for Android</a>",,False,88,177
1.63018E+18,2023-02-27 12:23:02+00:00,WORLDNE10696852,"CCC vs WGC Dream11 Prediction, Fantasy Cricket Tips, Dream11 Team, Playing XI, Pitch Report, Injury Update- BYJU’S Guwahati Premier League T20 Match 14
https://t.co/0NEXHK78KZ",,0,0,0,"<a href=""https://mobile.twitter.com"" rel=""nofollow"">Twitter Web App</a>",United Kingdom,False,103,3
1.6303E+18,2023-02-27 19:56:08+00:00,reddit_datasets,Dataset for Premier League for building a Fantasy Football Model https://t.co/yNMjGyEulk,,0,0,0,"<a href=""https://dlvrit.com/"" rel=""nofollow"">dlvr.it</a>",,False,362,1
1.6305E+18,2023-02-28 09:17:13+00:00,JonW99735800,"Fantasy Cricket Tips, Today’s Playing 11, Player Stats, Pitch Report for Guwahati Premier League 2023, Match 20 https://t.co/xzcCIbeOtC",,0,0,0,"<a href=""http://publicize.wp.com/"" rel=""nofollow"">Jetpack.com</a>",,False,10,17
1.63093E+18,2023-03-01 14:05:15+00:00,FanTeamOfficial,"⭐️ || 𝗦𝗧𝗔𝗥 𝗣𝗜𝗖𝗞 𝗙𝗥𝗘𝗘𝗥𝗢𝗟𝗟 || ⭐️

We’re giving all Fanteam customers 3️⃣ 𝗙𝗥𝗘𝗘 entries to this Saturday’s Star Pick Freeroll - which has a £250.00 prizepool.

Pick which player you think scores the most fantasy points from Saturday’s 5x 3pm Premier League games.",,7,31,2,"<a href=""https://twitter.com"" rel=""nofollow"">Twitter for Advertisers</a>",strictly 18+ only,False,14543,179
1.63099E+18,2023-03-01 18:07:24+00:00,CastorFunny,⚽️ Put your Premier League knowledge to the ultimate test. Play your cards right to build a fantasy legacy and unlock once-in-a-lifetime rewards.,,0,0,0,"<a href=""https://mobile.twitter.com"" rel=""nofollow"">Twitter Web App</a>",France,False,177,3060
1.63108E+18,2023-03-01 23:56:08+00:00,LBeadman,@StoolFootball Monopolistic licensing and the Premier League's  reluctance to innovate has meant Sky and BT have forced all but the richest company to ever exist out of buying rights to televise games in UK. Sky pay £1.2bn per year to broadcast. Fantasy world when people are using food banks.,,0,0,0,"<a href=""https://mobile.twitter.com"" rel=""nofollow"">Twitter Web App</a>",Bournemouth,False,172,807
1.63122E+18,2023-03-02 09:15:43+00:00,MurraysWhoTweet,"Another week over in the Murrays Who Tweet Fantasy Premier League and no change at the top. Special mention to Ceri Murray's Murray Utd, who scored 126 points this week, lifting them off the bottom of the table. Might be the highest weekly points total ever in our little league! https://t.co/Iu0vulbu1q",,0,2,0,"<a href=""https://mobile.twitter.com"" rel=""nofollow"">Twitter Web App</a>",Murrays globally,False,4596,5042
1.63127E+18,2023-03-02 12:23:19+00:00,FWPPremLeague,NEWS: Premier League fantasy football tips: It might be time to use those wildcards (via BBC Sport) https://t.co/0r2B7YAuqd,,0,0,0,"<a href=""https://www.footballwebpages.co.uk"" rel=""nofollow"">Football Web Pages</a>",,False,1267,64
1.63128E+18,2023-03-02 12:57:34+00:00,luminousstarch,"Penentuan Captain pada Permainan Fantasy Premier League Menggunakan Metode Perhitungan Expected Return

Udah dicoba di GW23 dan 25, suksess 👌🏻 kayanya bakal sering gua pake, kalau gak mager wkwk https://t.co/mO0zlR72QZ",,0,0,0,"<a href=""https://mobile.twitter.com"" rel=""nofollow"">Twitter Web App</a>",Indonesia,False,301,304
1.63136E+18,2023-03-02 18:07:04+00:00,LazyFPL,"Prompt: A Fantasy Premier League manager pondering life

Note the total absence of joy. https://t.co/28N3x43DWO",,0,2,1,"<a href=""https://mobile.twitter.com"" rel=""nofollow"">Twitter Web App</a>",,False,5399,183
1.63158E+18,2023-03-03 09:09:12+00:00,sanalnly,"Fantasy Premier League 2022/23: Gameweek 26 tips and advice from experts | Football News
https://t.co/J7hMcsATOL https://t.co/kbW2On9oUv",,0,0,0,"<a href=""https://cherumbu.com/"" rel=""nofollow"">Cherumbu News</a>","Dubai, United Arab Emirates",False,2628,1665
1.6316E+18,2023-03-03 09:59:55+00:00,Seotoptoolzcom,Fantasy Premier League 2022/23: Gameweek 26 tips and advice from experts | Football News https://t.co/yjodo4CDBh,,0,0,0,"<a href=""http://publicize.wp.com/"" rel=""nofollow"">Jetpack.com</a>","Punjab, Pakistan",False,39,337
1.63169E+18,2023-03-03 16:34:54+00:00,PlayFTC,"Fantasy Teams Challenge Gameweek 25 standings, for both Premier League and Championship. 🔢

#FTC #Standings #GW25 https://t.co/9dexrqJw6b","['FTC', 'Standings', 'GW25']",0,2,0,"<a href=""http://twitter.com/download/android"" rel=""nofollow"">Twitter for Android</a>",Algeria,False,19,21
1.6319E+18,2023-03-04 06:02:49+00:00,sportz_point,"Seeking a fourth Premier League win on the bounce to remain in control of their title destiny, Arsenal welcome relegation-threatened Bournemouth to the Emirates on Saturday afternoon.

EPL Match Preview, Predicted Line-ups, and Fantasy XI ⏬
https://t.co/hya7vA6v97",,0,1,1,"<a href=""http://twitter.com/download/android"" rel=""nofollow"">Twitter for Android</a>",kolkata,False,796,797
1.63198E+18,2023-03-04 11:44:41+00:00,VijayiBhawa_,"😍Announcing the WIPL Leaderboard, Phase 1 🎉

Vijayi Bhawa pe aaj se shuru ho raha hai Womens Premier League T20 Leaderboard #1, aur prizes hain 3 Lakh tak ke!

Join karo apney WIPL ke contests keval Vijayi Bhawa aur bano fantasy Cricket ke #AsliVijayta🏆 https://t.co/UZ3XxAOa9q",['AsliVijayta'],0,1,0,"<a href=""https://mobile.twitter.com"" rel=""nofollow"">Twitter Web App</a>",India,False,36,23
1.632E+18,2023-03-04 13:05:39+00:00,GQuinney,"Top 50 managers (of 157) @ChateauBauduc Fantasy Premier League pre gameweek 26, post gw25.

Oops - so busy messing with my wildcard I forgot to take the screenshot before now.
What fun 🙄

Good luck all🤞

Bugsy Quinney No 1!
@sjw8169 2
@ColinBrw 5 
@BauducAnge 9

#bauducfpl #FPL https://t.co/8E92CdSFWE","['bauducfpl', 'FPL']",0,5,3,"<a href=""http://twitter.com/download/iphone"" rel=""nofollow"">Twitter for iPhone</a>","Bordeaux, France",False,31,53
1.63207E+18,2023-03-04 17:09:20+00:00,oierfano,@ibrahKmussa @OfficialFPL But occasionally that’s an assist in Fantasy Premier League.,,0,0,2,"<a href=""http://twitter.com/download/iphone"" rel=""nofollow"">Twitter for iPhone</a>",Madrid/San Sebastián,True,56670,30381
1.63245E+18,2023-03-05 18:20:56+00:00,MrSidG,"@PrincessMia729 @OfficialFPL One rule of fantasy Premier League
Never select United and Tottenham players",,0,1,1,"<a href=""http://twitter.com/download/android"" rel=""nofollow"">Twitter for Android</a>","Toronto, Ontario",False,166,286
1.63252E+18,2023-03-05 23:07:18+00:00,SteviestStevie,"If your sub gets -1 in fantasy premier league he won’t come on for a player that didn’t play who got 0 will he?

Because I’ll be getting -1 for Shaw if that’s the case which would suck",,0,1,0,"<a href=""http://twitter.com/download/iphone"" rel=""nofollow"">Twitter for iPhone</a>",London,False,1995,685
1.63259E+18,2023-03-06 03:52:05+00:00,CricktaleO,"BCC vs CCC Dream11 Prediction Today Match, Dream11 Team Today, Fantasy Cricket Tips, Pitch Report- BYJU’s Guwahati Premier League T20, Match https://t.co/T8gskuHuPH https://t.co/cvEEAVEEfL",,0,0,0,"<a href=""https://revive.social/"" rel=""nofollow"">Revive Social App</a>",,False,296,599
1.63273E+18,2023-03-06 12:51:42+00:00,CricktaleO,"GTC vs NYC Dream11 Prediction Today Match, Dream11 Team Today, Fantasy Cricket Tips, Pitch Report- BYJU’s Guwahati Premier League T20, Match https://t.co/ADz73ZEsLF https://t.co/CLD9zIxlP4",,0,0,0,"<a href=""https://revive.social/"" rel=""nofollow"">Revive Social App</a>",,False,296,599
1.63283E+18,2023-03-06 19:36:06+00:00,Uchechukwuikec2,"Hello, For the 2022/23 Fantasy Premier League why don't you join my mini-league ""Uchedonking""? Joining the league couldn't be easier. Simply use the link below and you'll be added automatically after you've entered the game. https://t.co/xJX1ZzMLAD League Code: 4gnr4p",,0,0,0,"<a href=""http://twitter.com/download/android"" rel=""nofollow"">Twitter for Android</a>",,False,70,94
1.63284E+18,2023-03-06 20:19:54+00:00,fischer_fpl,Fantasy Premier League isn‘t logic and fair. 🤷‍♂️💩 #FantasyFootball #FPL,"['FantasyFootball', 'FPL']",0,0,1,"<a href=""http://twitter.com/download/iphone"" rel=""nofollow"">Twitter for iPhone</a>",,False,144,504
1.63292E+18,2023-03-07 02:00:00+00:00,ipl2023_news,"Navi Mumbai Premier League Match 15, T20: Fantasy Cricket Tips, Today’s Playing 11 and Pitch Report for AMA vs MBL Dream11 P ... https://t.co/uA1c55xBL6 #AmbernathAvengers #Dream11PredictionCricket #MiraBhayanderLions #NaviMumbaiPremierLeagueT20 #Preview #IPL2023 #TATAIPL #IPL","['AmbernathAvengers', 'Dream11PredictionCricket', 'MiraBhayanderLions', 'NaviMumbaiPremierLeagueT20', 'Preview', 'IPL2023', 'TATAIPL', 'IPL']",0,1,0,"<a href=""https://newsline.news/"" rel=""nofollow"">TV6News</a>",India,False,346,0
1.63353E+18,2023-03-08 18:18:06+00:00,Csr3_,"Mi objetivo para este cierre de Premier League -además de ver a mi Arsenal campeón- será terminar lo más cerca posible o adelante de @PepedelBosque en el Fantasy. 

97 lugares, 58 puntos, 11 jornadas por jugar. https://t.co/8Esd2LFkC6",,0,0,0,"<a href=""http://twitter.com/download/iphone"" rel=""nofollow"">Twitter for iPhone</a>",México,False,304,279
1.63412E+18,2023-03-10 09:12:36+00:00,sunnyvempalli,Fantasy Premier League 2022/23: Gameweek 27 tips and advice from experts | Football News https://t.co/4MMVwFgVtJ,,0,0,0,"<a href=""http://publicize.wp.com/"" rel=""nofollow"">Jetpack.com</a>",,False,163,1771
1.63412E+18,2023-03-10 09:17:33+00:00,Minhajtechnica1,Fantasy Premier League 2022/23: Gameweek 27 tips and advice from experts | Football News https://t.co/GhPeORT3Dj,,0,0,0,"<a href=""http://publicize.wp.com/"" rel=""nofollow"">Jetpack.com</a>",,False,0,1
1.63416E+18,2023-03-10 11:51:45+00:00,NewsFootball365,#football Premier League fantasy football tips: Is it time to take Erling Haaland out of your team? https://t.co/xoRBdyitOf,['football'],0,0,0,"<a href=""https://ifttt.com"" rel=""nofollow"">IFTTT</a>",London,False,1390,1661
1.63449E+18,2023-03-11 09:52:35+00:00,iamhassan_91,1hour to go fantasy premier league captain game week 27 who ? I,,0,1,0,"<a href=""http://twitter.com/download/iphone"" rel=""nofollow"">Twitter for iPhone</a>",Nigeria,False,13309,5942
1.6345E+18,2023-03-11 10:21:30+00:00,IamPrinceSanya,"That is my premier league fantasy team, post a better one
#saka #haaland 
#CRYMCI https://t.co/Vumi1tS04t","['saka', 'haaland', 'CRYMCI']",0,2,0,"<a href=""http://twitter.com/download/android"" rel=""nofollow"">Twitter for Android</a>","Kampala, Uganda",False,3950,4165
1.63453E+18,2023-03-11 12:21:19+00:00,SiTith,"I just supported @fplgeneral on @buymeacoffee! 🎉 

FPL GENERAL is creating Fantasy Premier League content. You can support by buying a coffee ☕️ here — https://t.co/6qdvJ7aiNb",,0,0,1,"<a href=""http://twitter.com/download/iphone"" rel=""nofollow"">Twitter for iPhone</a>",Leeds,False,34,251
1.63458E+18,2023-03-11 15:38:23+00:00,JovanTod,Najbolji potez na Premier league fantasy koji sam napravio je što sam izbavio Kejna i ubacio Salaha kao kapitena,,0,0,0,"<a href=""http://twitter.com/download/android"" rel=""nofollow"">Twitter for Android</a>",,False,272,549
1.63499E+18,2023-03-12 18:30:11+00:00,Silent_Wolf10,"Sometimes I don’t understand the juju with the Fantasy Premier League. Martinelli was in my squad for several weeks even though he was underperforming. I decided to replace him with Saka and here we go, Martinelli is back. 🥲🥲😭",,0,1,0,"<a href=""http://twitter.com/#!/download/ipad"" rel=""nofollow"">Twitter for iPad</a>","Accra, Ghana",False,7385,6001
1.635E+18,2023-03-12 19:38:46+00:00,Aktieing,"Tappade nästan sugen på Fantasy Premier League förra veckan när jag sålt Salah för Kane inför Man U matchen.

Nu blev det lite bättre. #ffpl https://t.co/DBuQDVsWG3",['ffpl'],0,1,1,"<a href=""http://twitter.com/download/android"" rel=""nofollow"">Twitter for Android</a>",,False,5649,444
1.63529E+18,2023-03-13 14:53:03+00:00,nammangoyal,"@Ashneer_Grover (former CEO of BharatPe) has raised $4Mn for his new venture CrickPe 

CrickPe focuses on fantasy sports and it will launch just ahead of the Indian Premier League (IPL)

What are your thoughts?

#ashneergrover #bharatpe #thirdunicorn #zappinvest https://t.co/dtZK1W4kCh","['ashneergrover', 'bharatpe', 'thirdunicorn', 'zappinvest']",0,1,0,"<a href=""http://twitter.com/download/android"" rel=""nofollow"">Twitter for Android</a>",,False,27,67
1.63581E+18,2023-03-15 00:48:11+00:00,wyloguj_sie,"@Witkowski_P @fplpoland Z drugiej strony Fantasy Premier League jest produktem Premier League, a wg PL Solly March strzelił gola. 

Przegraliśmy bitwę, ale wojna jeszcze trwa 💪🪖",,0,0,0,"<a href=""http://twitter.com/download/android"" rel=""nofollow"">Twitter for Android</a>",,False,1108,432
1.63582E+18,2023-03-15 01:50:06+00:00,fplfighter,"@LetsTalk_FPL @OfficialFPL @OfficialFPL: I quoted the relevant T&amp;C and Rules in Fantasy Website as follows:
The Game Rules
15. The Premier League will be the sole decision-maker of any matter of interpretation of the Game Rules and any aspect of the content of, or playing of, the Game. (continued)",,0,1,1,"<a href=""https://mobile.twitter.com"" rel=""nofollow"">Twitter Web App</a>","Hanoi, Vietnam",False,25,152
1.63594E+18,2023-03-15 10:03:46+00:00,FantasyGully,"Women's Premier League, 2023 | Match 13 |
UP Warriorz vs Royal Challengers Bangalore
For Fantasy Tips, Dream11 Predictions, and Player Stats visit Fantasy Gully. 💥💰
https://t.co/tafVWSZaBz 

Full Analysis🎥📹   
https://t.co/CRCyy9IvnA

#WPL2023 #WomensIPL https://t.co/IFKsQt1pWd","['WPL2023', 'WomensIPL']",0,0,0,"<a href=""https://mobile.twitter.com"" rel=""nofollow"">Twitter Web App</a>",India,False,244,3
1.63598E+18,2023-03-15 12:34:11+00:00,samcro_AM,"@OfficialFPL Yep, Fantasy Premier League definitely run by corrupt Tories confirmed...",,0,0,0,"<a href=""https://mobile.twitter.com"" rel=""nofollow"">Twitter Web App</a>",London,False,67,245
1.63599E+18,2023-03-15 12:57:47+00:00,Johanfre02,"If a decision has been proven wrong and changed from The Premier League’s Goal Accreditation Appeals Panel then why is it not possible to change for Fantasy Premier League if the gameweek is not over yet?

 #FPL #FPLCommunity #FPLSverige 

2/3 ⤵️","['FPL', 'FPLCommunity', 'FPLSverige']",0,0,1,"<a href=""https://mobile.twitter.com"" rel=""nofollow"">Twitter Web App</a>","Borås, Sverige",False,264,1126
1.636E+18,2023-03-15 13:50:59+00:00,FpLtickle,"@Joccki_FPL All of those were ‘assists’ which is a separate subject due to ‘fantasy assist’ rules being different from Premier League.
March is the first time a goal was given  but no FPL points 🤣",,0,0,0,"<a href=""http://twitter.com/download/iphone"" rel=""nofollow"">Twitter for iPhone</a>","London, England",False,3114,4969
1.63641E+18,2023-03-16 17:01:29+00:00,3addedminutes,"👇 Fantasy Premier League Gameweek 28 is just around the corner. In this week's preview we cover:

🤔 Who to captain
🃏 Free hit and wildcard strategies
✅❌ Who to transfer in and out
🌟 Our starting XI

#FPL #GW28

https://t.co/aOz2TXXAHh","['FPL', 'GW28']",11,39,1,"<a href=""https://mobile.twitter.com"" rel=""nofollow"">Twitter Web App</a>",,False,436,50
1.63663E+18,2023-03-17 07:11:34+00:00,sunnyvempalli,Fantasy Premier League 2022/23: Gameweek 28 tips and advice from experts | Football News https://t.co/RfwxPNJsqF,,0,0,0,"<a href=""http://publicize.wp.com/"" rel=""nofollow"">Jetpack.com</a>",,False,163,1771
1.63663E+18,2023-03-17 07:11:37+00:00,deenavijayendra,Fantasy Premier League 2022/23: Gameweek 28 tips and advice from experts | Football News https://t.co/YaE5YM3Fjd,,0,0,0,"<a href=""http://publicize.wp.com/"" rel=""nofollow"">Jetpack.com</a>",,False,90,778
1.63679E+18,2023-03-17 17:55:26+00:00,PlayFTC,"Fantasy Teams Challenge Gameweek 27 results, for both Premier League and Championship. 🥅

#FTC #Results #GW27 https://t.co/jKGt16Bq7v","['FTC', 'Results', 'GW27']",0,0,0,"<a href=""http://twitter.com/download/android"" rel=""nofollow"">Twitter for Android</a>",Algeria,False,19,21
1.63702E+18,2023-03-18 09:03:55+00:00,VUSportOfficial,"VUSport Football Preview ⚽️

SOU vs TOT Fantasy Prediction: Premier League | Southampton vs Tottenham Hotspur Match Preview

- Can Southampton upset Spurs ? 
- Vice-Captain Son or Ward-Prowse? 🤔
- Best fantasy picks from Southampton? 

Video 👉 https://t.co/lIbqoIusoP… https://t.co/CYhBvJGZHY",,0,0,0,"<a href=""https://mobile.twitter.com"" rel=""nofollow"">Twitter Web App</a>",,False,5938,46
1.63713E+18,2023-03-18 16:28:12+00:00,BadmusIbrahimb1,"@OverworldPlay has raised $2.5M with the help of @XterioGames, allowing OverWorld to build the premier Web3 online RPG set in a deep fantasy universe built by top-tier talent who worked on League of Legends, Starfield, and Skyrim.
As y’all know great projects take time to build.",,0,0,1,"<a href=""http://twitter.com/download/iphone"" rel=""nofollow"">Twitter for iPhone</a>",Webaverse,False,503,1087
1.63742E+18,2023-03-19 11:38:21+00:00,latestly,"GG-W vs UPW-W, Dream11 Team Prediction WPL 2023: Tips To Pick Best Fantasy Playing XI for Gujarat Giants vs UP Warriorz, Women’s Premier League Inaugural Season Match 17

@GujaratGiants @UPWarriorz @wplt20 #GGvUPW #WPL #WPL2023 #TATAWPL #TATAWPL2023

https://t.co/I7XqZ8ptIJ","['GGvUPW', 'WPL', 'WPL2023', 'TATAWPL', 'TATAWPL2023']",0,0,0,"<a href=""https://about.twitter.com/products/tweetdeck"" rel=""nofollow"">TweetDeck</a>","Mumbai, India",True,75101,353
1.63757E+18,2023-03-19 21:23:46+00:00,worldnews_guru,Fantasy Premier League 2022/23: Gameweek 26 tips and advice from experts https://t.co/TqX8ooqdt7 #sports,['sports'],0,0,0,"<a href=""https://revive.social/"" rel=""nofollow"">Revive Social App</a>",,False,2562,1
1.63866E+18,2023-03-22 21:55:48+00:00,gfcmasters,@RugbyInsideLine @therugbymag They should hire the developers from fantasy premier league to produce a better more intuitive product. (E.g. standardised pricing) Then they should get all clubs to promote it and run it through the premiership website. Pointless relaunching without putting more effort in.,,0,2,0,"<a href=""http://twitter.com/download/iphone"" rel=""nofollow"">Twitter for iPhone</a>",,False,1,134
1.6393E+18,2023-03-24 16:17:27+00:00,mark_scoz,"@Keglin @alistaircoleman starting at least 1 short is the key to being the worst team. eg the last time I signed up to fantasy premier league, I'd keep up for a month or so, lose interest and have half my players injured.",,0,0,0,"<a href=""https://mobile.twitter.com"" rel=""nofollow"">Twitter Web App</a>",Liverpool,False,282,656
1.63932E+18,2023-03-24 17:49:14+00:00,ColmVHayes,"Fantasy Premier League Double Gameweek 34 announced

Man City 💠 Ful (A), Whu (H)

Man Utd 🏮 Avl (H), Bha (A)

Liverpool 🐦 Tot (H), Ful (H)

Brighton 🌞 WOL (H), MUN (H)

Fulham 🐖 Mci (H), Liv (A)

West Ham 🔨 Cry (A), Mci (A)

#fpl #dgw34 #fixtures #fantasypl #gw34","['fpl', 'dgw34', 'fixtures', 'fantasypl', 'gw34']",4,39,2,"<a href=""https://mobile.twitter.com"" rel=""nofollow"">Twitter Web App</a>",Ireland,False,20865,629
1.63935E+18,2023-03-24 19:16:23+00:00,musa_hamisy,Premier league and Fantasy Premier league badgeless???? What'd I miss,,0,0,0,"<a href=""http://twitter.com/download/android"" rel=""nofollow"">Twitter for Android</a>",In my feelings,False,2377,2158
1.6403E+18,2023-03-27 10:45:20+00:00,aminebenbrahim3,"Fantasy Premier League managers take note! Harry Kane is on fire with 4 goals out of 5 shots on target. And don't sleep on Alexander Isak who's the top pick among forwards for DGW29, with 2 goals and 13 points in his last game. 🔥⚽ #FPL #HarryKane #AlexanderIsak #DGW29""","['FPL', 'HarryKane', 'AlexanderIsak', 'DGW29']",0,1,0,"<a href=""http://twitter.com/download/iphone"" rel=""nofollow"">Twitter for iPhone</a>",,False,15,184
1.64094E+18,2023-03-29 04:42:04+00:00,king_sadashiva,"Any fantasy league players ? #IPL2023 
It's game on! Think you can beat me in the Indian Premier League 2023? Tap https://t.co/Fb7iquUDw3 to join my Private Contest &amp; show your skills!",['IPL2023'],1,1,3,"<a href=""http://twitter.com/download/iphone"" rel=""nofollow"">Twitter for iPhone</a>","San Francisco, CA",False,7360,1076
1.64169E+18,2023-03-31 06:20:44+00:00,bbcprem,PREM: Premier League fantasy football tips: Time to play bench boost? https://t.co/fEMUjFoCEx,,0,0,0,"<a href=""https://ifttt.com"" rel=""nofollow"">IFTTT</a>",,False,18472,0
1.64173E+18,2023-03-31 09:00:01+00:00,FutBlogFifa,"Sky Sports continues its weekly column, bringing you essential tips from the best Fantasy Premier League managers in the world.FPL experts Holly Shand and FPL Family answer the burning questions...

 Please use Chrome browser for a more #premierleague

https://t.co/OBBgA335gc",['premierleague'],0,0,0,"<a href=""https://www.blog2social.com"" rel=""nofollow"">Blog2Social APP</a>","Miami, FL",False,674,362
1.64174E+18,2023-03-31 09:31:55+00:00,AndreasHopen_,"@Urzaiz @ViaplayJonas @ChrHunstad Viaplay Fantasy Premier League Pod. Finnast på spotify, podkastapper og alt!",,0,1,0,"<a href=""http://twitter.com/download/iphone"" rel=""nofollow"">Twitter for iPhone</a>","Oslo, Norge",False,1855,740
1.64178E+18,2023-03-31 12:19:46+00:00,thundhaa,"#IPL
#IPL2023
Any one up for a bit of fun in the Fantasy Premier League?!? 
If so, leave your league code as a comment.
Thanks..","['IPL', 'IPL2023']",0,0,6,"<a href=""http://twitter.com/download/android"" rel=""nofollow"">Twitter for Android</a>",Nong Na Kham Udon Thani ,False,118,366
1.64178E+18,2023-03-31 12:45:05+00:00,OfficialFPL,"@_the_bigboy Team 'lemon head', watch out... 👀",,1,10,0,"<a href=""https://mobile.twitter.com"" rel=""nofollow"">Twitter Web App</a>",,False,5125480,23
1.64204E+18,2023-04-01 05:56:27+00:00,MarJanWSK,"Fantasy premier league DGW29 https://t.co/XfuOm7xXbF przez @YouTube @RafalZiemianski @CpntFplPodcast @fplpoland @FanatykFPL 
Zapraszam do obejrzenia materiału o dgw29!",,0,0,0,"<a href=""http://twitter.com/download/iphone"" rel=""nofollow"">Twitter for iPhone</a>",Ireland,False,108,724
1.64205E+18,2023-04-01 06:07:21+00:00,BatXSword,"@KKRSince2011 It's game on! Think you can beat me in the Indian Premier League Daily Fantasy 2023? Tap https://t.co/rVPO0EBezB to join my Private League &amp;amp; show your skills!

Isme karle join",,0,0,0,"<a href=""https://mobile.twitter.com"" rel=""nofollow"">Twitter Web App</a>",In Your Screen,False,2623,1401
1.64216E+18,2023-04-01 13:35:19+00:00,FanTeamOfficial,"⏰ || You have just 25 minutes to finalise and enter your teams to our Gameweek 2️⃣9️⃣ Fantasy Premier League 𝗠𝗘𝗚𝗔 𝗠𝗢𝗡𝗦𝗧𝗘𝗥.

🏟 9 EPL games
💷 £2 &amp; £25 buy-in available
🎁 £6K &amp; £25,000 prize pools

Put your #FPL &amp; #DFS skills to the ultimate test this weekend…","['FPL', 'DFS']",0,2,0,"<a href=""https://twitter.com"" rel=""nofollow"">Twitter for Advertisers</a>",strictly 18+ only,False,14543,179
1.64217E+18,2023-04-01 14:14:44+00:00,FMLFPL,@GianniButtice happens to the best of us !,,0,1,0,"<a href=""https://about.twitter.com/products/tweetdeck"" rel=""nofollow"">TweetDeck</a>",United States,False,23828,997
1.64218E+18,2023-04-01 15:06:42+00:00,FMLFPL,bah god,,0,11,1,"<a href=""https://mobile.twitter.com"" rel=""nofollow"">Twitter Web App</a>",United States,False,23828,997
1.64219E+18,2023-04-01 15:25:12+00:00,FMLFPL,oh my god,,0,3,0,"<a href=""https://mobile.twitter.com"" rel=""nofollow"">Twitter Web App</a>",United States,False,23828,997
1.64219E+18,2023-04-01 15:38:57+00:00,OfficialFPL,"Goal - KRISTENSEN
Assist - none

Arsenal 3-1 Leeds (76 mins)

#FPL #ARSLEE","['FPL', 'ARSLEE']",33,671,58,"<a href=""https://www.spredfast.com/"" rel=""nofollow"">Khoros Publishing</a>",,False,5125479,23
1.64219E+18,2023-04-01 15:45:07+00:00,UgandaFPL,@PremLeaguePanel This side have been the best in the top 6 mini-league. That shows the potential in the squad. The bigger problem has been with Klopp being tactically rigid with together with the tactical team. Good team horrible coaching.,,0,0,1,"<a href=""http://twitter.com/download/android"" rel=""nofollow"">Twitter for Android</a>",,False,1422,3538
1.64221E+18,2023-04-01 16:47:32+00:00,FMLFPL,good move by villa good shot off the bar,,0,3,1,"<a href=""https://twitter.com"" rel=""nofollow"">TweetDeck Web App</a>",United States,False,23828,997
1.64224E+18,2023-04-01 18:38:57+00:00,FMLFPL,@ahuja2687 well i dont think any manager finds a striker in this team because there isnt one,,0,1,1,"<a href=""http://twitter.com/download/iphone"" rel=""nofollow"">Twitter for iPhone</a>",United States,False,23828,997
1.64299E+18,2023-04-03 20:18:50+00:00,FMLFPL,@FPL_Jude haha,,0,0,1,"<a href=""https://about.twitter.com/products/tweetdeck"" rel=""nofollow"">TweetDeck</a>",United States,False,23828,997
1.64299E+18,2023-04-03 20:35:42+00:00,FMLFPL,"@fpl_arthur oh well a lot of seasons spurs are good and play attacking football, not this season, don't know what your point is",,0,0,1,"<a href=""https://about.twitter.com/products/tweetdeck"" rel=""nofollow"">TweetDeck</a>",United States,False,23828,997
1.64299E+18,2023-04-03 20:47:19+00:00,FMLFPL,"omg lucas moura red card hahahaha

10v10 !!!",,0,0,0,"<a href=""https://about.twitter.com/products/tweetdeck"" rel=""nofollow"">TweetDeck</a>",United States,False,23828,997
1.64303E+18,2023-04-03 22:58:49+00:00,DD_Jessica_,How to Build A Fantasy Premier League Team with Data Science https://t.co/yvNkfxKx7b,,0,0,0,"<a href=""https://mobile.twitter.com"" rel=""nofollow"">Twitter Web App</a>",Australia,False,13376,11505
1.64323E+18,2023-04-04 12:32:30+00:00,hey_itts_mee,"(IPL) fantasy league, ICC Men's T20 World Cup, Caribbean Premier League (CPL), Abu Dhabi T20 League, and Super Smash leagues.
#MakeYourTeamOnVision11",['MakeYourTeamOnVision11'],0,0,0,"<a href=""http://twitter.com/download/android"" rel=""nofollow"">Twitter for Android</a>",,False,132,139
1.64329E+18,2023-04-04 16:19:06+00:00,FMLFPL,@jhavfc wtf is this,,0,0,0,"<a href=""http://twitter.com/download/iphone"" rel=""nofollow"">Twitter for iPhone</a>",United States,False,23828,997
1.64333E+18,2023-04-04 19:22:39+00:00,OfficialFPL,"Goal - BARNES
Assist - FAES

Leicester 1-1 Aston Villa (35 mins)

#FPL #LEIAVL","['FPL', 'LEIAVL']",37,914,70,"<a href=""https://www.spredfast.com/"" rel=""nofollow"">Khoros Publishing</a>",,False,5125479,23
1.64335E+18,2023-04-04 20:24:29+00:00,FMLFPL,stretcher coming out for caicedo... not good at all,,0,3,0,"<a href=""https://about.twitter.com/products/tweetdeck"" rel=""nofollow"">TweetDeck</a>",United States,False,23828,997
1.64335E+18,2023-04-04 20:26:06+00:00,FMLFPL,if caicedo ends up missing a lot of matches mac might drop to a deeper CM role and be a lot worse for #FPL,['FPL'],0,7,1,"<a href=""https://about.twitter.com/products/tweetdeck"" rel=""nofollow"">TweetDeck</a>",United States,False,23828,997
1.64336E+18,2023-04-04 20:55:11+00:00,FMLFPL,@BakerFPL343 yeah totally.. youth helps,,0,1,0,"<a href=""https://about.twitter.com/products/tweetdeck"" rel=""nofollow"">TweetDeck</a>",United States,False,23828,997
1.64337E+18,2023-04-04 21:59:17+00:00,FMLFPL,@RomeluL87930569 he never really was a 10,,0,0,0,"<a href=""https://mobile.twitter.com"" rel=""nofollow"">Twitter Web App</a>",United States,False,23828,997
1.64358E+18,2023-04-05 11:43:44+00:00,OfficialFPL,"@LaurensJulien @KellySomers @FPLFamily You know what to do, #FPL managers! Here's to a brilliant season of the #FPLPod! 🤩","['FPL', 'FPLPod']",3,18,0,"<a href=""http://twitter.com/download/android"" rel=""nofollow"">Twitter for Android</a>",,False,5125478,23
1.64363E+18,2023-04-05 15:10:37+00:00,OfficialFPL,"How many players do you have left to play in this evening's fixtures? 🔢

#FPL | #MUNBRE | #WHUNEW https://t.co/jL6QyuwLgh","['FPL', 'MUNBRE', 'WHUNEW']",70,2524,308,"<a href=""https://www.spredfast.com/"" rel=""nofollow"">Khoros Publishing</a>",,False,5125478,23
1.64364E+18,2023-04-05 15:59:55+00:00,OfficialFPL,@FPL_ROMEO How many points do you reckon you'll end with?,,0,4,1,"<a href=""https://about.twitter.com/products/tweetdeck"" rel=""nofollow"">TweetDeck</a>",,False,5125478,23
1.64367E+18,2023-04-05 17:35:31+00:00,OfficialFPL,"Two Spanish stoppers at the top of their game 🧤

Who are you backing at Old Trafford? 🤔

#FPL #MUNBRE https://t.co/TlN5JOsNdz","['FPL', 'MUNBRE']",81,1941,49,"<a href=""https://www.spredfast.com/"" rel=""nofollow"">Khoros Publishing</a>",,False,5125478,23
1.64369E+18,2023-04-05 19:08:34+00:00,FMLFPL,"great goal, great job by ASM we've got our saint max back",,0,3,0,"<a href=""https://about.twitter.com/products/tweetdeck"" rel=""nofollow"">TweetDeck</a>",United States,False,23828,997
1.6437E+18,2023-04-05 19:37:38+00:00,FMLFPL,@FlapjackFpl lmao,,0,2,0,"<a href=""https://about.twitter.com/products/tweetdeck"" rel=""nofollow"">TweetDeck</a>",United States,False,23828,997
1.64375E+18,2023-04-05 22:43:54+00:00,laug1944,"Siemka! Znacie ekosystem projektu @realfevr? Składa się on z trzech filarów: sportowych momentów piłkarskich, Fevr Battle Areny oraz Fantasy Ligi - klasycznego menadżera weekendowego, na wzór Fantasy Premier League.#jointhefevr $FEVR https://t.co/xgxmvsU4WZ",['jointhefevr'],1,2,1,"<a href=""https://mobile.twitter.com"" rel=""nofollow"">Twitter Web App</a>",Polska,False,65,222
1.6438E+18,2023-04-06 01:58:38+00:00,FMLFPL,@ValdiHeidar yep reds,,0,0,0,"<a href=""http://twitter.com/download/iphone"" rel=""nofollow"">Twitter for iPhone</a>",United States,False,23828,997
1.64393E+18,2023-04-06 11:02:25+00:00,OfficialFPL,"Marcus Rashford was transferred out by 216,116 #FPL managers ahead of Gameweek 29 🫣

Hands up if you were feeling regret after his goal against Brentford 🙋‍♂️ https://t.co/jlutTUUeTG",['FPL'],128,3220,94,"<a href=""https://www.spredfast.com/"" rel=""nofollow"">Khoros Publishing</a>",,False,5125478,23
1.64398E+18,2023-04-06 13:55:31+00:00,OfficialFPL,"🔜 Nott'm Forest 🏡
🔥 8 goals in his last 10 matches

Is Ollie Watkins a captaincy option for Gameweek 30? 👀 

#FPL https://t.co/tiMtdOnX6Y",['FPL'],118,3684,56,"<a href=""https://www.spredfast.com/"" rel=""nofollow"">Khoros Publishing</a>",,False,5125478,23
1.64405E+18,2023-04-06 18:44:48+00:00,PhenomWongani,"Hello,

For the 2022/23 Fantasy Premier League why don't you join my mini-league ""THE LEAGUE""?

Joining the league couldn't be easier. Simply use the link below and you'll be added automatically after you've entered the game.

https://t.co/6pSrsK3pcp

League Code: dpeyke",,0,0,0,"<a href=""http://twitter.com/download/android"" rel=""nofollow"">Twitter for Android</a>",Malawi,False,282,290
1.64419E+18,2023-04-07 04:14:08+00:00,XploreMediaUK,https://t.co/7Xf7vGZJXS Fantasy Premier League: Teams and players to target for the end-of-season run-in - The Athletic https://t.co/xaB0CtABA6,,0,0,0,"<a href=""https://dlvrit.com/"" rel=""nofollow"">dlvr.it</a>","Birmingham, England",False,1339,5001
1.64428E+18,2023-04-07 09:48:50+00:00,FPLNym,GW30 TEAM SELECTION | BUY HAALAND? 140 POINTS! Fantasy Premier League Ti... https://t.co/43FWz2dtyn via @YouTube,,1,7,0,"<a href=""http://twitter.com/download/iphone"" rel=""nofollow"">Twitter for iPhone</a>",United Kingdom,False,17192,2371
1.64432E+18,2023-04-07 12:33:40+00:00,XploreMediaUK,https://t.co/7Xf7vGZJXS Premier League Fantasy Picks: Castagne can shine and why ... - https://t.co/37xyONAzfl https://t.co/vfQUvCiXsv,,0,0,0,"<a href=""https://dlvrit.com/"" rel=""nofollow"">dlvr.it</a>","Birmingham, England",False,1339,5001
1.64432E+18,2023-04-07 12:33:44+00:00,MarvoFoot,@OfficialFPL @LaurensJulien @ManCity Fantasy premier league js mainly about statistics,,0,0,0,"<a href=""http://twitter.com/download/iphone"" rel=""nofollow"">Twitter for iPhone</a>",,False,2,6
1.64435E+18,2023-04-07 14:26:15+00:00,Footiecastle,"Find out who should be in your squad for Fantasy Premier League game week 30
https://t.co/AOKLU8Q64q",,5,5,0,"<a href=""https://mobile.twitter.com"" rel=""nofollow"">Twitter Web App</a>",,False,654,665
1.64437E+18,2023-04-07 16:00:53+00:00,FMLFPL,@TheEyeTestFPL ¯\_(ツ)_/¯,,0,0,0,"<a href=""http://twitter.com/download/iphone"" rel=""nofollow"">Twitter for iPhone</a>",United States,False,23828,997
1.64437E+18,2023-04-07 16:15:08+00:00,OfficialFPL,"Most transferred in players ahead of #FPL Gameweek 30 👇

🦁 Watkins - 245,806
🔵 Haaland - 204,517
🔵 Grealish - 197,663
🔴 White - 174,465
🦁 Mings - 158,073 https://t.co/pzyEdhYgYR",['FPL'],217,4992,56,"<a href=""https://www.spredfast.com/"" rel=""nofollow"">Khoros Publishing</a>",,False,5125478,23
1.64443E+18,2023-04-07 19:44:14+00:00,ManUtdScore,Premier League fantasy football tips: Time to give Erling Haaland the armband back?,,0,0,0,"<a href=""https://ifttt.com"" rel=""nofollow"">IFTTT</a>",,False,7,1
1.64445E+18,2023-04-07 21:21:38+00:00,FMLFPL,@ffscout_luke wow def would not have guessed that,,0,0,1,"<a href=""https://mobile.twitter.com"" rel=""nofollow"">Twitter Web App</a>",United States,False,23828,997
1.64468E+18,2023-04-08 12:20:38+00:00,bbcprem,PREM: Fantasy Premier League tips from the world's best FPL players https://t.co/Trsrursxs6,,0,0,0,"<a href=""https://ifttt.com"" rel=""nofollow"">IFTTT</a>",,False,18472,0
1.64468E+18,2023-04-08 12:52:40+00:00,FMLFPL,oliver not booking mctominay there is something that just happened,,1,14,0,"<a href=""https://about.twitter.com/products/tweetdeck"" rel=""nofollow"">TweetDeck</a>",United States,False,23828,997
1.64471E+18,2023-04-08 14:29:32+00:00,FMLFPL,"the one time toney misses a pen is the week when everyone except me sells him

fuck OFF",,1,75,11,"<a href=""https://about.twitter.com/products/tweetdeck"" rel=""nofollow"">TweetDeck</a>",United States,False,23828,997
1.64471E+18,2023-04-08 14:30:31+00:00,FMLFPL,"@FlapjackFpl ""that's fpl baby"" as they say",,0,3,1,"<a href=""https://about.twitter.com/products/tweetdeck"" rel=""nofollow"">TweetDeck</a>",United States,False,23828,997
1.64471E+18,2023-04-08 14:42:38+00:00,FMLFPL,"the most quiet 5.2 midfielder i can remember in #FPL history

he has SEVEN goals and no one owns him and no one talks about him",['FPL'],0,55,19,"<a href=""https://about.twitter.com/products/tweetdeck"" rel=""nofollow"">TweetDeck</a>",United States,False,23828,997
1.64471E+18,2023-04-08 14:45:13+00:00,FMLFPL,@robmangunsong @FPLLens ok nvm in that case!,,0,1,1,"<a href=""https://about.twitter.com/products/tweetdeck"" rel=""nofollow"">TweetDeck</a>",United States,False,23828,997
1.64472E+18,2023-04-08 15:03:18+00:00,FMLFPL,might be an immediate regret for saving and not getting rid of estupinan (my original plan) but there wasn't a clear good pick i could see nor a pick that i loved so saving felt right...,,0,1,3,"<a href=""https://mobile.twitter.com"" rel=""nofollow"">Twitter Web App</a>",United States,False,23828,997
1.64472E+18,2023-04-08 15:22:57+00:00,FMLFPL,"de zerbi is the greatest entertainer in world football

he was fighting with stellini before kickoff today!!! and i think that's his third time sent off????????????",,0,12,1,"<a href=""https://about.twitter.com/products/tweetdeck"" rel=""nofollow"">TweetDeck</a>",United States,False,23828,997
1.64473E+18,2023-04-08 15:54:46+00:00,FMLFPL,"oh my GOD fuck off

this week is hell",,0,49,7,"<a href=""https://about.twitter.com/products/tweetdeck"" rel=""nofollow"">TweetDeck</a>",United States,False,23828,997
1.64473E+18,2023-04-08 16:08:26+00:00,Francis75920089,@FPLFANS1 Bastante localista el arbitraje hoy,,0,2,0,"<a href=""http://twitter.com/download/iphone"" rel=""nofollow"">Twitter for iPhone</a>",,False,48,174
1.64476E+18,2023-04-08 17:44:31+00:00,FMLFPL,and yet haaland gets a yellow for that? ok sure,,0,0,1,"<a href=""https://about.twitter.com/products/tweetdeck"" rel=""nofollow"">TweetDeck</a>",United States,False,23828,997
1.64478E+18,2023-04-08 19:10:58+00:00,OfficialFPL,"🅰️ Four assists

A huge Saturday haul for None 😉

#FPL https://t.co/yfkoJKYMgX",['FPL'],374,8784,125,"<a href=""https://mobile.twitter.com"" rel=""nofollow"">Twitter Web App</a>",,False,5125477,23
